0.010492577,0.02809091,-0.0015144899,0.00032826964,0.018421065,-0.0012924521,0.03879252,0.061827227,-0.018604502,0.0015871791,-0.00038318278,-0.011549673,0.012894566,-0.6184797,-0.0431244,-0.073107556,-0.0060986266,-0.0047148997,-0.009217687,-0.024968266,0.036346983,0.035118118,-0.11076557,-0.019426452,0.00781645,-0.033874433,0.030059628,-0.013306723,-0.0018029197,-0.010547445,0.030112978,-0.021338081,-0.10677079,-0.11113657,-0.0406082,-0.01791852,0.0008571348,-1.0965831,0.09804716,-1.1425774,-0.047024097,-0.049804423,-0.0035115879,-0.011137876,-0.035378736,0.0008095806,0.05313046,0.0034658713,0.022814179,0.018183602,-0.04160403,0.01698366,-0.030350732,0.0011163964,-0.061866246,-0.031629343,-0.3651065,0.013169606,0.021613844,-0.004651202,0.015339152,-0.003605689,0.0043446594,-0.013909486,-0.009298336,0.0008755521,0.002674304,-0.041667085,-0.012851718,-0.020648522,0.0036354975,0.010518506,-0.038210228,-0.01618025,0.09532471,0.034201805,0.021830745,-0.5965359,-0.09761277,-0.011553098,-0.008889524,0.026709745,-0.07176653,-0.027588123,0.0042346483,-0.591291,0.000918249,-0.0016593025,0.0011368517,3.8167454e-06,0.0041084513,-0.02493271,0.020729493,-0.020698292,0.03686955,-0.006852361,-0.04292647,0.0014517459,-0.008315092,0.04257372,0.004156664,-0.0010113505,-0.031076094,-0.047979962,0.021885395,-0.04527769,0.022326762,0.0051075327,-0.074468575,0.03881506,-0.049811114,-0.27738395,-0.044599194,-0.48234692,0.039649624,-0.015435052,-0.0031164868,0.024001412,-0.001936248,0.030504445,0.019397872,0.0010186641,-0.016104609,0.085365996,0.06328756,0.043204233,0.006922686,-0.5721263,-0.026620436,-0.014535346,-0.06521024,0.0052188146,0.00031112923,0.0040428746,-0.041219514,-0.0026984287,0.053624935,-0.056183256,-0.03974025,0.030087512,-0.032312267,0.096377425,0.055077862,0.022396026,0.00565498,-0.062642954,0.004276655,-0.023641301,-0.018682431,0.018484535,-0.020244148,-0.08499103,0.0034720416,0.12271786,-0.26660898,-0.12420139,0.024600346,-0.08601994,0.015886376,-0.0019530858,-0.0029403577,-0.035591092,-0.02608677,0.0035020951,-0.032575943,-0.079625994,-0.028583478,-0.0057895803,-0.0004676435,0.004611247,-0.006189546,0.0063953153,-0.037204176,0.0013751851,-0.03716131,-0.0042164642,-0.0025330808,-0.63995713,-0.0057599153,0.07701878,-0.013636737,-0.0017088555,-0.032950208,0.0064166947,0.024032384,0.015754562,-0.043901768,0.0005368468,-0.066908136,-0.0019998683,0.05510657,-0.016136885,0.012082754,0.0034440826,-0.02076336,-0.045597877,-0.03507429,-1.2201557,-0.7266862,-0.009694412,0.011969411,-0.0022910866,-0.11683425,0.012289109,-0.14781117,-0.052116163,-0.0043753316,0.038520608,-0.781151,-0.020532884,-0.26164952,0.003988512,0.04152774,-0.019630574,0.0016274736,-0.0038645323,0.004596406,-0.057150565,0.066703804,0.025677124,-0.04499714,0.057563487,-0.014385447,0.028108388,-0.022309465,0.00045760904,-0.0102543,0.007810179,0.08517539,0.012804529,0.019154407,-0.0013658401,0.07706034,-0.008052436,-0.030983668,0.055216543,0.027602844,-0.9038188,-0.004823596,0.011272944,0.020866118,-0.0053776894,0.009281136,0.04355113,-0.00013268563,-0.081906445,-0.5007875,-0.01017725,-0.6450505,-0.06267241,0.102391705,-0.013359742,-0.52542156,0.051811554,0.025692636,0.0033672906
0.014147178,0.0030698646,0.001860702,-0.042251382,0.011251187,-0.0028659382,-0.01879981,-0.026015615,-0.027390996,0.0004369779,-5.0422204e-05,0.0026446988,0.021032676,0.05291084,0.026708473,-0.07775327,-0.005334688,0.0008043667,-0.02627836,-0.030266209,0.049975187,-0.006883731,0.085380666,-0.015364573,-0.052111067,0.06522361,0.024583772,-0.037796564,-0.0053855656,-0.0056383223,0.019614752,0.034898743,-0.04067569,-0.12526494,-0.014312201,-0.028872842,0.0005355569,-0.48044315,-0.020293958,-0.10700013,0.047660794,-0.06317085,-0.004580612,-0.011028258,-0.004593347,0.004883112,-0.86294454,0.00077775907,0.004708667,0.013782212,-0.014945008,0.013839824,0.031173592,-0.001291382,-0.051768143,-0.0060517727,-0.4652425,-0.048600733,0.018066395,0.011195375,0.028252242,0.047321264,0.015408703,-0.015688721,0.0545236,-0.0025047348,0.003849651,-0.04544838,-0.006272322,0.0340238,0.001022856,0.020856928,0.020156689,-0.016340857,0.05843539,0.0002797538,0.057417873,-0.22778109,-0.086215526,0.012369803,0.009203053,0.036043532,0.053003605,0.047738187,-0.027449075,-0.60067093,6.25033e-05,-0.007857136,0.03513565,-0.0007114116,0.0017838064,-0.02295443,-0.009734393,-0.021735571,0.013950539,-0.010635511,-0.01544601,0.0042983047,-0.0038242163,-0.19765441,0.0027850475,-0.0067402064,0.004924705,-0.068275444,0.030593896,0.015976835,0.013680524,0.0054446175,-0.05701934,0.058157433,-0.023387868,-0.07821138,0.0028471113,-0.7424219,0.044141497,-0.02369508,0.001131046,0.023606732,-0.0058262986,0.007966899,-0.014378021,-0.011932095,-0.020170888,0.02693696,0.028591434,0.05618869,-0.027459063,-0.16995797,-0.040492028,0.022418333,-0.08298614,0.029352365,5.2573996e-05,-0.026806597,-0.037312042,-0.004805332,0.037312776,-0.014117293,0.00998272,-0.010376183,0.023724968,0.04627563,0.055616632,0.0129716415,0.05068848,-0.03569939,-0.027649151,-0.027919633,-0.039258935,-0.09960049,0.009274469,-0.027899405,0.00147587,0.073818944,-0.032817088,-0.11039052,0.017726967,-0.055408847,0.011506226,0.0016366496,0.002634585,0.033316374,-0.0059675244,0.0015265597,-0.014963613,-0.072736576,-0.02846078,-0.016936423,-0.0032560546,0.0037271345,-0.007930506,-0.0073724426,-0.024182668,0.00033035045,0.0073238537,-0.01051483,-0.0025568989,-1.4032314,0.060239706,-0.27240467,-0.028541552,-0.000384818,-0.03745529,-0.0005048127,0.024057198,-0.029758641,-0.017573452,0.002610396,-0.067887306,-0.01768791,0.052363303,-0.018110162,0.0114352545,0.004131636,0.013624877,-0.04624373,-0.024852738,-0.1012571,-0.50175786,-0.004765261,0.014233252,-0.0022205873,-1.0411918,-0.010234809,-0.3084346,0.04651434,-0.014572685,0.028060181,-0.03484545,-0.030974345,-0.8148744,-0.0038384257,0.027821342,-0.046910137,0.041513033,-0.0001112336,-0.0008783262,0.019856157,0.07605076,-0.011009268,-0.021001756,-0.0026567439,-0.010846398,0.023447264,-0.020024396,-0.059443954,0.0025624116,-0.0021587133,0.14055337,0.005244078,0.016402313,0.004360571,0.09471982,0.04160088,-0.02999208,-2.4807584,0.031625137,0.057728983,0.03778764,0.025829626,-0.022901427,-0.0037303106,0.008943301,0.027032262,-0.010225831,-0.0016900649,0.12068434,0.023492094,-0.15233411,-0.014197393,0.12754235,-0.009408251,0.08770031,0.016141515,-0.015897183,0.005157809
0.014030184,0.027436355,-0.0018639641,-0.038220953,0.01180128,-0.002469685,0.04958609,0.04013056,-0.037485246,-0.0002690862,-0.0038980558,0.011872485,0.023938268,0.051328477,-0.04674182,-0.106918536,-0.006148336,-0.0020936888,0.027047712,0.010244431,-0.022235582,0.026565883,-0.012505165,-0.016578913,-0.035884224,-0.016623171,0.01881239,0.030656952,-0.0036591701,-0.004374411,0.022584353,-0.018521698,-0.15826625,-0.353132,0.011560516,0.060899798,0.00021821215,-0.6129527,-0.2100243,0.07205896,-0.0038235409,-0.04369205,-0.00288433,-0.011020999,-0.06571239,0.0017360842,-0.5359766,0.002848588,-0.000121447425,0.010446676,0.061634533,0.00908565,0.0594886,0.0010934835,-0.04846803,0.06552567,-0.4531263,0.015567515,0.0041616103,0.01802275,0.016738044,-0.074829854,-0.016787445,-0.011396721,0.027879836,0.005093583,0.011059661,-0.019065365,-0.011057946,-0.95663655,0.0011380211,-0.045814026,0.016159277,-0.009369324,-0.0596684,0.011444576,-0.0209662,-0.104027525,-0.1174682,-0.04566161,-0.02774475,0.0056206607,0.0359595,-0.023591563,0.025283748,-0.8069814,0.0011029484,-0.013479619,0.014246943,0.0009994352,0.0015068229,-0.018121,0.016658826,-0.01938745,0.003242913,-0.003032642,0.009369127,0.0010483034,0.065811984,-0.14967945,0.0027282,-0.014527885,-0.048302364,-0.09405747,0.024324115,0.027599938,-0.47153163,0.0042019207,-0.053979762,-0.011159199,0.0004643856,-0.23635039,0.030294158,-0.04575255,-0.06429505,-0.05437836,-0.0041442267,0.023578115,-0.0043574907,-0.012300287,0.00025436646,-0.020142723,-0.014908373,-0.008881614,0.023857564,0.01811012,-0.0048212362,-0.63289976,0.0035450784,0.06349824,-0.061211582,0.021941064,0.0018498346,0.014782008,-0.038344547,-0.0037547443,0.025152525,0.058825165,-0.030900216,-0.8832029,-0.05545503,0.0014478245,0.03386995,0.056587707,-0.028680226,-0.049565062,0.0280015,-0.019503623,-0.045314617,0.02956209,-0.052401505,0.013391683,0.00026007293,-0.029932367,0.0075243223,-0.024698416,-0.07265158,-0.038108397,0.0036011795,-0.07524394,-0.054771643,-0.0031512508,-0.0063516037,0.0008639649,-0.028430264,-0.059708726,-0.023137933,-0.07117771,-0.0021031445,0.005457187,-0.0067852847,-0.0005291242,-0.019358734,-0.0029934584,-0.01433994,-0.016775917,-0.00037420177,0.11918269,0.04249165,-0.68934,-0.07148546,-0.0011598967,-0.031591974,-0.005124288,0.020206636,-0.0193257,0.0035371594,-0.0072134407,-0.05397948,-0.06180451,-0.02121967,-0.066301435,0.007871079,0.0049854405,0.008571101,-0.041706767,-0.02757662,0.039955527,-0.7015589,0.0035384675,0.008363493,-0.0022256677,-2.8545647,-0.01563355,-0.45774963,0.059122503,-0.04939967,0.030288957,0.015086343,-0.01757249,0.01958955,-0.059040233,0.038547695,-0.014795627,0.0152909625,-0.0030404187,0.00096607715,0.040707007,0.07035106,0.014854495,0.04046366,0.031306908,-0.007334213,0.014894799,-0.018110242,-0.041288394,0.0905272,0.0053849393,0.008876336,0.041028254,0.011961635,-0.0032382326,0.091504,0.01828113,-0.024662156,-4.44548,0.019338313,0.046594005,-0.04485658,0.011899149,0.0033502136,-0.004188329,0.0115015,0.024741715,0.0047120727,-0.00015047261,-0.06405171,-0.050610244,0.17010196,-0.009157271,0.058212508,-0.009923912,-0.030887883,-0.012835433,0.07322601,0.0055247103
0.010625242,0.01816356,-0.00038806887,-0.054365877,0.009667692,-0.0017868594,0.0267343,0.010489119,-0.05054583,0.0012666918,-0.0007319444,0.0050656297,0.035948616,0.039669506,0.014299495,-0.23870648,-0.031793762,-0.004243535,-0.031410232,-0.019430714,0.031196097,0.023327949,0.0013378343,-0.013124142,0.01776618,0.041948937,0.016005768,-0.02735337,-0.0031022187,-0.0046527735,0.006583284,0.017056748,-0.11214044,-0.3492942,0.033947982,-0.05306482,-0.00044603698,-0.8910336,-0.2768023,0.05550462,-0.047438152,-0.06966229,-0.0015949592,-0.011449205,0.013157247,0.0019946697,-0.046541963,0.0019302531,-0.0013338195,0.0019586112,-0.042456552,0.007928698,0.007493438,-0.0024904131,-0.040250357,-0.06243692,-0.7899835,-0.06260226,0.00017560585,0.01462406,0.015907815,0.0131492745,0.00850327,-0.01057717,0.026296452,0.0024381198,0.0017862114,-0.044960346,-0.0074953944,0.078979015,0.0057940152,-0.00021881658,0.023987476,-0.016700054,-0.49070975,0.0030696741,0.041614126,-0.020893257,-0.09595204,0.008740742,0.003373388,-0.004080178,-0.011527561,-0.014916446,0.076419935,0.0224055,0.0006869318,-0.006578235,0.02377392,-0.0009907857,0.0016141718,-0.016699169,0.002479563,-0.012369232,0.0013680772,-0.041639257,0.034979675,0.00039639496,0.07940838,0.09337998,0.002685904,-0.0111162225,-0.024375321,-0.029615637,0.021281904,0.008138488,-0.7465893,0.0017984994,-0.04372609,0.076529466,0.020781195,0.083025165,-0.028900376,-0.030482898,-0.04527157,-0.003952831,-0.0068212226,0.004192626,0.0035716353,-0.79571766,-0.06867922,-0.10375645,-0.016503332,-0.043506823,0.0032912684,-0.004253877,0.011263728,0.025429396,0.009591545,0.064325936,0.007165385,-0.04889255,-0.001698513,0.008776313,-0.033370353,-0.006294361,0.02403589,-0.03456726,-0.01232515,-0.258278,-0.014551445,0.05611784,0.033652004,0.00087120326,0.033155918,-0.22685799,0.030092485,-0.03016517,-0.5690992,-0.06307787,-0.013334196,-0.050499085,-0.0050978046,-0.151994,0.08748394,0.06683391,0.0074406024,-0.011228892,0.012029325,-0.045945507,-0.01623605,0.03424553,-0.067037486,0.0014674765,0.009338959,-0.10117146,-0.025194004,-0.025420403,-0.003139622,0.005718772,-0.005435169,0.0047355792,-0.005062161,-0.004890348,-0.009993434,-0.012859283,-0.0020482717,-1.8965511,0.0072132153,-0.66236186,-0.10479505,0.0004536149,-0.029367594,0.009162506,0.02346008,-0.06324954,-0.08732632,-0.024575047,-0.043506905,-0.0035841556,0.0508212,-0.01298683,0.0033967583,-0.002333007,0.032990705,0.057539944,-0.018898373,0.025901632,0.037412934,-0.007991467,-0.001955623,-0.0008137853,-0.049473826,-0.086746305,-0.1269365,0.0039928975,-0.23102655,0.0066135987,-0.22332606,-0.060763497,0.024804601,-0.031040514,0.025164656,0.03448903,-0.005410905,0.0035385857,-0.004389742,-0.036595322,0.06049886,0.0051767537,-0.024905933,0.04324373,-0.006004224,0.011778318,-0.021453824,-0.11357185,-1.2202882,-0.00066291017,-0.22627228,0.046609662,0.008131678,-0.00033704613,-0.029388119,-0.03392331,-0.022207925,-4.152966,0.011846432,0.035959523,-0.040944695,0.011357266,0.054317895,-0.0032806103,0.010083293,0.011443379,-0.0011036381,-0.011579297,-0.06233223,-0.0020372872,0.022367492,0.018498452,0.022747532,-0.009192665,0.09136728,-0.023777898,0.02149086,-0.0019131992
0.00851509,-0.9384417,-0.0029810169,-0.00880568,0.00880556,-0.0046530357,-0.015933245,0.029378407,-0.048852075,0.0024870618,-0.0026915406,-0.002064198,0.046319712,0.037634645,-0.052157342,-0.5159278,-0.042912614,-0.003452216,0.021184025,0.02004926,-0.009442841,0.013119183,0.0031816366,-0.01541178,0.057706613,-0.103755526,0.008354663,-0.017657064,-0.0046693427,-0.0063944473,0.014439267,-0.008118275,-0.12479187,-0.4461322,0.049496744,0.03841439,0.0019399842,-1.5475241,0.16594398,0.05530319,-0.06766391,-0.059072748,-0.0014871124,-0.007953879,-0.023052173,-0.0020264895,0.17613487,0.00090494193,-0.0250505,0.002266802,-0.019389048,0.0066235936,-0.020841615,-0.0024158244,-0.034399856,-0.07312801,0.018018555,-1.5299292,-0.0055435942,0.012983853,0.0135686295,0.0045552542,0.023623608,-0.0076357047,-0.009110806,0.0014218817,0.00036395603,0.010069364,-0.003055849,-0.1267504,0.0011512261,-0.008936518,-0.017508911,-0.018047502,0.053784523,-0.0457264,0.011904834,-0.0036937755,-0.113091,-0.051283114,-0.009105801,0.013206823,0.011647115,-0.022683194,-0.053514503,0.027174931,0.00095130043,-0.017451026,0.021798605,0.0031478042,0.00018590254,-0.016190149,0.051606607,-0.0059802667,-0.0073277922,-0.04778475,-0.03772648,0.0037991689,0.09346805,0.08261483,-0.011656487,-0.016497072,0.011561952,0.019839857,0.012141844,0.020922331,0.056975376,0.00046505313,-0.03931966,-0.016404247,0.02284165,0.061586704,-0.020262858,-0.02059639,-0.013385329,-0.030247362,0.004630409,0.007899779,0.0020996446,0.07398337,-0.0845892,-0.12505256,-0.026978899,-0.03634654,0.0067721936,-0.04884872,-0.08879677,0.02417474,0.021741563,0.043689605,0.01515466,0.008213905,0.0037352846,0.002597201,-0.029671205,-0.005909105,0.03395889,-0.039765235,0.013221657,-0.3122598,-0.03795808,0.07784161,0.02271246,0.056460403,-0.009422812,0.13273777,-0.036809232,-0.011600526,-1.2283943,-0.015898798,-0.031656113,-0.018387174,-0.002507846,-0.115495235,0.022805333,0.08345021,-0.024012243,0.01131189,0.009757431,-0.04223592,0.02128301,-0.021960417,0.048395224,0.0029088291,0.060716704,-0.055146046,-0.017807277,-0.036663484,-0.005640584,0.008267493,-0.005619547,-0.0056590145,0.0019204374,-0.005707502,0.071943514,0.0012174523,-0.003039863,-1.1392453,0.07918366,0.042754427,-0.124629855,-0.0014526049,-0.033360597,0.0068612793,0.021289324,-0.025359698,-0.021299971,-0.02365227,-0.03126192,-0.025610037,-0.0247687,-0.007422868,0.0015678633,-0.006898599,0.008655309,0.082155704,-0.018513862,0.0134448,0.04147647,-0.0038201527,0.0003993103,-0.0011001913,-0.054619763,0.004590909,-0.16303703,-0.029064901,-0.2916603,0.002737484,-1.3074182,-0.022419034,0.013798806,-0.017836392,0.03827277,0.03842284,0.047609244,0.042281043,-0.00408253,-0.021797879,0.051258784,0.0050178166,0.0042041615,0.02494766,-0.007934291,0.011305842,-0.021661768,-0.111041285,-0.15804975,-0.0040610433,-0.5974643,0.046209183,0.0014258551,-0.0035962798,-0.5909908,-0.0006187086,-0.018908177,-0.60969675,0.010670002,0.026309835,0.003946044,0.010114783,-0.0036296735,-0.01137551,0.00957339,-0.0037020382,-0.0044213017,-0.020877363,-0.07590695,0.017196365,0.027316809,-0.03141897,-0.016928067,-0.009786355,-0.123049594,-0.02542192,-0.0385142,-0.005019927
-0.003935582,0.195516,-0.0010211181,0.016316568,-0.0028693138,-0.14309381,0.033377014,-0.008918075,0.08729593,0.0010799818,-0.0034565108,-0.004792977,0.046388213,0.012036174,-0.051087257,0.07107967,-1.1527086,0.0028177248,0.0614283,-0.0050428207,-0.040240332,-0.024032783,0.031603932,-0.014164204,0.004969592,-0.13233922,-0.004801382,0.046237353,-0.01654866,0.059462436,-0.0033950503,0.006761829,-0.07994063,0.059018917,0.027895339,-0.08146892,0.0003246305,-0.06773546,0.01555315,0.037012856,0.01309678,0.010646847,-0.49590707,-0.0050912756,0.038169406,0.00574992,-0.027440082,0.0042845444,0.10213531,0.01193919,0.015019127,0.0020198247,0.03334219,-0.0030071079,0.054528475,-0.018560227,-0.0011597909,0.13459924,-0.0010782722,0.0010966281,0.0022410236,0.021140601,-0.0674675,-0.0071483986,0.01761197,0.0008047915,0.022254715,-0.045295168,-0.010973245,0.009400504,-0.047742452,-0.041164532,0.008117458,0.04238908,0.009138642,-0.017682144,0.00056485913,0.015507866,-0.13015196,0.063587,0.09609706,0.024879718,-0.014483778,-0.044932496,0.039800946,0.014509913,0.0035791518,-0.03420227,0.0017708252,0.0009298162,0.0031239234,-1.0501237,0.09239982,-0.009870723,-0.0044826414,-0.63666344,-0.043470815,-0.0056625716,0.05819379,0.049291577,-0.07365336,-0.030074993,0.011448177,-0.0060043414,-0.009612268,-0.008035177,0.01999203,-0.010565863,-0.017616918,0.06159928,0.0040369015,0.07192639,0.048678324,0.010015617,-0.045736436,0.024461422,-0.08062085,-0.04275119,0.0043005347,0.16901387,-0.07339913,-0.12708996,-0.53028566,-0.0033145074,-0.08200563,-0.006665613,-0.06292384,0.0034143142,0.005103214,0.14574882,0.0017213312,-0.011933887,0.0015720897,-0.06072943,-0.012702245,-0.010341011,0.0150346635,-5.1545703e-05,0.010812433,0.117536835,-0.06476305,-0.33947176,0.017421046,0.025230253,-0.050978042,-0.006506559,0.004017669,0.032300275,-0.054356683,0.011696234,-0.040474754,0.031653583,-0.009740692,0.042859748,-0.022185374,0.010515734,0.03328537,0.04587186,-0.03562468,-0.041119695,-0.06927504,-0.02311133,0.066799484,-0.013903741,0.029000847,0.04643804,-0.0012310738,0.014865942,-1.326875,-0.010946776,0.0036778746,-0.7717482,0.017549152,-0.0033807014,-0.016766833,0.012659477,-0.0023990204,0.0529014,-0.0076854653,0.029406106,0.025199825,0.004500304,-0.033914223,-0.001240521,0.01584111,-0.009501484,0.071235254,-0.35065982,-0.0074713454,0.038357552,-0.09192011,0.036649734,-0.007141594,-0.0020514969,0.01718382,-0.052556444,0.0117347175,0.0044746096,0.022379693,0.008409019,-0.00044746275,-0.008496065,0.1452396,-0.012468847,0.09218145,0.08447802,-0.53873736,-0.04272902,0.0040926086,-0.01294554,-0.00078357547,0.014015305,0.025725976,-0.022045704,0.004362528,0.013146103,0.015085848,-0.009623137,-0.042320915,-0.07201277,-0.023084495,0.037625663,-0.00034809957,0.004058441,-0.053078808,-0.18888104,0.016961709,0.006289261,0.025439212,0.06349198,-0.0054041105,0.005094485,0.018513972,0.021943655,-0.014851615,0.17375028,0.0018775425,0.007796706,-0.0033397696,-0.7776122,-0.017293872,-0.43063673,0.0076179965,-0.3697805,-0.49664462,0.020188026,-0.07132185,-0.09623098,-0.08528964,0.021308362,-0.052390125,-0.1016822,0.0005253173,-0.0013756539,-0.027617328,0.000936096
-0.0044186725,-0.04672032,-0.0064709266,0.015030491,-0.0026786379,-0.29820505,-0.01052424,-0.063477546,0.097993255,0.0032536017,-0.0019814782,0.0073350677,0.08995017,0.0063978657,-0.017550925,0.034057207,-0.0751689,-0.015029898,-0.0149930585,-0.008374459,0.019160552,-0.024332173,-0.1715415,-0.03408662,0.011614174,-0.09917978,-0.0022845045,0.05902854,-0.045175433,-0.00084561703,0.00077290024,-0.056210894,-0.019406961,0.05073123,0.01585346,-0.037942566,0.0019562389,-0.052798018,0.04753212,0.029247107,-0.004192059,0.004657546,-0.46921328,-0.0067799645,0.0044063185,0.0054980484,-0.024482438,-0.019204821,0.0862685,0.0048242277,-0.07367044,0.0017906085,0.026813542,-0.0009690358,0.061509505,0.03974646,0.0015259198,0.0020689957,-4.4451904e-06,0.0021313217,0.0017080553,0.006797519,0.011631411,-0.012370834,-0.027683264,0.0012003577,0.026174016,-0.018275792,-0.005053602,-0.026619883,-0.03881636,-0.05353844,0.02000082,0.057230867,-0.00046688752,0.010201468,-0.0093367435,0.021936126,-0.08141038,0.095839284,0.06762267,0.011005278,0.031524412,-0.021840014,0.016374134,0.008081367,0.00036284732,-0.026802795,-0.005564829,0.0016211992,-0.000108140695,0.008452582,-0.01802255,-0.0043315096,0.0042628846,0.035476837,-0.009613686,-0.0053974967,-0.14831232,0.03647663,0.13591096,-0.026084194,0.04247246,-0.05346216,-0.0076277577,0.06293092,0.011736119,-0.011021168,-0.01611933,-0.06475712,-0.0020823122,0.07371865,-0.023199465,0.0149616515,-0.025317362,-0.059302565,-0.117735036,-0.055888206,0.003134642,0.1277455,0.024269925,-0.18035764,-0.43538544,-0.0031780566,-0.12816897,-0.02061995,-0.030544054,0.0014745768,-0.006438253,-0.77028394,0.006244874,0.031047352,0.0016290226,0.04965485,-0.012219765,-0.005756617,0.0034997195,-0.051679205,0.050039675,0.10652941,-0.03303988,0.023058666,0.011534793,0.059558917,-0.081182405,-0.009247661,-0.051933467,0.02244693,-0.06305911,0.002010697,-0.058445215,0.026298197,0.0040812683,0.017066495,-0.023461659,0.00844515,-0.03765996,0.04728901,-0.033440564,0.03500811,0.06459995,0.02736256,0.067359015,0.00019464926,0.007214565,0.05271933,-0.0033906105,-0.04721569,-0.058970552,-0.0062625483,0.007325016,-0.5558677,0.03249595,-0.0010786325,-0.054125886,-0.0029527538,-0.001997846,-0.13137321,0.037080154,0.03012691,0.027110938,0.041634563,-0.037892397,0.0027225807,0.0072042756,0.0037094536,0.058139667,-0.76087093,-0.009185285,-0.029528853,-0.056595854,-0.017011365,-0.0063181277,-0.0031511092,-0.055449456,-2.1844954,0.0035058002,0.002256551,0.0065919375,0.0020081345,-0.0012390821,-0.009801293,-0.4257614,0.048256043,-0.030218976,0.020974422,-0.91393983,-0.05377548,-0.010372134,0.003969283,0.0038503825,-0.0072074523,0.020319479,0.039855435,-0.05941448,-0.018550659,-0.046946097,-0.059550703,-0.044754274,0.015496396,-0.017589662,0.06487633,-0.0060988925,0.002146711,-0.038997304,-0.105437584,0.0020993068,0.006406733,0.024045328,-0.0022876014,-0.006456485,-0.008250824,0.015233796,-0.014060336,-0.01442068,-0.4908993,-0.001322233,-0.039400406,-0.03489497,-0.06203542,0.019661168,-1.0548587,0.003678905,-0.40798646,-0.44704035,0.018107984,-0.05691035,-0.06638382,-0.071107164,0.09209738,-0.044111203,-0.068675995,-0.056532197,0.0051118364,-0.022305684,0.001998971
-0.0056173345,-0.08984841,-0.005263709,0.04577235,-0.0045196326,-0.3433518,-0.04331905,-0.025206214,0.09888996,0.0023543118,0.00054708176,0.00087324664,0.057407856,0.007282672,-0.029910162,0.03566116,0.043411687,0.00061894924,-0.02020507,-0.020489192,0.023292582,-0.04352721,-0.58635664,-0.054592226,0.03821268,0.029664394,-0.0035071634,0.032337587,-0.06454461,-0.12803952,-0.0069269766,-0.012089843,0.038177006,0.03823459,0.008575085,0.020464655,-0.006526022,-0.05209962,-0.01608751,0.020747766,-0.026377516,0.00055034587,-0.6878958,-0.003845218,-0.03639168,0.0026827848,-0.083756134,0.027744444,-0.036749724,-0.002910013,-0.02367413,0.0015340258,0.08104916,0.00016953501,0.05683045,0.085900925,0.0039535705,-1.1221995,0.006541895,0.004395653,0.00042057494,-0.019556496,0.013025332,-0.0062771095,0.031893354,0.0072327154,0.027360316,-0.021443572,-0.0067734756,0.02764145,-0.01524296,-0.05499733,0.024097238,-0.20694418,0.007983932,-0.011409633,0.009950412,0.029030459,-0.043698486,0.0048360517,-0.035375837,0.010113932,-0.03684941,-0.078130804,0.008428713,0.0036435977,0.0045654895,-0.038350504,-0.00690618,0.000998233,0.0005179958,0.034655705,0.10686193,-0.0037184714,0.0030191978,0.026682949,-0.011947338,-0.005874927,-0.2826532,0.029107355,-1.0841832,-0.02980582,-0.007548627,0.023972118,-0.009075887,-0.039457284,0.012804448,-0.07161207,-0.016514052,-0.047607116,-0.0045842896,-0.23848738,0.023469524,0.0018503518,-0.039236464,0.03340712,-0.250264,-0.03978269,0.003183254,-2.1162012,-0.03656921,0.015881006,-0.25696632,0.0052156686,0.0003140537,0.01762791,0.020800754,0.0023021775,-0.043011382,-1.1824836,0.0055365185,-0.020077927,0.00064704317,0.009801542,-0.014768098,-0.00619606,-0.007475939,-0.07012777,0.072514765,-0.113408335,-0.054877635,0.04127731,0.0027816107,-0.031637534,-0.07521205,-0.010282789,-0.03247143,-0.007070986,-0.015542514,0.011253139,-0.038577873,-0.006750307,0.009422359,0.013247409,-0.026289036,0.0043972773,-0.030853257,0.044820923,-0.011447749,0.012785273,-0.023157323,-0.032649573,-0.034050196,-0.015405175,0.013723541,0.04026864,0.0127073275,-0.00041136477,-0.03369768,-0.030015878,0.0018391126,-0.020162001,0.017420836,-0.0009670372,0.024656069,-0.0113075,-0.0017111262,-0.3667207,-0.06965592,0.025401691,0.032039944,0.034796324,-0.031689048,0.00083116576,0.0047701746,0.047411036,-0.009887431,0.0066846437,-0.0038589702,0.04020026,-0.008905506,-0.031158991,-0.005459592,-0.0037022824,-0.043036625,-0.9194974,0.007435954,-0.0026881604,0.006715819,0.0033888766,0.0023428055,-0.0067763906,-0.41794473,-0.06917711,-0.06579373,-0.02653068,-0.1265335,-0.050720327,0.052673496,-0.007967698,0.00066691625,0.0052812584,0.016645528,-0.01906698,-0.046832107,-0.050362088,-0.3440236,-0.024576774,-0.042338874,-0.02604588,0.009824938,-0.00814414,-0.0013463373,-0.001474078,-0.04148946,0.0035159248,0.005462157,-0.0055562635,0.022431323,0.012272167,-0.004414346,-0.014217823,0.0045792484,0.006049653,-0.013985854,-0.1404685,-0.005012301,-0.013753032,0.0030333444,0.07401916,-0.054206118,-0.82218474,0.004476141,0.030391913,-0.45748886,0.020930404,-0.044595856,0.019436432,-0.06767999,0.012419911,-0.0058362675,-0.031896908,0.026987545,0.007442019,-0.004327611,0.002371927
-0.0039693504,-0.101625994,-0.012492776,0.0043067257,-0.0052429386,-0.60174984,0.028572673,-0.11566184,-0.043199528,-0.0012204193,-0.0016669496,0.0027554804,0.039879903,0.005010313,0.02518184,0.025039682,0.04314767,0.0075229695,0.0009781237,-0.049880333,0.0034979354,-0.030383771,-0.5056852,-0.089814626,-0.027785655,-0.042572636,-0.006531868,-0.00066489715,-0.063518286,-0.4609311,-0.0040080906,0.04692794,-0.016383631,0.026218414,0.0037306505,0.021297524,0.005180387,-0.042274944,-0.0039561875,0.01699396,-0.037724894,0.029017827,-0.20480421,-0.007900663,-0.0033619246,0.006309575,0.011721437,0.034972496,0.025772437,-0.020656737,0.0054350905,0.002255149,0.00036775647,-0.001335292,0.050354496,0.06615452,0.0025403153,-1.161984,-0.0058219405,0.0015166231,0.0024792901,0.0018777872,0.046206445,-0.0074806986,0.033384915,0.0003880605,0.014795484,0.028364144,-0.009274858,-0.09548422,0.07436119,0.013382788,0.026363933,-0.66090006,-0.002838707,9.625281e-06,-0.031153008,0.017524095,-0.004344674,-0.0196929,-0.10187107,-0.010947503,-0.057118807,0.029408183,-0.010200751,0.0045045577,0.003851832,-0.057760634,-0.007783291,-0.0014903579,-0.0002965341,0.05315385,0.04731938,-0.004307963,0.0016869868,0.015846737,-0.029415967,-0.034821536,-0.26140785,0.022111928,-0.015786603,-0.033179592,0.03166077,0.012997088,-0.006255192,-0.02897695,0.006262048,-0.10799387,-0.010781781,-0.008016893,-0.0071955067,-0.09749597,0.02896659,0.0139936805,-0.042207915,-0.02672973,-0.109254815,-0.017654257,-0.0015919812,0.012878792,-0.004307113,0.16161767,-0.40054974,-0.0059288875,0.07277829,-0.04432949,0.0020015102,0.0014448123,-0.029016875,-0.09129658,0.009724554,-0.014783726,0.0011026243,-0.049762152,-0.011166597,-0.0070628277,0.0019954764,-0.050917882,-0.020083578,-2.0171225,-0.008738983,0.04156265,-0.0003610834,-0.017674329,-0.016509145,-0.032910727,-0.024555827,0.021475498,0.005844748,0.04660951,-0.050615992,0.023248114,-0.0021242877,0.0123439,-0.013314653,0.007328435,0.026678385,0.036006365,-0.0019775766,-0.035644915,0.024835275,0.052753992,-0.00025450008,-0.032699842,-0.003585162,0.02996861,0.017413063,0.022447824,-0.5142675,-0.005813695,0.003679363,0.12381888,0.023141226,-0.003864113,-0.004381455,-0.034985784,-0.0009598322,0.060113695,-0.03176685,0.021808142,0.027490951,0.029960347,-0.04011794,0.00011559159,0.004299962,-0.052186526,-0.02348059,0.01356191,-0.005135219,0.018817639,0.05641598,-0.029801823,-0.0059234058,-0.001924675,-0.0642482,0.11942368,0.011302862,-0.0032443572,0.010066345,-0.008751585,0.0008063097,-0.00022292281,-0.27069402,0.006937089,0.0048360685,-0.005216213,0.05782111,-0.04558261,-0.024152217,-0.05702626,0.0014889375,0.026849717,0.011847477,0.023664292,-0.04806911,-0.0435042,-0.65568286,-0.029885061,-0.03836968,0.008956465,-0.053848937,-0.0068428633,0.0024812846,-0.0073572467,-0.05064625,0.03462709,0.0036084782,-0.006214182,0.01611594,0.072309494,-0.007980118,-0.006821943,0.0069035543,0.0035962628,-0.013734274,-1.1881337,-0.0027676055,-0.009734218,0.025106955,0.05217455,0.012717712,0.021965481,0.0020456056,0.037180845,0.026985366,0.016678171,-0.03904808,0.013106576,-0.07036111,0.018086901,-0.027291209,0.031720165,-0.012098867,0.004764661,-0.0033684194,0.0016196194
-0.004738583,-0.047104187,-0.015726259,0.009366255,-0.0042233476,-0.7777858,-0.022568556,0.024464518,-0.28180924,-0.00059833896,0.0020699576,0.0072121443,0.037952147,0.0047096587,0.032189514,0.015276428,0.03616266,0.0067443694,0.023483546,0.006847862,0.034225628,-0.04607517,-1.1548092,-0.11430751,-0.020778332,-0.05076879,-0.0050408426,0.013877014,-0.1297806,0.10147508,-0.016010089,0.018485535,-0.07922833,0.014287819,-0.0007799256,0.036035907,-0.0034723717,-0.024819428,0.0015306993,0.016421182,-0.01347984,0.07595481,0.015907483,-0.011369618,-0.029254958,0.0025998398,0.050386917,0.050035607,-0.008802771,-0.05656909,-0.004861144,0.004695761,-0.010475188,-0.010991469,0.041932773,-0.038315266,0.0033482076,-1.5081518,-0.0033357237,0.0041975747,0.0023373107,0.007847162,-0.062929966,-0.006326154,0.0504549,0.0065547135,0.03493326,-0.0053312588,-0.022067903,-1.3972847,0.1274944,-0.04327665,0.05892452,0.009613705,-0.0020731399,-0.030658735,-0.021904225,0.007844328,0.006305279,-0.10496687,-0.105440594,-0.017090097,0.04761861,0.005192378,-0.019825405,0.0047967783,-0.0021711674,-0.034456998,-0.0048721554,-0.0034057095,0.0011643339,0.070225306,0.042520992,-0.014523133,-0.0004709518,0.019806936,-0.01583181,-0.22090733,0.08194237,0.017146755,-1.0356177,-0.035011943,-0.006041674,-0.024363345,-0.004355195,-0.035697382,0.00911288,-0.21947907,-0.0012547795,-0.0026143785,-0.0073437816,-0.6145281,0.053164445,0.00664641,0.06867429,0.018936073,-0.12190993,-0.009936257,0.001086521,-1.0821793,0.02954827,0.017190082,-0.39688492,-0.00946797,0.060890213,-0.09169646,-0.013062827,0.0010556765,-0.0038588382,0.052421108,0.0026607323,-0.0086330185,0.0025971667,0.06727946,-0.008723154,-0.009037779,0.001380494,-0.016083332,-0.01684045,0.06283574,-0.0064122337,0.016316382,0.009506261,0.00028256368,-0.10242472,-0.07155881,-0.04101536,-0.05469138,0.033025976,-0.06909583,0.02453329,-0.017702434,-0.015177147,0.009196738,-0.009911331,0.004425911,0.06760011,0.027524563,-0.100746475,-0.07852968,-0.013931035,0.029028907,0.060560003,-0.03637835,0.047541108,0.02842921,0.0153025305,0.026684351,0.033799015,-0.043640915,0.00502317,0.068990916,0.017443055,0.0038000143,0.016381087,-0.04381657,-0.0015860843,0.077068426,-0.01512449,0.021659562,0.023746427,0.032301333,-0.027622072,0.00035463838,-0.001267325,0.04080631,-0.0024958164,0.006053789,-0.0010764186,-0.0070674233,-0.043767218,-0.050403602,-0.0031351491,-0.0040314733,-0.039878294,0.12876998,0.006115705,-0.0005698639,0.0023040639,-0.034482826,-0.0007019862,-0.0045180526,0.06610183,-0.06866783,-2.3339417,-0.039331567,0.042368513,-0.033875644,-0.0071489904,0.035576444,0.0005966103,0.0370528,0.011818256,0.03025083,0.027757159,-0.010706159,-0.69369346,0.017954063,-0.035628237,0.007930859,0.0024146459,-0.008406107,-0.0024376065,-0.0022523615,-0.04617809,0.041874245,0.0037070347,-0.0023508244,0.016303072,-0.038413722,-0.0069063585,-0.007915743,0.0050905226,0.010273249,-0.012715325,-2.2164142,-0.0030165883,-0.009540376,-0.024642216,0.02273095,0.03513418,0.022419378,-0.003302695,0.02756007,0.02228516,0.013544038,-0.034370247,0.04218829,-0.10219464,-0.026105665,-0.027936159,0.0852481,0.001559813,0.013064175,0.064354494,0.002371183
-0.07675478,0.0026428471,-0.14467713,0.02193023,-0.008748088,0.01781791,0.027930377,-0.0014299671,0.014692562,-0.015333374,-0.21530215,0.016189072,0.007032598,-0.0021471048,0.021213535,-0.023593387,0.011138561,0.027136598,-0.00301417,-0.00028402146,0.00882142,0.013087277,0.0719921,0.040696017,0.055639863,0.024590608,-0.011112462,-0.013564238,-0.72265464,0.033238664,-0.07311557,-0.052692957,0.0037735428,-0.014318503,-0.011485404,0.017168242,0.12016025,0.0064201085,-0.048464958,0.0066848435,0.015355835,-0.03504337,0.043618377,0.024781024,-0.020198861,0.0072538736,-0.001280211,0.080166124,-0.009181062,-0.06944118,0.011179072,0.0024528794,0.04719001,-1.1671739,0.016231723,-0.0663395,0.0027646422,0.11724935,-0.019729834,-0.004461741,-0.003886115,0.05193863,0.03818124,0.060973663,-0.07187963,-0.111142926,0.13130394,-0.008691868,0.07456868,0.029790375,0.118026614,7.690283e-05,-0.034637652,0.019332152,-0.004503987,0.0026132718,-0.030659702,-0.011143176,-0.004033072,0.026166014,0.020620642,-0.0068832915,-0.00038830613,0.0024740351,0.018997591,0.0026546621,-2.0036678,-0.07670391,-0.0020510072,-0.0038467157,-0.120726876,0.069058396,-0.017825771,-0.23914847,0.009407416,0.011126655,0.06655119,-0.9233878,0.030683098,0.012373139,-0.044960015,-0.10867202,0.025744233,-0.0024287878,-0.007034875,-0.060111053,-0.0016767343,-0.6035845,0.008396436,0.054876026,-0.0021935846,0.061740905,-0.040563893,0.0026174907,-0.015346598,-0.012863721,0.0337101,0.048825122,-0.0017355826,-0.26484948,-0.035509415,-0.025596889,0.08472629,-0.008188168,0.02319792,0.05255628,0.08138211,0.0030117058,-0.029960856,0.0070497245,0.0008377461,0.028379954,-0.025217446,-0.010900885,-0.025704062,-0.03520248,-0.003288162,-0.0014250163,-0.04530606,-0.030747846,-0.076819606,0.00508494,0.005175629,-0.039966006,-0.09657658,0.07991391,-0.019007964,-0.0051254365,0.01951279,-0.00015944071,-0.032344837,-0.013145684,0.15661395,-0.001841626,-0.001405159,-0.0018872004,-0.07946527,0.0040829233,-0.0315455,0.011613209,-0.067542054,0.032304507,0.056225315,-0.48693383,-0.0062295496,0.007118121,0.047665425,-0.023715097,0.0056190845,0.08227155,-0.009410838,-0.008995868,0.003005918,-0.27274632,-0.09358189,-0.059290897,-0.011277544,0.016379096,0.004835717,0.0043290467,0.012475743,-0.88897973,0.048067175,0.0035732961,-0.08283822,0.040438797,0.014483414,-0.011082291,-0.07192723,0.03228786,0.02232872,-0.03405911,-0.026367167,0.03759604,0.035739824,-1.4208776,0.021803087,0.0006467506,0.0033880249,-0.5812801,-0.0045647076,-0.47335386,-0.6559224,0.036028784,0.08938064,-0.037781615,0.014852728,-0.074281655,0.018761834,0.07260205,-0.0012178534,0.049765404,-0.00012197098,0.045879453,-0.06258532,0.007888434,0.019232959,0.041982863,-0.011960248,0.020058466,0.054630242,-0.043197755,-0.31194562,-0.1221925,0.02262936,0.00651671,0.010935906,-0.01690572,0.00046294686,-0.034739662,-0.0063475654,-0.28253105,0.0046898876,-0.0027648776,-0.03865634,-0.10802481,0.0072691743,-0.009540568,-0.017503522,0.010750249,0.053600922,-0.001002795,-0.019479206,-0.01303797,0.008225539,0.002078971,-0.012238394,0.0021274486,0.049896434,0.013327062,0.015353413,0.03294589,-0.04469697,-0.0063818274,0.039450582,0.007045682
-0.22857228,0.011288359,-0.85428387,0.012951451,-0.005443726,0.012123264,-0.033779513,-0.037608806,0.018640231,0.0027932297,-0.7749155,0.0085590705,0.0025540087,-0.002851395,-0.035419527,-0.01809121,0.010350879,0.001535234,-0.008597079,0.046955343,-0.0014182434,0.033552095,0.06541726,0.037620373,0.02101387,-0.0051666624,-0.0101439115,0.02232556,0.05912848,0.0125464685,-0.079197384,0.019863762,0.0008554025,-0.011103694,-0.011731109,-0.04496757,0.08873296,0.003781856,0.0071947756,0.003906364,-0.07263886,0.009620899,0.039058875,0.023221232,0.009415296,0.006335892,0.007129129,0.055827744,0.029547814,-0.11570226,0.0047773942,0.0058081457,-0.03468451,-0.9827536,0.010430993,-0.07317747,0.0023890124,0.09477797,-0.008542862,-0.004966808,-0.0045961887,-0.04968252,0.040795147,0.06134414,0.001157854,-0.0500425,0.110961385,-0.006423739,0.10757055,0.08294461,-0.4906781,0.030608503,-0.055760127,0.01417917,-0.002657303,-0.024905713,0.027164489,-0.011628942,-0.005352657,0.015264576,0.014445306,-0.04401141,0.028242374,-0.042653684,-0.029401211,0.0012937919,-1.3280979,-0.07537519,-0.00010960393,0.0072621647,-0.17019483,0.053269178,0.012407897,-2.316184,-0.0042748144,0.007093404,0.035534557,-0.14716512,0.02321477,0.010381396,-0.036732517,-0.06943294,0.080692545,0.016521396,-0.010954119,-0.018924482,-0.0022812427,-0.70844096,0.0035441646,0.0108044995,-0.0021535703,0.060069457,0.062104918,0.0024615654,-0.043625057,-0.046112955,0.0113568455,-0.08414578,-0.00066434895,-0.2132027,0.021519547,-0.02432365,0.07629974,-0.0022931509,0.018126339,-0.027481789,-0.019957218,-0.0017689208,0.01598377,0.0034296948,0.0028650055,-0.021185307,-0.0075738747,0.026567427,0.0013093115,-0.057719626,0.0024511563,-0.009637559,-0.06684001,-0.078866884,-0.07071776,0.00097178854,0.004461502,0.012231355,-0.049502745,-0.009546022,0.015701637,0.0023325337,0.0049925763,0.009690684,-0.016591942,-0.012917903,-0.43360093,-0.0041047926,-0.00016225176,0.005884012,-0.024190065,-0.0023865623,-0.07193276,0.006051081,-0.025936136,0.054449126,-0.03733529,0.041521285,0.009277372,0.00012230984,0.05048885,-0.04323609,0.0031531206,-0.6665456,-0.027501484,-0.014487197,-0.014557108,-0.2060704,-0.07646656,-0.06833997,-0.026154751,0.026051672,-0.024906777,0.0045045353,0.0093261665,-0.15289758,0.042042695,-0.006266069,0.1832255,-0.0052895145,0.029751103,-0.00805532,-0.038633596,0.009797,0.0028429062,0.061968006,-0.008156469,0.035129286,-0.034248773,0.096513495,0.013555878,-0.0019202627,0.0021526464,-0.43098924,-0.005616177,-0.014086277,-0.5137212,0.0059932033,0.067157365,-0.018290894,0.014117977,-0.073680975,0.010210861,-0.018294023,-0.0013788191,0.016000735,-0.0013206938,0.042290445,0.033315267,0.02019677,0.024292141,-0.046239626,-0.015253046,0.0079951305,-0.036965113,-0.06717699,-0.6556502,-0.45672083,0.031238314,0.026583493,0.004873322,-0.018422456,0.001091711,0.038774468,-0.0051263077,-0.024671864,0.0018066308,0.022013025,-0.05627567,-0.09253886,-0.016389173,-0.0028464282,-0.07251086,0.009871319,-0.033762366,0.004194584,-0.008122701,-0.00015255694,0.001998522,0.00873168,-0.008574398,0.018757205,0.049159784,0.006340309,0.01893328,0.023153482,-0.020922692,-0.0047823396,-0.0055828053,0.007636477
0.017477524,0.026566042,-0.31177136,-0.02057062,-0.008513171,0.00569186,0.0053832307,0.049447075,0.025109997,0.0019218136,-0.7521641,0.010344205,-0.0015009735,-0.0033395533,-0.054108106,-0.0028691834,0.008872824,-0.043038808,0.00046687387,-0.06056322,-0.030907145,-0.023479491,0.07821765,0.028612383,0.023743778,0.014296792,-0.009061433,-0.021036193,0.053775914,-0.026282316,-0.091343045,-0.00047335774,-0.0060028126,-0.009435181,-0.012413147,0.05269769,-0.07446294,0.01005687,-0.007935361,0.004457408,0.0500924,0.03197079,0.032295603,0.035944622,0.0020855218,0.0061135404,0.009286161,0.005399948,-0.044507995,-0.16235845,-0.03713043,0.0070229145,-0.01166898,-0.104507536,0.007982511,-0.019563688,0.003590749,0.015858952,-0.007203565,-0.0024648528,-0.0052869907,-0.026688643,0.058682196,0.0598557,0.055817723,0.0113093015,-0.1632595,-0.025486879,0.16018136,-0.055445574,-0.16075207,-0.041910592,-0.052543446,0.008215826,0.0031561994,-0.0047806203,-0.002046086,-0.004248577,-0.018301565,-0.04488428,0.006760094,0.013740405,-0.044752564,-0.035384424,-0.02435325,-0.0006421797,-0.6352628,-0.06394067,-0.0034868666,0.00681772,-0.8423842,0.042892803,-0.05596169,-0.2645684,-0.004807996,0.0075013195,0.0062288493,-0.01985626,0.014028059,0.013112364,-0.027042886,-0.0367009,-0.061796397,0.020285286,-0.0092988005,0.014490083,-0.003476285,0.0008973406,0.00022235351,-0.031386577,-0.00150549,-0.13698389,-0.01951167,3.5493336e-05,-0.0021512806,-0.03595645,-0.053911395,-0.03543585,-0.0058104205,-1.1953996,-0.031916272,-0.014444781,0.05762862,0.0040695863,0.019136693,0.057526387,0.01520779,-0.0018381615,-0.03964995,-0.0037872775,0.010188346,0.004184219,-0.010711169,-0.004479309,0.023424454,-0.07165682,-0.0016498005,0.018376388,0.05104267,0.026601609,-0.04394558,0.005302252,-0.00978814,0.018745758,-0.0019553676,-0.17298764,-0.060801595,-0.012246005,0.0045538936,0.007751696,0.02492883,0.025440194,-0.12207445,0.0019392284,-0.010773343,0.0012723686,-0.023025937,-0.0025856963,0.11322521,0.033903502,-0.05044522,-0.008932166,-0.025631562,0.048169654,0.027954362,-0.0011918498,0.04842802,-0.039014675,0.0034686595,-0.116089135,-0.14893702,-0.023454418,-0.0032927666,-0.05965681,0.051231265,0.047743812,-0.0760334,-0.007239668,0.05409527,0.003147885,0.012679694,-0.03462538,0.05028765,0.0024017217,0.073468916,-0.044494644,-0.008405425,-0.008339895,-0.10715386,-0.0036938488,-0.04735405,-0.022512443,-0.008842503,-0.046880417,0.041855216,0.073592424,0.0058508264,-0.0050512836,-0.0016491284,-1.2849643,-0.0033385993,0.065442935,-0.28119853,-0.053103797,0.013558198,0.056614228,0.013752017,-0.07276055,0.0068291025,0.026752405,-0.00092821795,0.029138662,0.008176124,-0.0020354292,-0.035513714,-0.05990314,0.019228349,-0.046627894,-0.015946405,0.053072046,0.05471909,-0.023553163,-0.25207373,-0.080581814,0.0386295,0.016479917,0.009751652,0.0069069183,-0.0002528668,-0.018690512,-0.005901907,-0.086975366,-0.00044947764,-0.028649127,-0.13548745,-0.069056176,-0.009137321,-0.0024845977,-0.0056933537,0.0050388924,0.043337263,0.0007101334,-0.013319815,-0.005265887,0.0014972086,0.0042990874,-0.0079301465,-0.034447923,0.047041785,-0.053805284,0.0086072,0.009680708,-0.03689511,-0.003138338,-0.027626313,-0.010272587
-0.11165584,0.019163009,-0.59673107,0.06997039,-0.010333459,-0.00029917283,0.023930004,-0.03356301,0.020773783,-0.04836872,-0.49264959,0.0060449294,-0.014418646,-0.0018417243,0.0051328256,0.0063186013,0.002140443,-0.05593792,0.004646534,-0.052437022,0.024303678,0.019703664,0.07358662,0.026036927,0.015925292,-0.08359392,-0.011302865,-0.109183535,0.041882984,0.010119331,-0.11944404,-0.032361083,0.0012899194,-0.006550076,-0.01491605,0.019699734,-0.22863126,0.00891961,-0.008085265,0.0002608904,0.049581107,0.0055480446,0.028795516,0.049184456,-0.01876685,-0.0021204634,0.0056935404,-0.023144456,-0.039414737,-0.14817216,-0.0365327,0.008682572,-0.016085224,0.031079015,0.001986046,-0.01235471,0.00638123,0.07583414,-0.023722043,-0.017338099,-0.00028471975,-0.051200625,0.034925014,0.0506203,-0.027726008,0.0502279,-0.1266326,-0.06407625,0.11940412,-0.059230637,0.027646992,-0.012396679,0.009548825,0.008059148,-0.0013053904,-0.03276084,-0.089699805,-0.0066596,-0.016795073,-0.012549845,0.0043437444,-0.019281793,0.013645267,0.057933167,-0.008451484,-0.0023637018,0.0137179205,-0.059824027,-0.0028994118,-0.0009665084,-0.7768706,0.033424273,-0.023916643,-0.016479338,-0.00019440777,0.0063523017,-0.022754585,0.045269463,0.010992193,0.009586043,-0.018103013,0.0005934422,0.014259204,-0.039835617,-0.012422246,0.027558755,-0.002153973,0.0055475603,0.009280765,0.073011346,0.004032174,0.032854937,0.02022934,0.0009781169,-0.010720302,-0.036586396,-0.07879932,0.013263093,-0.0057457024,-3.010398,0.026908567,-0.016045108,0.056813493,-0.0027700188,0.014152884,-0.037505586,0.04971699,0.001168412,0.0071803248,0.004433149,-0.001232251,0.011239683,-0.021885676,0.024868686,0.049274445,-0.069042966,-0.01592371,0.0706178,0.05178678,-0.014691453,-0.0040353704,-0.00055928965,-0.063880846,-0.036339264,-0.01767285,-0.14348817,0.0048171226,0.05115286,-0.00430995,0.0023777173,0.0030616983,-0.017512003,-0.37809598,0.001964246,-0.00088954257,-0.0012369565,0.0183086,-0.013879202,-0.050572976,0.026348561,-0.04252396,-0.0026418539,0.061199334,0.01787479,0.07531833,-0.004179297,0.037241947,0.0045667123,0.0018194419,-0.5696458,-0.06019901,-0.018547812,-0.020343468,0.11204321,-0.0138499355,-0.018710155,-0.11578014,-0.012190953,0.04711733,0.00094755425,0.011704338,0.041600805,0.03125249,-0.015125219,-0.04796356,-0.049735095,-0.05153692,-0.0028618716,-0.06582367,-0.047071997,-0.0027650907,0.0023688637,-0.0068240897,-0.18101181,0.0012554007,0.009877872,0.007334073,0.0002092441,-0.0050290064,-0.27957293,0.0011482775,0.008428865,-0.39628702,-0.020768803,0.02431765,0.011355503,0.00658582,-0.06416484,-0.01199078,0.01840725,-0.002390724,-0.006715578,0.02672553,-0.025481474,-0.021240013,0.013115908,0.0117473705,0.029209908,-0.009192139,0.024732051,0.008374113,-0.134018,-1.1121345,-0.17428233,0.03670285,0.017321654,0.0019738907,0.005713265,-0.00077991735,0.032269165,-0.0060597174,0.21398214,0.0022592407,-0.062488336,-0.7007562,-0.059641737,-0.009098954,-0.0019545727,0.008687991,0.006095548,0.053132188,-0.0005952812,-0.042139366,-0.0036011909,-0.0023260291,-0.0008659788,-0.0048763016,-0.04927933,0.03866541,0.021609982,0.021361956,0.0037650515,-0.019249054,-0.0042344006,-0.0055555133,-0.056298
-0.5480726,0.011795323,-0.09313604,0.0082343,-0.014408958,-0.0025060715,0.03046725,0.0076697622,0.00643621,-0.104926206,0.021859325,0.010082425,-0.023012212,-0.0037430967,0.034422316,0.011044976,-0.0022444245,-0.07357849,0.090673566,-0.027155254,-0.0038032688,0.04064752,0.0771893,0.014176787,-0.01598968,0.06455463,-0.01666546,-0.012329966,0.035474963,-0.013965379,-0.15251288,-0.056952357,0.018395303,-0.007147728,-0.018385977,-0.013688932,-0.33396614,0.0068045324,0.029122844,-0.0035193143,-0.047693387,-0.008653961,0.026739186,0.055854283,-0.030775446,-0.0017500601,0.0034565236,-0.041592266,-0.063046865,-0.16927515,0.07209552,0.011576788,-0.0118476795,0.022677606,-0.005176779,-0.0059288703,0.0043831817,-0.027378906,-0.022824034,-0.023042012,-0.005268974,0.024232158,0.016900584,0.032899678,-0.017408496,0.06728174,-0.16324861,-0.018130427,0.118540086,0.06411434,0.09379532,0.031390157,-0.059775155,-0.00030225358,-7.2253315e-05,0.021152742,-0.09085606,-0.0065156417,-0.016989687,0.040999673,0.00012571854,0.02511555,-0.001362604,0.08497535,0.06541187,-0.003920375,0.017856019,-0.04586868,-0.0029858276,-0.0027229218,0.08706038,0.019078327,-0.042919997,0.1784565,-0.00990528,0.002108653,-0.044536293,0.037331555,0.009271458,0.017338531,-0.0066522015,0.027531547,-0.041764636,-0.06964497,-0.011794043,-0.09343714,-0.0032766582,-0.0027772274,0.01870255,0.008711126,-0.0012779866,-0.057200477,0.03921655,0.0003668543,-0.019477567,0.033700306,-0.10749101,-0.045769304,-0.019222278,-2.091386,-0.0048318105,-0.02039998,0.04626827,0.009738176,-0.00049555296,0.0021370149,-0.016608778,0.0017354346,0.08171609,0.0015827188,-0.0025483673,-0.014318167,-0.01959618,0.04797477,0.05737561,-0.045130048,-0.028123656,-0.051652037,-0.030990021,0.0026006822,-0.033444062,0.00021999024,-0.059742715,-0.011383829,-0.06791897,-0.087259084,-0.049326427,0.04240137,-0.006253276,-0.034778353,-0.0077711283,-0.03444654,0.12033369,-0.0001884344,-0.01223326,-0.0006114272,0.019402565,-0.017905772,-0.038995378,-0.025169363,0.07222702,-0.04972054,-0.036171425,0.006067551,-0.03455777,-0.0058181686,0.025500968,-0.0086161215,-0.00036306636,0.010841116,-1.4263507,-0.0038258275,-0.014805859,0.05733661,-0.018162783,-0.020072062,-0.6394268,0.06342742,-0.042282,0.0006056616,0.0093427375,0.049122408,0.030523907,-0.01546096,-0.061320845,0.0070960857,-0.0005839862,-0.0030002121,-0.056607258,-0.0179729,0.009454544,0.02613307,-0.013801648,-0.5338481,-0.0034987063,0.056726445,0.012211953,-0.00042942452,-0.0041594966,0.07840452,0.002719656,0.009352109,0.016896412,-0.0029602954,0.011637645,0.017455576,0.0066827764,-0.06465274,-0.0010955835,0.031521093,-0.0016872052,-0.055551533,0.003151898,0.05314567,0.04545642,-0.09005094,0.009429763,-0.030953899,-0.007860245,-0.01462161,0.027689122,0.045690358,-0.017408133,-0.3453885,0.03813793,0.013614529,0.003829874,-0.079076946,-0.00042895201,-0.006802419,-0.022816826,-0.12946577,0.0019387347,0.044147413,-0.18399598,-0.051082432,-0.017638592,-0.0006692127,0.014803806,0.0016840076,0.009681334,0.0092124045,-0.05956416,-0.0026583765,-2.6813937e-05,0.0010143783,-0.009064729,-0.050882954,0.020223236,-0.01382716,0.012054974,0.005698573,-0.014559471,0.0026810428,0.016552009,-0.15205452
-0.056284126,0.0039937333,0.04413309,-0.012945469,-1.1903919,-0.0042372365,0.054639544,-0.0032941403,0.0021907832,0.15822995,-0.0038254403,-0.1000853,-0.06949935,-0.0071213553,-0.0003698816,0.015620642,-0.008519958,0.022331942,-0.0057700234,-0.013596034,0.009778289,-0.07275317,0.069420695,0.0014001504,-0.0026189836,0.0030334203,-0.063224904,0.020054424,0.0038271165,-0.030599749,-0.13856012,0.008413302,0.013723896,-0.010505315,-0.048021004,-0.014290224,0.033677306,0.0006031749,-0.07164017,-0.026397482,0.06973904,-0.013908903,0.016873175,0.052112874,0.008919153,-0.37801751,5.301617e-05,-0.027869657,0.00485437,0.05500798,0.008227074,0.02521235,0.01698739,0.0069235153,-0.042326674,-0.12156112,0.010979371,0.023304703,-0.106863335,-0.15057275,0.09228822,0.0036126184,0.05125661,-0.053513877,-0.047861848,-0.0037435528,-0.1365206,0.007174848,0.09999446,-0.012921665,-0.0014929484,-0.008076489,-0.023929985,0.0018553606,0.0037508595,0.028205909,-0.025162766,0.005521001,0.0022866186,-0.051598024,0.0008754378,-0.014596284,-0.038612306,-0.0076499986,-0.032234702,-0.013387045,0.00042139186,-0.024629077,-0.034896888,-1.4995205,0.004485958,-0.013548263,0.066444285,-0.005090868,0.08895304,0.0012283731,-0.04142223,0.0108650755,0.0052473103,0.016016867,0.002021367,0.0150932735,-0.0146296155,-0.048278347,-0.06857623,-0.005791575,-0.0057756947,0.004543603,0.031898122,0.015156773,0.012061256,0.0734786,-0.032324348,0.0019442468,0.004627424,0.049179535,0.048844658,-0.060295105,0.03420674,-0.023260426,0.056002375,0.013390546,0.016186621,-4.0870714,-0.00694705,-0.024523323,-0.025247823,-0.00399057,-0.038067963,0.0017145671,-0.34298337,-0.020877982,-0.1398568,0.035446648,0.044155,0.02389886,-0.9250296,0.017844686,0.03082594,-0.31981245,0.0564675,-0.0020028155,-1.0171502,-0.019108973,0.06132293,-1.1931285,0.0052346876,-0.01506334,0.00912167,0.011452095,0.0056632273,-0.023035167,0.0017134028,0.0038103473,0.06307063,-0.009717552,-0.002952483,-0.03053878,-1.5700725,-0.010366792,0.017544998,-0.022245867,-0.030136319,-0.0039261174,-0.0060421745,-0.015750015,-0.010759001,0.012180558,-0.0028082135,0.02676868,-0.03131084,0.018583436,-0.11442963,-0.05034782,-0.017545765,0.06405841,0.011798849,-1.3735703,-0.007358344,-0.0018396691,0.0023779473,0.008902349,0.022688339,-0.20090224,-0.021956714,-0.03635022,0.01593275,0.0007025215,0.16344476,0.015457084,-0.009245072,0.029766504,-0.7968181,0.021526296,0.042173475,-0.0023972178,-0.04438672,0.018851958,-0.007132809,0.029202996,-0.10286756,0.020331677,0.08283418,-0.03228586,-0.20672901,-0.028008252,0.0065802163,0.003891806,-0.0070221554,-0.01591333,-0.00574778,0.007298607,0.09961027,0.044426266,0.03468357,-0.02481558,0.0014103928,0.045060404,-0.011220236,-0.01595817,-0.005482497,-0.036343437,0.038171113,-0.121582896,0.019419318,0.008652068,0.0020443725,0.13991459,-0.006513777,0.03540971,-0.5696246,-0.31254074,-0.0066608437,-0.055731423,0.043220107,-0.022806572,0.078488246,0.010327634,0.027703103,-0.0055156634,0.04640894,0.0039613103,-0.97324985,-0.0038096758,0.0073072007,-0.074751884,-0.0046400265,-0.026936326,0.0023572193,0.0005590082,0.0039649005,-0.007957607,-1.7372351,-0.84190553,0.07102483,-0.54138005
-0.04040126,0.00927071,0.036371477,-0.0395509,-1.255045,-0.0042538913,-0.032253366,-0.005404024,0.003429329,-1.3207858,2.1460744e-05,-0.16323553,-0.06575633,-0.008386355,-0.0043635867,-0.00058405806,-0.015420463,0.0322099,-0.03578292,0.0175582,-0.023416543,-0.01289382,0.06485625,-0.0009776467,0.034275465,-0.062696554,-0.067880385,-0.042659786,0.0021485353,0.008743538,-0.1133584,0.011158686,0.009880044,-0.011843315,-0.053149737,-0.02661567,0.024054285,-0.015931467,0.050241288,-0.022311863,0.044560947,-0.0072376984,0.011672012,0.041064132,-0.006256948,-0.26052812,0.0034129005,-0.019895501,-0.047416613,0.053717438,0.056496233,-0.40610394,-0.023719108,0.004025599,-0.046088777,-0.050909072,0.0076314476,0.010205806,-1.7937685,-0.018808365,0.08529195,0.028705245,-0.040396705,-0.04620242,0.03219116,-0.0046575842,-0.033684608,0.022041086,0.043535177,-0.028296601,0.0054467027,0.008512815,-0.0013302854,0.0017277654,-9.01676e-05,0.026503157,0.098551266,0.0044666533,0.007574082,-0.020258514,0.0035939333,0.033307202,-0.0335731,0.0081024375,0.026861189,-0.014643191,0.0025711094,-0.018728703,-0.8399873,-0.17351119,-0.0040197494,-0.01447262,-0.0005609238,-0.027524421,0.013736897,0.0012028848,0.044437192,0.008281683,0.006866065,0.026289381,0.0025688743,0.014127607,0.047889438,0.014237368,-0.05510395,-0.0051828343,-0.0011124889,0.0020989487,0.012543937,-0.0701933,0.0030882573,-0.022595387,-0.03884674,0.002884853,-0.041749284,0.06525917,0.039305143,-0.045690764,-0.28945392,-0.081411265,-0.02925743,0.008457027,0.014534871,-0.29648885,-0.016750457,0.04715045,0.049786422,-0.010824888,-0.052868802,-0.0035437236,0.071405716,0.054331325,-0.8370547,-0.01454603,0.028991483,0.031789992,-0.6578081,0.08072192,0.008413417,-0.25644612,0.056164484,-0.0048460467,-0.56315106,0.035987463,-0.004818386,-0.44039643,-0.021122923,-0.06642609,0.007844774,-0.004716895,0.034362294,-0.041392583,-0.0005005317,0.0006975246,0.06311442,-0.012953937,0.01909325,-0.027097426,-0.7625874,-0.044314977,0.08589205,0.020487456,-0.01618616,-0.001230447,0.077795126,-0.02133575,-0.015466015,0.048543006,-0.0019286817,0.012896228,0.014850634,0.0039772913,-0.095982105,-0.03728129,-0.055854354,-0.024746375,0.012338393,-0.021872997,0.009114872,0.0002536359,0.0019524569,0.007898238,0.01810182,-0.07927098,-0.02154386,0.04314058,0.022023296,-0.0009307156,0.021107718,0.045608815,0.009465523,0.03991203,0.04675827,0.018006943,0.06803661,0.020763263,-1.1519036,0.0050572427,-0.009904357,0.027121585,0.036042746,0.010531012,-0.27575073,0.04104408,0.043247152,-0.019002236,0.0047296337,0.020854436,-0.002801411,-7.873181e-05,-0.0032889766,0.02777182,0.06159581,0.044377286,-0.0016482968,0.0326247,0.0010035492,-0.03127893,-0.01193361,0.032302596,-0.03981437,0.012009469,0.027075475,-0.09542905,0.013954198,0.0035126396,0.0046387934,-0.14480482,-0.005137781,0.036731064,-0.66203517,0.118861414,0.00038140747,0.025689475,0.04356912,-0.016743666,0.047660787,-0.0013720151,-0.05668163,-0.004591067,0.03694602,0.0011700031,-0.116782606,0.0010600016,0.0034399992,-0.08711669,-0.00096719206,-0.018411204,-0.023517465,-0.034749325,-0.003813177,-0.009302023,0.11372525,-0.2927394,0.022866411,0.031036051
-0.024080874,0.006495201,0.030652646,0.02603695,-0.8401031,-0.0026169845,0.029316636,0.011500222,0.0044643525,-0.62395674,0.0061608255,-0.39605087,-0.057829875,-0.0116609335,0.0010545598,-0.0049945433,-0.007849737,0.013960559,-0.067699134,0.023391109,0.04700891,-0.014065969,0.025663603,-0.0012862552,-0.030606432,-0.0054859174,-0.14225031,-0.025307786,0.0030895646,-0.010215099,-0.123707846,-0.0016320174,0.009124723,-0.011706303,-0.0452826,-0.0009814083,0.02250893,-0.016074438,-1.0341587,-0.02147006,-0.026609417,0.017893672,0.0063570915,0.023722917,0.027576376,-0.43702835,0.0026292608,-0.01199286,-0.013985457,0.05426161,-0.023292936,-1.1301924,-0.013310254,0.0017966012,-0.051200822,0.02323427,0.008809605,0.029599922,-1.2660341,-0.25379232,0.01658219,-0.02068052,-0.0050920546,-0.039331812,-0.013882009,-0.010241831,0.027733022,0.015958024,-0.0007433399,-0.064293556,-0.0031092376,-0.021661073,0.0018110094,0.0030286254,-0.0051682214,0.012231567,0.036404416,0.0059025832,-0.040501412,0.0038977393,-0.0005380928,-0.00022359652,-0.024473138,0.031513978,-0.043452803,-0.01195395,-0.0012361055,-0.013267279,-0.3418437,0.067806624,-0.007645293,-0.015991617,-0.042650387,-0.037027482,-0.025188303,0.004016035,-0.004097021,0.0049305167,0.012012324,0.019032903,0.0009367633,0.011343727,0.036417414,-0.0077388017,-0.067627065,-0.0095592905,-0.00481168,0.0020745958,0.0041391104,0.028144564,-0.008794442,0.027767735,-0.03513515,-0.014886646,0.027695062,0.041319355,0.021308962,-0.2641814,-0.6105521,0.12449195,-0.026378753,0.0035962733,0.010223604,-0.07761151,-0.95499325,0.019623592,-0.07604365,-0.011523156,0.024192872,0.0020850047,0.10402988,0.0025916926,0.0123766735,0.02412298,0.020243166,0.028400963,-1.0627066,0.068877295,0.052095715,-0.5737986,-0.00228461,-0.0019189792,-0.29455432,0.0057675624,0.02340286,-0.007526188,-0.0030392278,-0.011188297,0.006950424,-0.030478524,-0.036630716,0.033895954,-0.00447639,0.005754852,0.0797938,-0.010560952,0.05442744,-0.023305435,-0.15676521,-0.03690255,0.021784412,-0.014720452,-0.020916222,-0.0013767739,0.013873151,-0.01378799,-0.01970108,-0.023488618,-0.00021794313,0.012890103,0.007534093,0.0067267558,-0.10330596,-0.012862354,0.0015491733,-0.0037556712,0.010301179,-0.0069678025,0.046211205,-0.0020216594,0.004758431,-0.003436322,0.017028807,0.014499318,-0.023145484,0.004048223,-0.027224934,-0.0001443839,0.13549292,0.0625639,0.026090994,0.0027790829,0.04365782,0.014570251,0.012392342,0.001815763,0.16693453,0.012222008,-0.013874923,0.015231043,-0.28782597,0.0027079657,-1.2840985,-0.02842138,0.11474943,0.017840428,0.0047045434,0.031809814,0.007691204,-0.07531943,-0.0054894118,-0.081648774,-0.02526713,-0.022300504,-0.018176738,-0.027790556,-0.0020308094,-0.019472178,-0.0136985695,0.048537787,-0.016508479,-0.008178623,0.017139828,-0.06351936,0.011111964,0.0042381547,0.009394726,-0.56966513,-0.004842211,-0.0042069107,0.0030775445,-0.009324994,-0.011774694,0.07494055,0.03044507,-0.004343819,-0.36929372,0.011548088,-0.018708795,-0.0028889796,0.010249148,-3.6619786e-05,0.059946295,-0.011811856,0.0019754928,-1.2921727,0.000947858,-0.029596535,-0.0018890717,0.009252463,-0.012336439,-0.006493109,-0.10567262,0.1188412,-0.012345836,0.034162708
0.015292489,0.012139547,0.027606964,0.015144545,-0.91938996,-0.0033873962,-0.064870484,-0.013454816,-0.0010382414,0.028170409,0.002985374,-0.72228,-0.058496557,-0.005327049,-0.016222889,-0.004481591,-0.006690537,0.011187012,-0.04028783,0.03016985,0.04671938,0.02375416,0.050201897,-0.006121877,-0.0151580665,-0.0377517,-0.45831588,-0.0016940335,0.0010803314,-0.0003289555,-0.080203265,-0.045481708,0.0086159175,-0.012110629,-0.052475646,-0.020671021,0.01745132,-0.033653595,0.00027910626,-0.0640712,0.021773737,0.058190912,0.004671769,0.009681284,-0.0007644123,0.03640226,0.0021367683,-0.0042864555,-0.0050102873,0.044476014,0.05918244,-0.08660146,0.026554031,-0.000877225,-0.057045683,-0.05289688,0.011676172,-1.7615913,-0.09240861,-0.2793614,-0.19098431,0.020454388,-0.05746064,-0.037485164,0.03908611,-0.0089415815,0.04859624,0.024606282,-0.034692332,-0.05185614,-0.00039582633,-0.006008864,-0.015755504,0.00024773044,-0.024613664,-0.011520721,0.03435629,0.007254375,-0.020917024,0.027795365,0.0007241159,-0.049818296,-0.02797106,-0.004407522,-0.04150204,-0.01616303,0.0059120287,-0.0131902145,-0.25007373,0.0991526,-0.009389664,-0.017732132,-0.021455308,0.071161404,-0.10427057,0.0023227509,0.005133194,0.004605219,0.0063091014,0.0035943275,0.00057746586,0.011326857,0.014003876,-0.015975222,-0.05705687,-0.039853994,-0.004918675,-0.0015165202,-0.008004211,0.024479024,-1.2217968,0.0003457719,0.012841461,-0.017152237,-0.018129772,-0.0129285855,0.012783797,-0.2957753,0.021650467,0.02520441,0.011698638,0.006677723,0.00451621,-0.034253888,-0.81710565,0.02743337,-0.043830466,-0.0075218626,0.06073679,-0.0027031126,0.10824172,0.010334775,0.0051187375,-0.0276516,0.009013914,0.025174221,-0.045911696,0.02579635,0.034998935,0.10038006,0.055319022,0.0020989736,-0.28635514,-0.051221672,0.019079002,-0.14815605,0.011674977,-0.072605506,0.004230426,-0.015888186,-0.026023075,0.031607285,0.00038124472,0.00718894,0.06883579,-0.016350688,0.035662256,-0.03196535,0.07917491,0.019452257,0.021860458,0.037444007,0.021531649,-0.0033476942,-0.03710569,-0.021537099,-0.022153307,0.002541192,-0.0011697833,0.011548075,0.008329453,-0.002355961,-0.08907168,0.014523055,0.00910624,-0.023084616,0.004511833,-0.015043224,0.04856642,-0.0007176741,0.0038659198,0.0037480234,0.010652823,0.05228317,-0.023499591,0.035594128,-0.03624375,-1.2233821e-05,0.05833372,-0.021761231,0.062489294,0.0037916286,0.04168464,0.004063523,-0.0044672694,0.004183032,0.10483521,0.023163134,-0.0017303881,0.008153321,-0.57178044,-0.0025980826,-0.030539554,-0.033871863,0.1447789,-0.057138108,0.0031469923,0.054631732,0.0063117244,0.012984896,-0.014380754,-0.03827583,-0.14839256,-0.015135695,-0.011766172,-0.016934955,-0.00085127255,-0.005966587,-0.018965803,0.030319868,0.022037875,0.018891454,0.011759848,-0.05101205,0.0070810085,0.0032434375,0.008362652,-0.33993337,-0.011328242,0.0125801135,0.019914383,-0.022049107,-0.01705693,0.019804081,0.017974691,-0.008763783,-0.4940859,-0.0065394025,0.024450365,-0.001920732,0.0328212,0.00022941864,0.067089,-0.035735946,0.004797099,-1.3655294,-0.015021468,-0.038555466,0.012277962,-0.011283339,0.0019506526,-0.0064736516,-0.06863761,0.08661828,-0.07065492,0.023754144
0.017088892,0.014788167,0.014655259,0.051687814,0.06419213,-0.0026993095,0.018292943,0.010740471,-0.003117166,0.03065415,0.0038030238,-0.6585649,-0.051980097,-0.025323855,-0.029520255,-0.0066157547,-0.00440539,0.009911413,0.0022503578,-0.046810456,0.0068756165,-0.051831476,-0.10731495,-0.011034031,0.030506086,-0.048554134,-0.7676193,0.091688275,-0.0007452426,-0.00027082363,-0.4744399,-0.024570577,0.00804911,-0.011340354,-0.051600438,0.018757813,0.009889251,-0.060379233,-0.43520743,-0.05599075,-0.011602206,-0.012902234,0.0050823647,0.010753949,0.00117379,0.05617668,0.009992611,-0.005907266,0.0049557053,0.03623287,0.00057454134,0.04372563,0.03859472,-0.0015185537,-0.06582921,0.021851096,0.013203103,-1.0387157,0.006702683,-0.791253,-0.73069704,0.028592795,0.002373365,-0.029495943,-0.064027995,-0.008121508,0.013496694,-0.01585895,-0.027669681,0.101313844,-0.00079490565,0.03958687,0.04322783,-0.00051343243,-0.01965887,0.0067975437,0.023113037,0.0036885124,-0.056307215,-0.053235564,0.0024411168,0.009744094,-0.05764607,0.00023821468,-0.012405311,-0.017411077,0.00080955744,-0.0033435938,-0.24853803,0.023057386,-0.010394014,-0.019433405,0.01648164,0.021889124,-0.21376619,-0.0018654319,-0.023828609,0.0011046901,0.008143975,0.027966054,0.00035633516,0.012429052,0.065766826,-0.020339401,-0.040690567,-0.01599359,0.004791073,0.00061562454,-0.033001557,-0.020441933,-1.1565301,-0.062601134,0.04042243,-0.118880704,0.0072003026,0.016424064,0.0073305327,0.17691563,0.023612626,0.0055074687,-0.01567012,-0.008899032,0.0037942638,-0.0034108139,-0.5611117,0.05107254,-0.0021286528,-0.0019033697,0.0341138,-0.009078625,0.10073414,0.057942864,-0.004475285,-0.021744942,-0.0009631577,0.0034208533,0.10230544,0.013237498,0.065724626,0.07019438,0.04807819,0.0030170053,-0.7433158,-0.05095481,0.052247506,-0.0557679,0.01565377,-0.011030143,0.001173461,0.061611183,-0.04472993,0.016497608,0.009690956,-0.011920728,0.04574395,-0.020818276,0.0067881183,-0.032149434,0.03467875,0.0059449947,0.04973774,0.036190525,0.05391513,-0.0011369106,0.039953977,-0.02223048,-0.027369503,0.034160472,-0.00061029126,0.0094127,-0.003195885,-0.0013655245,-0.071289875,0.032768264,-0.032145582,-0.0063710855,0.0041982145,0.0050657843,0.0071514603,0.0020190314,0.0014304364,0.0040001553,-0.008535801,0.04300384,-0.015346426,0.025828725,-0.02211215,0.0016615752,0.058508042,-0.014539858,-0.007352399,0.017313648,0.04351823,0.007988401,-0.032086737,0.007459338,-0.18958557,0.00993844,0.00036926824,0.0054325457,0.044551708,-0.0010756669,-0.705952,-0.01892788,0.030265557,0.059432488,-0.00021069427,0.05716416,0.010785622,-0.010032789,-0.012685287,0.009132081,-0.109358534,0.046858676,-0.013812211,0.05046339,-0.0010528972,-0.0029133165,-0.004091252,0.013901125,0.027084002,0.03982366,0.004735496,-0.011405967,0.0028169292,-0.001103054,0.009447068,0.094442844,-0.0154124005,0.004490709,0.022956226,-0.006266948,0.0040304917,-0.030077303,0.0029356938,-0.0007993688,0.073639505,-0.038342312,-0.04689285,-0.005752437,-0.03439556,-0.002039937,0.04047347,-0.03841637,0.00042340154,-2.1120045,-0.040215142,-0.090794906,-0.008218102,-0.08377539,-0.049108095,-0.0024750633,-0.083018154,0.07984949,0.043091636,0.018930294
