-0.039492637,-0.20187081,0.024416553,-0.07556514,-0.06996069,0.011041251,0.12692627,0.04165091,-0.08496122,-0.0056689745,-0.056222346,0.043883525,-0.044959158,-0.034720276,0.09825954,-0.0073075867,0.06491836,0.022711009,-0.17802791,0.12200268,-0.055259503,-0.1993907,0.13938451,-0.0030532598,-0.005370403,-0.025426835,-0.033800237,-0.038454264,0.055111215,0.0161838,-0.2390305,0.24679635,-0.56139404,0.050558154,-0.00044893942,-0.045381304,0.01470617,-0.00508824,0.0057253474,0.0031774384,0.0858517,0.06562636,0.07683563,-0.07495444,0.03316238,-0.070765376,0.05178044,-0.04188222,-0.08120905,-0.096841335,-0.035714258,0.07617348,0.1453006,-0.014481944,-0.035450887,-0.15218535,0.01940961,-0.027244523,-0.0014911093,-0.119103916,-0.10575018,0.05500111,0.013994476,0.022844492,0.0597086,-0.0064580417,-0.1076931,-0.0072955987,-0.09332574,-0.10475625,-0.06015726,-0.118821315,0.13238853,0.066787295,-0.031183625,0.0029030647,0.028831162,0.03950141,0.06281344,0.2564636,-0.07766951,0.042487044,0.022252524,0.013987794,-0.030215159,0.00024711303,-0.14337465,0.084497705,0.015648097,-0.019111997,0.16373694,0.09684194,0.024968548,0.1045244,-0.09575364,-0.09778003,-0.0060747177,-0.05179423,-0.050124787,-0.045841385,0.032750823,0.029675987,-0.03131824,-0.016471123,0.0695897,0.03658407,-0.038165584,-0.00441141,-0.025428962,-0.29152086,0.44687468,-0.0007181308,0.001087534,-0.043865412,0.0548307,-0.27048817,-0.07765744,0.064033374,-0.06998371,0.02875016,-0.014917835,0.095090024,0.034981027,0.010255326,-0.22595696,0.033379614,0.010612263,-0.03306247,0.1262728,-0.060288742,-0.07781219,0.1294083,0.017477686,-0.11119591,-0.0023250966,0.03449476,0.049198557,-0.048356656,0.22538953,0.16457953,-0.03048204,0.044514082,-0.058580212,-0.018619616,0.009365485,-0.19044234,0.022532683,-0.1243936,0.13760188,-0.0041584233,-0.17829219,-0.066991866,0.009507118,-0.04765388,-0.033044033,-0.07509177,-0.28029266,-0.08737425,-0.08136953,0.039849248,-0.017821394,-0.0061142156,-0.082630016,-0.0038466295,-0.02306559,0.017558258,-0.13580312,0.15617274,0.115202695,-0.05189438,-0.09442846,-0.077539235,0.08681513,-0.0023598853,-0.004766338,0.123587064,-0.069409244,-0.07242366,0.1375617,0.07852764,0.10485176,-0.01169743,-0.019528782,0.1659528,-0.06254505,-0.11213667,-0.1346281,0.1360839,0.032358315,0.39241707,0.092743866,0.16079274,-0.06393615,-0.07935867,-0.099944785,0.47296903,0.009982227,0.013192313,0.037183207,0.060296062,-0.039886698,0.033049997,0.15473977,0.047579683,0.077506095,0.101077095,0.13604751,0.053709608,0.08020686,-0.023728698,0.01621742,0.7632507,-0.1338022,-0.055158067,-0.092194386,0.00051010906,0.019631939,-0.0046630995,-0.0015419758,-0.07360252,0.12407749,0.002735554,0.09089393,0.18015875,-0.038782466,0.0008197648,0.03967972,-0.063606456,0.089523114,-0.06422246,0.17815481,-0.03505163,0.088167384,0.04365789,-0.0063782795,0.22087379,0.13175087,0.019652406,-0.006016025,0.10975584,0.0029502064,0.09554186,0.11621417,0.13614148,-0.041933246,-0.016755454,0.037960686,-0.1286408,0.020091314,-0.13472272,0.06414016,-0.20329134,0.141312,0.049823936,0.29336047,-0.022123212
0.20966391,-0.2664645,-0.0641179,0.1428795,0.1509698,0.060904764,-0.08161347,-0.16328397,0.22781928,-0.21779953,0.17049867,-0.06061151,-0.056380164,0.042891584,-0.057191763,-0.12313187,-0.014900908,-0.04150154,0.27732283,-0.11270165,0.028935669,0.15697446,0.29233032,0.12677819,-0.18661587,0.03781068,0.0192651,0.3338299,-0.16150515,-0.15865758,0.0057884245,-0.12316572,0.22012247,-0.026690517,0.0024932877,0.08011048,0.008512016,0.03215667,0.0011882001,-0.26296613,-0.06361477,-0.03473283,-0.054652926,-0.016720314,-0.26240724,0.06925716,0.118888,-0.11259139,0.16474937,-0.2876656,0.04974621,-0.11154306,-0.013518265,-0.011574805,0.13378082,0.20759133,-0.3350211,-0.078275904,0.08476294,-0.25857288,0.08744961,0.014337765,-0.09678597,-0.03424345,-0.10711025,0.04156297,0.16814394,-0.09538857,0.14443706,-0.34937856,0.004377944,0.49114883,-0.05800663,-0.032979887,0.078910425,0.11640215,-0.12907177,-0.03632358,0.07487584,-0.12297583,-0.18214883,-0.005008297,0.26634583,0.054707695,0.062464796,-0.18526727,0.04492886,0.14111094,-0.13555282,0.012310991,0.07719082,-0.13528055,-0.05396227,0.058568586,-0.07266824,-0.0645567,0.03688394,0.1240228,0.14314896,0.006117688,-0.06871367,-0.04576325,0.30803972,-0.011753569,0.057617746,-0.36782056,-0.12681758,-0.13301443,-0.010621216,0.69270897,-1.7565557,-0.029392304,0.044677738,-0.023067974,-0.15210344,0.08536586,0.0593717,0.01838687,0.1200534,0.081653416,-0.064665206,-0.12027496,-0.0023153983,-0.021239959,0.4497888,-0.024372611,0.061096147,0.22473696,-0.14232093,-0.12116494,0.16895881,0.36028063,0.06753394,0.25649908,-0.23885378,0.13041168,0.028461136,-0.07429294,0.1999475,0.0074244756,-0.0957862,-0.16301042,-0.1741269,0.15093888,0.106174886,0.08565771,-0.15413764,0.24773765,-0.18828201,0.10136048,0.013548047,0.13234985,-0.021428036,0.20997769,-0.09143681,-0.47963855,0.15972565,-0.009228138,-0.034947544,0.063569546,0.11125264,0.15932763,0.30176902,-0.08712163,-0.14667132,0.05572926,0.099292025,0.027686644,0.0050400244,-0.19151352,0.08070235,0.16020371,0.14930886,-0.025366314,-0.09369923,0.01800723,0.015179424,-0.039580446,-0.023865137,0.08707042,-0.09477291,0.07180166,0.42459798,-0.04104282,0.010903121,-0.15393959,0.011311813,0.021795845,-0.13972954,0.38105622,0.079802714,-0.097760506,-0.0038181888,0.012995051,0.080528826,0.702764,-0.0059161684,-0.007716059,-0.16609721,0.04540896,0.16539638,0.006514832,-0.1106418,-0.06667372,-0.10216877,-0.016439082,-0.008013883,0.09754606,-0.13047132,0.013554408,-0.12381289,-0.16010365,-0.0065993243,0.39199826,0.15698989,-0.09226506,-0.080252536,0.07403218,-0.029655661,0.012484558,0.027136259,0.10452331,0.017673079,0.021590872,-0.25572667,-0.05383773,0.13247919,0.08997721,-0.16480224,0.053904586,-0.0131878285,0.0039735725,-0.015195955,0.06887733,0.13168515,-0.122455046,-0.040497556,-0.011675162,-0.13468905,-0.026939342,0.07390094,-0.09267093,-0.09773096,0.057647526,0.0046203015,-0.24414761,-0.11482382,-0.052175425,-0.1475258,0.0036136145,0.09452939,-0.081692256,-0.12450338,-0.012193376,-0.21417885,0.013859561
0.0032513435,-0.06572445,-0.12156616,0.038347036,0.02416124,0.112795696,0.12356554,-0.007636391,-0.16459763,-0.027209321,0.03819963,0.13427751,-0.031287994,0.02269805,-0.11691252,-0.10293498,-0.1185648,0.014662844,0.38038725,-0.09635144,0.009659826,-0.123564966,0.03519898,0.09575832,-0.014170441,0.008699089,0.14602658,-0.059200138,-0.023048392,-0.123013034,0.13529813,-0.01807503,0.21431653,-0.073173776,0.13805321,-0.2435097,-0.10148307,-0.0665079,0.15548627,-0.059823222,-0.10223936,0.07263917,-0.08155486,0.050928924,0.1123938,-0.05770132,-0.12869786,0.08495453,0.15687093,-0.07019437,-0.06575546,0.069179304,-0.017159196,0.15138683,0.010717352,-0.0012661602,0.027181877,0.027750598,-0.11901245,0.061794054,0.092614844,-0.102271885,-0.17458843,0.0010324222,0.112075344,0.15259007,0.022840463,0.061445612,0.012372421,-0.035942063,0.14548706,-0.00879571,0.13344838,-0.07367536,0.11286536,0.09525805,-0.10694399,0.018370513,-0.0826987,-0.047621835,-0.023592265,0.14535429,-0.09011493,-0.08862947,0.011181342,0.038661957,0.031073881,-0.031004457,0.07876377,0.13836856,0.0095869135,-0.019404812,0.18001293,0.06613836,-0.096875325,0.115479834,-0.15543956,-0.13603191,0.07626269,-0.12994725,-0.10982572,-0.13056982,-0.21568955,-0.07559198,0.11754486,0.026445294,0.18779233,0.42215917,-0.2519744,-0.17273621,0.1285534,-0.1479998,-0.11282908,-0.041798115,0.013728276,0.06598488,-0.12545756,-0.010527887,0.047995575,-0.19338146,-0.13586643,0.029831883,0.1637897,0.13933535,0.16208018,-0.056298535,0.08524728,0.052129317,0.06680829,0.1302326,-0.07910323,-0.035863288,-0.06525058,0.105275296,0.053667635,0.035813577,-0.09928176,-0.08193762,-0.013695794,-0.06301415,0.18422027,-0.19097526,0.05373781,-0.04982913,0.082571104,-0.020189783,0.049763046,-0.20198572,0.06314402,-0.12060207,-0.02688909,0.08138237,-0.008099496,-0.14507544,0.394516,0.04017165,0.08240565,0.31423867,-0.19577286,-0.120336734,0.033774864,-0.0051807393,-0.00072962773,0.0933299,-0.094694644,0.024965873,-0.0056025595,-0.048007652,-0.06406289,0.021955233,0.21351881,0.022181682,-0.056205917,-0.042224057,0.031240502,0.076910205,-0.13635784,-0.022157708,-0.076025106,-0.13190134,-0.11475293,-0.17290866,0.099201135,-0.0011853961,0.010672314,-0.004693193,0.019888723,-0.031003837,0.23893721,0.113787025,0.031869512,-0.11881762,0.25041708,-0.22336301,-0.056075383,-0.3076677,-0.19324264,0.13391049,0.07034965,0.10704301,0.042976692,0.13950093,-0.58217734,0.14296387,0.07869636,-0.053760882,-0.001199163,-0.0049380506,0.0565862,0.14420038,0.1359478,-0.00027897087,0.14797492,0.09656574,0.039603945,-0.014065136,-0.06754622,0.082263,0.16050941,-0.10686285,0.10545296,0.03363198,0.13376063,-0.007739284,-0.02138445,-0.13823289,-0.014220129,-0.1573942,-0.14781411,-0.16346714,-0.012655183,0.21563968,-0.07829683,-0.08821103,0.01915575,0.039086822,-0.11753178,-0.07285799,0.05885948,0.11915928,0.12836644,0.030221926,-0.06939998,0.047233164,0.019466763,-0.011389175,0.07530863,-0.07738311,0.091066636,-0.07074026,-0.19188592,0.1555924,0.05660137,-0.14830613,-0.18165183,0.08266691
-0.18291473,0.19983093,0.01997885,-0.14765684,-0.08817867,-0.052342203,0.044555955,0.14588411,-0.1106581,0.2293277,-0.20316371,0.06813162,0.074521266,0.010634508,0.01429071,0.101401284,-0.038956754,0.13159125,-0.14568712,0.04127383,0.05403234,-0.2025903,-0.22762735,-0.07503533,0.1774401,-0.03935354,-0.07014383,-0.27604333,0.14195426,0.17452705,-0.021092625,0.004225927,-0.24194008,0.050160736,0.020859635,-0.03466,0.066308,-0.15296327,-0.12736684,0.15151855,0.054553855,-0.03316622,0.06304154,-0.011539474,0.2918959,-0.13089652,-0.06949114,0.08374571,-0.103988096,0.21702196,0.00036780332,0.01493041,0.0035179663,0.023207122,-0.07437914,-0.17857921,0.28679988,0.07600144,-0.04159835,0.18924066,-0.04459393,-0.022736805,0.038937084,0.01564255,0.09314755,-0.027614452,-0.122013375,0.105992556,-0.10413959,0.29844037,-0.010424333,-0.37816185,0.038132567,0.102157764,-0.09618712,-0.10387497,0.08518355,-0.017725984,-0.048966736,0.17588286,0.14235367,-0.022592254,-0.090551786,0.027312385,-0.06786598,0.10891334,-0.052579418,-0.08693564,0.08210655,-0.015449152,-0.051059987,0.008750745,0.004313369,-0.04912295,0.06420718,0.07268309,-0.013553437,-0.045837026,-0.09580875,-0.007739054,0.031582963,-0.04299771,-0.27741998,0.008998656,-0.031892534,0.2738984,0.13130288,0.05306872,0.056464706,-0.5587092,1.7629962,0.017348895,0.025564807,0.009865888,0.124961756,-0.11671821,0.010468907,0.029977826,-0.07861537,-0.06678853,0.04044101,0.07887802,-0.021939196,-0.034105085,-0.27498168,0.025188254,-0.03845951,-0.18280733,0.13072531,0.11041724,-0.15653631,-0.34662125,-0.053891018,-0.12591992,0.1753313,-0.12477825,-0.027506107,0.03739518,-0.12848593,-0.023501955,0.031829946,0.14817458,0.20712252,-0.11266539,-0.12158306,-0.05210936,0.09183532,-0.20956188,0.15688673,-0.11124159,-0.06394046,-0.062346373,-0.06408169,-0.12202964,0.09120872,0.4573061,-0.13094248,0.0739067,0.014950832,-0.01404106,-0.09740108,-0.10907763,-0.18010001,0.027044866,0.14475925,-0.09710991,-0.10624707,-0.007633391,-0.061071653,0.26675472,-0.097316444,-0.11504659,-0.13359709,0.021469694,0.15348221,0.08174596,-0.089256644,0.03645482,0.04129301,-0.074852824,0.15027262,-0.10868237,-0.52608407,0.05433667,0.022525968,0.08261104,0.013412953,-0.07466865,0.12950301,-0.44727945,-0.022251038,0.034239873,0.00052851427,-0.009674225,-0.09858359,-0.69048494,-0.07715305,0.022744324,0.2002315,-0.059527278,-0.18932481,0.03667738,0.0065636435,0.057499,0.106282346,-0.009052597,-0.07599637,-0.08491891,0.12710331,0.05646027,0.07600343,0.16917476,-0.073607095,-0.35057777,-0.067943394,0.14577876,0.045271903,-0.03094711,-0.029780904,-0.015874341,-0.018158667,-0.014989553,-0.009677001,-0.016909732,0.22009416,-0.04521052,-0.098784775,-0.11776998,0.0819182,-0.0748692,0.023438694,-0.05486363,0.020019175,-0.054615576,-0.12554374,0.08583829,0.03495162,-0.022377456,0.020125022,0.035674036,-0.04934753,0.114138134,0.06975954,-0.15854898,0.0075715627,0.18757787,0.06709225,0.13029775,0.08094006,0.02211093,-0.047649425,0.048348654,0.13819452,-0.015400442,0.23692574,-0.018624451
-0.046232946,-0.1935935,-0.02746414,-0.036593184,-0.07193729,0.054654773,0.073543005,0.060371604,-0.05952011,-0.025160976,-0.035349965,0.07540041,-0.03690273,0.040736992,0.13030279,-0.06375422,0.07431117,0.09087565,0.015267173,0.08719488,-0.027976621,-0.24369964,0.07497198,-0.022501865,0.016140968,-0.13535492,0.031071024,-0.032358985,0.04991815,0.047446482,-0.2917108,0.09961301,-0.51830596,-0.013854709,0.0014545966,-0.082046784,0.053893413,-0.04953061,-0.00749503,0.062343255,0.0552834,0.041026797,0.09262664,-0.055719305,0.043226846,0.048028376,0.06559238,0.0035244804,0.00988128,-0.02875543,-0.07923587,0.17074616,0.132509,-0.022819623,0.015465342,-0.17264801,-0.006300637,-0.06759683,-0.08480112,-0.12960675,-0.02198758,0.10321008,0.07403614,0.0112138195,0.066074155,0.0269401,-0.0463035,-0.010827721,-0.021073574,-0.026158867,-0.065565765,-0.14216201,0.10495893,0.1503105,-0.048206545,-0.05186948,0.023430105,-0.0021929294,0.027407903,0.20378292,-0.09686694,0.1079997,0.07930429,0.073952176,0.0382653,-0.0798597,-0.11250764,0.061235543,-0.045003112,0.04537067,0.19497025,0.01355945,0.013379682,0.09137072,-0.1436109,-0.019634381,-0.04233334,-0.06512227,-0.064601764,-0.018655099,-0.033429593,0.06238279,-0.20107366,-0.03428947,0.057123415,0.10825681,-0.08916638,0.05904381,-0.010055766,-0.31640264,0.48011184,-0.054811377,-0.019202325,0.01837336,0.08262546,-0.25523067,-0.07596604,0.05850703,-0.041880183,0.008326379,-0.033239584,0.09650583,0.029946156,0.0031142381,-0.029976904,0.004543755,-0.023636265,-0.10363631,0.12794271,-0.04065891,-0.13585378,0.1331217,-0.05850954,-0.060329776,0.03933484,0.062436257,-0.087686114,-0.13800775,0.22660527,0.1715668,0.007538023,-0.05262987,-0.029377494,-0.027821736,0.00026057704,-0.15789849,0.071231924,-0.15655439,0.1332916,-0.012425561,-0.1786302,-0.088803545,-0.11605071,0.012082399,0.06546512,-0.045740247,-0.18325213,0.09918746,0.028046733,0.06650246,-0.06308632,-0.00010827015,-0.07491455,0.012341537,0.02361238,-0.03552833,-0.14029488,0.12120622,0.0074902247,-0.065615,-0.044234876,-0.0061588865,0.05905835,-0.022706881,-0.044239968,0.020982232,0.010555886,-0.07427656,0.12368904,0.036581468,0.15347527,-0.054275803,-0.012309177,0.16013968,-0.0017839281,-0.08236149,0.07938642,0.13509612,0.061854172,0.40680763,0.037608735,0.14255834,-0.059277106,-0.056996103,-0.12741101,0.19223568,-0.046032444,0.060399957,0.07544671,0.11505003,-0.060169563,-0.0337481,0.12993701,0.042565178,0.02778754,0.17860386,0.07863052,0.037293177,0.013513387,0.0053475555,-0.0015962843,0.66048056,-0.14740703,-0.09919249,-0.07070468,0.017858563,-0.030883333,-0.032534275,0.049610667,-0.018693516,0.18229498,0.047695532,0.08062785,-0.13962516,-0.028385228,0.049718898,-0.041219063,-0.09391035,0.016613368,-0.03726488,0.1267663,-0.032832097,0.13806786,0.08716353,-0.0025225978,0.23449808,0.10298087,0.10142718,-0.062364202,0.07664607,0.033907875,0.11060913,-0.027857887,0.11478533,-0.04555603,-0.010586242,0.10925949,-0.057347566,-0.014515694,-0.118587635,-0.012243591,-0.10658412,0.18012694,-0.005006124,0.10644614,0.024509393
0.04511335,0.03565514,0.06956969,0.60348994,0.15743189,0.055880357,-0.0736458,0.1378257,-0.110118836,-0.041084692,0.0769833,0.006193018,-0.161031,-0.0030987046,-0.011770691,0.061285447,0.06703182,-0.12611592,-0.18696973,0.06755753,0.033022597,0.112534516,-0.12177728,-0.021310568,-0.021317204,0.10285424,0.06980291,0.295878,0.09662633,0.09514492,0.13516796,0.20281832,0.2726082,-0.56666124,0.051424496,-0.24620739,-0.073889166,0.033516344,-0.089488305,-0.16343762,0.11660208,-0.3926777,-0.10550384,0.12454955,0.040219348,0.16769865,0.052861672,0.110853046,-0.061198644,0.0019842626,0.15867099,-0.03508906,0.1326708,0.00096087245,-0.17896296,-0.20684576,-0.03687846,-0.103127874,-0.15942173,-0.097983874,0.019240256,0.09517267,-0.0045817285,-0.0041266927,0.0828789,-0.016934011,0.0264086,0.102138005,0.0969655,-0.08233673,0.18869574,-0.18160923,-0.08380516,0.0011374216,-0.1742049,-0.12958513,0.03840126,0.16775942,0.118427105,0.096727304,0.0370064,-0.21141393,0.09787558,-0.08538543,0.2055614,-0.025199842,0.15306781,0.08357478,-0.21584597,0.03126979,-0.051362578,0.15083584,0.007266181,-0.12696919,-0.101364,0.051595546,-0.022226362,-0.14488356,-0.049511813,-0.11334623,0.18666062,-0.24546045,-0.16865961,0.25776196,-0.00074999715,0.23542696,-0.154943,0.30496243,0.23449361,-0.3175519,-0.41259137,-0.2022727,0.07227112,-0.002199023,0.09086982,0.2523902,0.077431954,-0.16877621,0.058125652,-0.013876256,-0.11893353,0.18164928,0.10876662,-0.110144705,-0.43412244,-0.2060133,-0.280969,-0.107487306,-0.06967927,-0.04531136,0.035272427,-0.05181628,-0.25896433,-0.4026367,-0.025534952,-0.12940267,-0.07980577,0.016625317,-0.019259755,0.06817797,0.12747593,-0.10972895,-0.1268058,0.1720222,-0.043598033,-0.050050948,-0.19895992,-0.10081734,0.050090853,-0.08608582,0.04157597,-0.23890786,-0.029095495,-0.038745657,-0.6245802,-0.055109724,0.1375659,-0.11771813,0.6273513,-0.16331795,0.09320075,0.20563251,-0.045267306,0.20886672,0.04344708,0.14457476,-0.011901004,0.043192394,0.5321377,-0.06177234,0.06385648,-0.2009483,-0.00051643857,-0.16254622,-0.1297475,-0.00075137045,0.029961169,-0.002194151,-0.10833611,0.07596346,-0.06476366,0.103196196,-0.060375795,-0.14067644,0.20230749,0.14914392,0.01319489,0.06583779,0.001217672,0.087263264,0.24642211,0.0021679222,-0.031600356,0.23140143,0.18238279,0.7767358,-0.0142122265,0.09649665,0.01902541,-0.11681659,-0.09732025,-0.5071205,0.04659011,-0.07168317,-0.10992406,0.037071113,0.106540024,-0.1435593,-0.14765207,0.06752319,-0.09983157,-0.020015555,0.09924483,-0.7666434,-0.14343369,0.13750367,0.10610473,0.26156813,0.07066241,-0.02628245,-0.2314461,0.18707246,0.028312761,0.087910086,0.040871892,-0.1731566,-0.14969689,-0.058526628,-0.0014201907,0.10585537,0.096464165,0.25606668,-0.2096937,-0.100061715,-0.14628883,0.050389435,-0.053050872,0.4103178,-0.07901331,0.06941694,0.02600054,-0.14252523,-0.05926759,-0.36188278,0.022983992,-0.11170511,-0.013965085,0.065938964,-0.031536505,0.11080276,-0.64196503,0.079561576,0.039415248,0.033009373,0.1239154,-0.15400282
-0.030462932,-0.23494639,0.027207788,-0.041456874,-0.06581012,0.007300173,0.12654848,0.04356364,-0.06315192,-0.01034565,-0.07730734,0.043713942,-0.051603302,-0.021997051,0.0997509,-0.0044266176,0.06486143,0.025905605,-0.17412694,0.11817768,0.064808086,-0.17338188,0.122381024,0.001871541,0.0028817959,-0.01497287,-0.01150583,-0.012699515,0.04226731,0.040791824,-0.20808893,0.24617177,-0.504481,0.10812621,-0.004680961,-0.032127667,0.00042246134,-0.013591721,0.0051501635,-0.011001431,0.08856105,0.081895486,0.077449016,-0.07693397,0.044389565,-0.08968672,0.069357894,-0.030253168,-0.06728257,-0.09653612,-0.044297937,0.0746252,0.1263702,-0.008539248,0.0006493473,-0.08463841,0.05943201,-0.01319556,0.001107274,-0.113841936,-0.1021963,0.07998895,0.04435664,-0.005849179,0.022357006,-0.006451002,-0.10643682,-0.0053995214,-0.07452182,-0.06262975,-0.049102608,-0.017174046,0.12055903,0.04171611,-0.027090205,-0.0077943737,0.046129644,0.037726283,0.035648666,0.24124013,-0.07707658,0.016527226,0.07075358,0.033216923,-0.0032218997,-0.035659,-0.19216059,0.090693235,0.012696969,0.0021340365,0.19291063,0.10491168,0.018851452,0.1019626,-0.102646865,-0.09506461,-0.013706433,-0.029640889,-0.043379057,-0.025372127,0.032267414,0.0316257,-0.044005893,0.003994542,0.06947494,0.028821474,-0.08737752,-0.015096521,0.013096439,-0.24425597,0.56539947,-0.002311833,0.014622795,0.0638942,0.050694473,-0.27062878,-0.073897235,0.06445436,-0.06693415,0.029330393,-0.0654112,0.103574246,0.025101064,0.026145529,-0.16997495,0.008256618,0.038357824,-0.014190429,0.11922255,-0.060885884,-0.059124723,0.06103858,0.012926551,-0.04435625,-0.005567678,0.042851318,0.05110019,-0.056623008,0.25061694,0.16602366,-0.02632295,0.022444721,-0.009911134,-0.0067806556,0.014439964,-0.18067761,0.01770136,-0.09003525,0.124339044,0.030439297,-0.16530365,-0.05473524,-0.16887759,-0.038334873,0.0890682,-0.04298658,-0.22176038,-0.09522651,0.0007794411,0.06328648,-0.0149272615,-0.0013127519,-0.048751965,-0.0019883213,-0.047672033,0.019839583,-0.13884571,0.15737978,0.14130227,-0.06972949,-0.115337305,-0.048719436,0.09225954,-0.01276881,-0.04146684,0.12596574,-0.0708112,0.11893881,0.14870104,0.09657162,0.105444,0.03569041,-0.034207124,0.13548832,-0.071503825,-0.13627975,-0.28674376,0.14010985,0.0346277,0.5185969,0.08767919,0.17475818,-0.07173073,-0.061274394,-0.083522014,0.6388258,0.04604566,-0.0030974206,0.040554605,0.051495153,-0.034592956,0.07713164,0.19513547,0.048340272,0.0754559,0.11637151,0.12762642,0.0558651,0.075534455,-0.028925233,0.04454038,0.66887754,-0.11715436,0.04890088,-0.06732238,0.0252838,0.027930524,0.0045094113,0.025665719,-0.06669058,0.15734787,0.0006703985,0.077579856,0.17390577,-0.043874677,-0.0068772933,0.053373516,-0.050457336,0.11286905,-0.06568259,0.17878442,-0.041688833,0.083493836,0.040082198,0.010181684,0.22241311,0.13194442,0.020270115,-0.0014081176,0.13483779,0.022506151,0.10942938,0.10414911,0.13414145,0.06381809,-0.034673423,0.031229066,-0.14964454,0.023589766,-0.12612022,0.13467757,-0.24941364,0.16599405,0.04322322,0.31942552,-0.015951568
-0.028587505,0.24304932,-0.010128992,0.08841816,-0.03394629,-0.045193005,-0.04850125,-0.03546341,0.18562569,0.20406921,-0.035351586,0.030285925,0.021571225,-0.02956699,0.03192974,0.056888934,-0.017667875,-0.0033510686,0.20069899,-0.023285314,0.031947266,-0.0904569,-0.28814602,-0.028074477,0.09299852,-0.021643598,-0.0049935197,-0.16654636,0.105795674,0.020806352,-0.016090658,0.009431769,-0.1806789,0.077453405,-0.006822719,0.044506136,-0.005992692,-0.042885803,-0.013819167,0.16454637,0.012527512,0.020484518,0.010211577,0.016441578,0.17954607,-0.05222131,0.012710604,0.021885123,0.08679054,0.2376258,-0.05645664,0.05623832,0.012656907,-0.0074800937,0.0028046817,0.012769605,0.25086164,0.020963777,-0.011327396,0.29417303,-0.012683762,0.026581215,0.053620715,-0.0410423,0.010839589,0.005586468,-0.060634565,0.025972402,-0.032713145,0.37954414,-0.045665685,0.18484579,-0.008920711,-0.022061212,-0.0010369119,-0.04085407,0.0041481527,-0.0037151736,-0.0827418,0.041375045,0.13690373,-0.029270427,-0.0034118155,-0.042980243,-0.0044482388,0.03248228,-0.027184041,0.04676461,0.034245774,-0.019042728,-0.01279482,0.079837695,-0.00029024505,0.004269706,0.03200391,0.048524287,-0.014778858,-0.0461548,-0.0514149,0.0053446284,0.07537386,-0.022531629,-0.080340944,0.06352871,-0.01776664,0.12291515,0.063451305,0.067941226,0.021392731,-0.21217825,0.86948514,-0.016416999,0.016703349,-0.02409029,0.0027222256,-0.07086125,-0.026696017,-0.02365822,-0.05510917,-0.053186283,0.003732128,0.0037820034,0.022700362,0.03270532,0.2483166,0.024515178,-0.03470824,0.13842264,0.033758257,0.056542702,-0.056113385,-0.29496163,-0.035446495,0.1523356,0.22708927,0.018359575,0.0017272776,0.021233816,-0.15566318,-0.004352643,0.053739753,-0.009151144,0.17039579,0.10569362,-0.0051509906,-0.06242511,0.09098787,0.06735861,0.02537826,0.02047962,-0.0045576068,0.12833343,-0.29596654,-0.01295976,0.108931586,0.40382335,-0.028215386,-0.018826984,0.09396705,-0.026270917,-0.0781971,-0.031782363,0.18583605,-0.0029340128,0.09587942,0.0017559465,-0.018836813,-0.043482907,-0.049470607,0.2160847,-0.07954774,0.08901762,-0.11613393,-0.014667705,0.017043212,-0.022887917,-0.009134659,0.11385143,-0.0045043663,0.008952823,-0.0022700855,0.027717527,0.47183138,-0.03220675,0.02128489,0.036045995,-0.23173706,-0.01856838,0.07629394,-0.16581433,-0.013704468,0.048072044,0.014732501,0.051445387,-0.047040503,-0.28950945,0.004717413,0.013783558,0.08660204,-0.064938426,-0.12858646,0.021862263,0.09062549,-0.032475345,0.030717196,-0.0033099058,-0.0069685895,-0.049982168,0.05135328,-0.009176347,0.071221,-0.020424154,0.024164129,0.2124429,0.07154822,0.026590217,0.00947535,-0.04340893,-0.013507054,-0.03923841,0.00827828,-0.06756329,0.007589072,-0.09042754,0.188568,0.05808549,0.05500741,0.024272135,0.14339136,0.024234787,-0.0010042631,-0.054363877,-0.00989812,0.012102402,-0.0070593366,0.008888741,0.01378774,0.013513359,0.07250819,-0.018241765,-0.02852195,0.03766561,0.0062170816,0.0073290784,0.00199815,0.15794034,0.08490331,-0.01837376,0.004231779,-0.02972424,0.008775235,-0.023479655,0.016990026,-0.009508941,0.07832953,0.012812713
0.0051701004,-0.010982948,0.030291043,0.059019998,-0.02951321,-0.013484142,-0.0059142946,-0.004312165,0.071373396,0.028926523,-0.0025813687,0.0015069334,0.010746623,0.07928027,0.04406283,0.0020962215,0.006328863,-0.02541318,0.28844,0.017938493,-0.01676245,0.03285262,-0.06819045,-0.005575337,0.01271327,-0.014216856,0.004544448,0.04349208,0.023730738,0.021861155,-0.03110956,0.005694458,-0.07220942,0.10636109,0.014689685,0.11162726,-0.013230285,0.002819171,0.04228765,0.048529364,0.020452866,0.028892988,0.003045774,-0.007518207,0.05125975,0.017048802,0.027166752,-0.02577131,0.04145533,0.032245483,-0.004986933,-0.002483319,-0.011431777,-0.012024549,0.013204241,0.012768323,0.05180324,0.005091606,0.012940616,0.023898011,-0.018417958,0.034476727,0.060986158,-0.0126411775,0.0030137347,-0.019930568,-0.028793352,-0.011353142,0.011728128,0.050623305,-0.0030901486,0.1697505,-0.0018802366,-0.02036973,0.042084463,-0.017147781,0.034428332,-0.0001582513,-0.0022991751,-0.03565895,0.008860483,-0.04346055,0.09502752,-0.011154586,0.021499213,0.00033091404,-0.07874299,0.024073262,-0.032798257,0.01569138,0.038817044,0.04200987,-0.034346845,0.032150757,-0.0136697395,-0.024589596,-0.007714887,0.04062889,-0.017443722,0.026429411,0.03804858,0.05898655,0.032227594,0.084316775,0.012866223,0.04598407,-0.00927289,0.29565263,0.13675007,0.08284212,0.37768218,0.019265508,0.025854735,-0.05414128,-0.010929731,-0.10190742,0.0041348245,-0.0328842,-0.025045497,0.019540073,-0.026891435,0.022753762,0.03312967,0.00944923,0.11306365,-0.0031083564,0.0084147155,0.05538234,0.011312374,-0.016402166,0.022381432,-0.056872573,0.017911179,0.09519644,0.016217668,0.03652449,0.025635215,-0.012017551,0.008151309,0.040232215,0.0033082522,0.051153433,0.0734664,0.04639935,-0.024127329,-0.03155826,0.008817507,0.022635534,0.008977438,0.03961297,0.016012548,0.051829007,-0.37785563,0.018383916,0.22803223,0.059563823,-0.008097641,0.018271312,0.13348645,0.043940287,0.002802937,-0.0061712177,0.041876107,0.004884581,0.0004905407,0.018960634,-0.02313395,-0.0024628665,0.051819943,0.004976564,0.0017692858,0.06895756,0.0060634096,-0.0012194514,-0.032873534,0.0023694283,0.009029834,0.012088184,0.04076598,0.062469874,0.03936215,0.11095263,0.11214217,-0.014817326,-0.015039675,-0.042976007,-0.30577442,0.038660742,0.09066255,0.06834853,0.050342627,0.042203017,0.0500563,0.11713027,-0.0018624904,0.50993437,0.08565763,-0.008800257,0.018120684,-0.019626241,-0.04039061,0.08646951,0.35221523,0.02298481,0.00076789106,0.030200506,0.018395845,-0.009696483,0.027378036,-0.009902707,0.06573054,-0.030465024,0.031329878,0.18470801,0.052835703,0.031518213,0.025651384,-0.025343543,0.05636831,0.02142707,0.03422353,0.0012383402,0.0064937994,-0.022591399,-0.014717164,0.022323556,0.013502653,0.06918465,0.06904085,0.008166644,0.010677569,0.035014242,-0.001554614,0.011944014,0.03849852,0.036404047,-0.0010911007,-0.0008094424,0.021771835,0.016060831,-0.019361885,0.029928727,-0.010171271,0.03269907,0.020494744,0.030352963,0.0029204942,-0.032034975,0.016933281,-0.0090269465,0.13438976,-0.019988015,0.032676034,0.018546753,0.07177052,0.010235014
0.0041823275,0.16841114,-0.016987953,0.09760928,-0.015675308,-0.015679577,-0.017299643,-0.008397241,0.09635046,0.20654461,-0.0513611,0.033966396,0.04203108,-0.022170894,0.034933828,0.026502008,-0.030696528,-0.0013874297,0.060961373,-0.02773169,-0.054455746,-0.10857919,-0.28889048,-0.023259092,0.10844354,-0.047088806,-0.040800378,-0.12369675,0.09249712,0.045870136,-0.06900726,-0.011559249,-0.06331742,0.024403244,0.009755268,0.048345156,0.033740647,-0.082641155,0.048390407,0.06294604,0.027912103,-0.030397769,0.04350383,0.0048821387,0.24744429,-0.027616512,-0.00267605,0.030977052,0.07223911,0.20339316,-0.013689353,-0.0069080982,-0.010185371,-0.008931203,0.036924176,-0.0065430193,0.26372477,0.02429764,-0.045454457,0.24073996,-0.015924359,0.031138394,0.038978152,0.029262096,0.032350946,0.022561546,-0.08000445,0.05569743,-0.02195657,0.32148695,-0.017424095,0.18610859,0.01402896,-0.003081581,0.021661635,-0.04881165,0.020338392,-0.0027274182,-0.07680803,0.08117075,0.11528199,-0.030998612,0.015396403,-0.01474871,-0.0037189045,-0.0014881965,-0.024200348,0.026015753,0.0020903728,-0.03209926,-0.002127262,0.00662953,0.0056289947,-0.0038247637,0.015328851,0.041825417,-0.014598475,-0.01822443,-0.03628693,0.021894826,0.03204019,-0.002549617,-0.09631932,0.057353523,-0.0014754307,0.13690427,0.05687922,0.06116622,0.019560821,-0.055212427,0.87832344,-0.0034795022,0.010711847,0.07427494,0.017749658,-0.07723892,-0.013244665,-0.004648371,-0.05974795,-0.038724285,-0.014383092,0.013217837,0.031918924,0.010881834,0.10577562,0.032537058,-0.02327254,0.094000764,0.045910157,0.059347343,-0.021465069,-0.27617708,-0.044847615,0.07855227,0.1866288,0.006415034,-0.018674687,0.0095619615,-0.13510711,0.008542725,0.027542507,-0.0012553143,0.20823283,0.066886365,-0.026977686,-0.06808906,0.07482164,0.046365026,0.011002268,0.025265593,-0.0437728,0.053785913,-0.29926288,-0.026131237,0.14966151,0.42471495,-0.024105243,-0.009574165,0.09895273,0.008752772,-0.050616693,-0.0016599176,0.076924056,-0.010196892,0.114430666,-0.0018668196,-0.03325835,-0.007260391,0.06357321,0.2841238,-0.08320092,0.051465906,-0.097401135,-0.028350327,0.061153222,0.008620698,-0.055353034,0.086720474,0.043038238,0.015490084,0.03374534,0.025645629,0.5575142,0.0059676752,-0.010361035,-0.034727406,-0.2263418,-0.034035247,0.08543603,-0.18486209,-0.0029176667,0.06805898,0.0015357069,0.07383297,-0.05163174,-0.22321366,-0.0038920043,0.021846818,0.11796311,-0.084855355,-0.16146755,0.07691238,0.11373909,0.0022740313,0.019117076,-0.00069653115,-0.019250134,-0.03680087,0.050349798,0.05801288,0.048608154,0.099441424,-0.02996563,0.17160735,0.037756205,-0.007158479,0.0034439547,-0.010908065,-0.022882912,-0.019916188,0.022414185,-0.019662896,0.0064772754,-0.10932416,0.18554153,-0.007647176,0.060822375,0.039530106,0.07867833,0.0036562323,-0.0042209844,-0.06731892,0.01653007,0.012065988,0.04662904,0.05765306,0.054264802,0.043921743,0.015551659,0.015561308,0.00269514,0.0644165,-0.0017577991,0.0054134135,0.036780104,0.11350174,0.046686728,-0.010202943,0.0024450177,-0.015100767,0.018687071,-0.017308384,0.025887353,-0.037876476,0.11523626,0.011710453
-0.0354179,-0.18376552,-0.03269911,0.018850809,-0.07763066,0.053870875,0.05296302,0.06633224,-0.04296654,-0.015701221,-0.036742963,0.07191701,-0.04143302,-0.026251508,0.16195883,-0.057497714,0.069051355,0.097769655,0.063964576,0.0941507,0.0046396004,-0.22675455,0.023612387,-0.02155115,0.04642263,-0.14567289,0.049208812,-0.02303161,0.029281203,0.08877432,-0.27158466,0.089656554,-0.41405964,0.029707158,0.008402161,-0.019022472,0.04053684,-0.057795808,0.021871965,0.093555294,0.05735026,0.048588518,0.08516608,-0.053984053,0.04145577,0.060366932,0.07068837,0.011048958,0.008429507,-0.0067014876,-0.0807869,0.15831627,0.121724226,-0.019813132,0.020703958,-0.11332187,0.042372547,-0.040806144,-0.089335606,-0.10402613,-0.038837213,0.10640244,0.11209681,0.042504705,0.055292003,0.028569017,-0.061193876,-0.004083313,-0.010753594,0.020493273,-0.07511762,-0.019123858,0.09991734,0.13462684,-0.037672587,-0.03140865,0.0350417,-0.0049769636,0.0047157337,0.22629775,-0.09319317,0.092757255,0.10328937,0.08299993,0.04268184,-0.11052821,-0.15503179,0.07395334,-0.06316005,0.046254814,0.21057308,0.045607418,0.030966904,0.089595094,-0.17101152,-0.012025733,-0.04461721,-0.047848523,-0.057065792,-0.0059940172,0.0014816143,0.090925336,-0.18083544,0.0106086945,0.057143845,0.14744161,-0.10661394,0.0876717,0.01861666,-0.292193,0.6578454,-0.04378649,-0.014820245,0.004010683,0.073009185,-0.27767003,-0.07675549,0.04657335,-0.053596344,-0.006429736,-0.077220425,0.11033525,0.050670784,0.029969068,0.002606954,0.009258578,-0.018474456,-0.092991084,0.118709035,-0.04937665,-0.14998962,0.09066213,-0.04400398,-0.0022620056,0.05457151,0.059219852,-0.081728466,-0.14044145,0.2280578,0.18745606,0.021820528,-0.057980396,0.02016343,0.017139705,0.0007087295,-0.15904841,0.08398828,-0.12808369,0.12934652,0.027738726,-0.16156264,-0.09386642,-0.34530273,0.023291282,0.19519803,-0.009388535,-0.154751,0.079592325,0.1452231,0.09390974,-0.042319465,0.009639459,-0.039352622,-0.0074315714,0.013409706,-0.028778553,-0.14274372,0.12755138,0.055952977,-0.04976819,-0.05153701,0.03685064,0.044522103,-0.041757807,-0.07357513,0.020168912,0.011106654,-0.027880898,0.13822806,0.08209607,0.14227143,-0.010096555,0.0018126892,0.15273446,-0.015010916,-0.0970319,-0.097286336,0.13116609,0.082915254,0.48162284,0.015849689,0.16927254,-0.05105551,-0.025511006,-0.12974212,0.40279427,-0.026407434,0.053550944,0.08931214,0.10263602,-0.057139818,-0.0036996352,0.19780262,0.03863884,0.029546034,0.18152301,0.08568145,0.018391438,0.010400031,0.019404694,0.01534328,0.719545,-0.1293805,0.044501267,-0.030191647,0.032622453,-0.025619183,-0.045016233,0.07331754,-0.0140406545,0.19868423,0.042165313,0.06167231,-0.17023285,-0.022753786,0.01971075,-0.016932266,-0.08683222,0.057547837,-0.032896057,0.12572733,-0.048708316,0.10674036,0.120972395,0.0020675992,0.2736375,0.12308218,0.10903246,-0.058447007,0.08470734,0.047290288,0.1240681,-0.024816606,0.2137681,0.049814146,0.0018042481,0.106041595,-0.086102255,-0.024565866,-0.109430835,0.0969977,-0.14832419,0.22084966,-0.011614594,0.13002641,0.04505507
-0.012954011,-0.009533104,0.03013629,0.28238714,0.08220378,0.022082647,0.010129191,-0.0010368841,-0.0061361394,0.026120065,0.017500537,-0.012620674,-0.044795096,0.017398056,-0.0006372548,0.0026678268,-0.02652266,-0.025520919,0.11838857,0.011273313,0.049958166,0.019562624,-0.072916605,0.013174829,0.027383346,-0.02935306,-0.010048575,0.0998047,0.0062635075,0.031232135,0.044135112,0.183777,-0.0038663987,0.302377,0.049860615,0.023574853,-0.017535724,-0.0064753154,0.020954456,-0.0054632453,0.037152436,-0.122805074,0.009126202,-0.015887117,0.05319578,0.004088414,0.0515218,0.017765084,0.0038435198,0.008503359,-0.0072867293,-0.03888453,0.037971288,-0.0019644108,0.06765183,0.028269928,0.030182457,-0.02973764,0.08848713,-0.008347464,-0.0004134517,-0.0051502497,0.060043633,-0.009227876,-0.007942272,-0.0043462818,-0.020524263,0.0032566495,0.012770898,0.03615922,0.04585511,0.087471776,-0.048181526,-0.030528512,0.03192802,-0.036380276,0.00813695,0.051804684,-0.025522646,-0.09227842,-0.035943456,-0.11168684,0.08998719,-0.053655136,0.077768736,-0.010620948,0.00503924,0.02356784,0.07053592,-0.01861779,0.028570885,0.060756948,0.03339141,-0.013282436,-0.037284825,0.015089863,-0.02155885,-0.0026809522,-0.003006306,-0.0047350363,0.114601,0.04169047,0.16427667,0.17642449,0.015170844,0.03266237,-0.0074966494,0.09975855,0.10025442,-0.01991143,0.4752108,-0.043136466,0.005981852,0.066893,0.028704915,0.16126576,0.022700612,-0.0072354297,-0.013816346,-0.053408694,-0.0245482,0.013775807,-0.005283907,-0.018093912,0.3314402,-0.0012081772,0.04443583,0.045957,0.023812195,0.015810622,0.009430829,-0.10754472,0.16160503,0.12006245,-0.013746414,0.011018716,-0.015113727,-0.019301888,0.0042605544,0.0511511,0.01952347,-0.01965987,0.07753475,0.107184924,-0.02469884,-0.01093085,-0.13424331,0.042856004,0.055781454,0.032885388,0.009451111,0.022839334,-0.3757543,0.015283149,0.11983234,0.048374634,-0.047411777,-0.065634824,0.22950938,0.013108788,-0.0072675054,0.06845732,0.022243112,0.1896791,0.014085335,-0.004780408,-0.033101834,-0.0015434191,0.45756727,0.024800535,0.092682384,0.07473092,-0.0057280874,0.0019794651,-0.031034991,0.0021095292,0.0053126724,-0.04192139,0.05592643,0.043377057,0.012060827,0.071924634,0.08281612,-0.05529411,-0.04447135,-0.06339305,-0.24672909,0.045149557,0.044315606,0.054978646,0.15367322,0.024492048,0.06821815,0.22090273,0.014318326,0.6505988,0.028814228,-0.014505484,0.027915906,-0.061103188,-0.020755447,0.47188526,0.07115872,0.013823972,-0.02608133,0.028042706,0.0010076411,0.0070246276,0.026867086,0.045216117,0.09115426,-0.010469857,0.011393342,0.5544509,0.106171355,0.060252745,0.015166917,0.23789693,0.019580219,-0.010399654,-0.01754712,0.009130163,0.01655777,0.13370733,0.010019382,0.0032870716,0.10391733,0.004366088,0.049496513,-0.023749206,0.03327277,0.11821532,-0.06486079,-0.029450074,-0.00014524261,0.0145621775,0.011301681,0.0183464,0.012276927,0.007005035,0.019785065,0.05833952,0.035493903,-0.09990048,-0.010898063,-0.05857319,-0.0091384165,-0.061653998,-0.0038167832,0.052375402,0.23235418,-0.01045217,-0.0019766232,-0.0016285685,0.09118647,-0.025243077
