0.10341291,0.25810012,0.088810034,-0.013235266,0.06332206,0.11437344,0.14083162,0.08676045,0.16804703,0.2169913,0.38126102,0.028283251,0.101339296,0.016112216,0.047305487,-0.305774,-0.09856971,-0.18632045,-0.52677107,-0.24516296,0.21627441,0.103196755,-0.8046052,-0.16343273,-0.19424206,0.1019125,-0.07290188,0.29853114,0.040679894,-0.030827226,0.13376816,0.032367185,0.11663195,0.06633106,0.13483998,0.16321218,-0.19701487,0.15847334,0.015619768,0.048572164,0.097920716,0.006826247,-0.0127415545,0.16286297,-0.025962245,0.021682026,-1.8321205,-1.5662748,0.024032623,0.166386,-0.08261497,0.00332511,-0.29351968,0.083374396,0.1950482,-0.016124701,-0.18960649,0.16964146,-0.051807813,-2.5493183,-0.07626434,0.00047117306,-0.18462986,-0.026435722,0.07675827,0.16558999,0.20512848,0.0958797,0.042031646,0.08347521,0.022142347,-0.049515754,-0.040087733,0.18571848,0.07279706,-0.05769804,0.17019427,0.07518035,0.16058654,-0.76139843,0.05016612,-0.08961122,0.06990104,0.18300398,0.1424879,-0.042448066,0.049370565,-2.7655234,0.101686604,0.029044969,0.06804564,-0.15353246,0.07212651,-0.021230247,0.0502649,0.06961367,0.20605034,0.099620394,0.04849413,0.10239202,0.35844576,0.060293976,0.00093111617,-0.036095425,-0.3241436,0.266886,0.09657084,0.2526576,0.03392114,-0.22879805,0.25842172,0.08623922,0.08674422,0.078914516,0.0036184138,0.069608755,0.041970227,0.043340147,0.06710144,-0.20642912,-0.41584325,-1.0739334,-0.22091211,-0.05208992,0.033213224,-0.060017586,-0.09144819,-0.030276503,0.16730008,-0.088942945,0.14741142,0.12403243,0.02106534,-0.029222127,0.051433817,-0.009848252,0.17554557,0.10306828,-0.0018296066,0.0896323,0.07679922,0.018692235,0.20768572,0.09449337,0.121050686,-0.8285489,0.049238887,-0.070898026,0.03886269,-5.4935317,0.09462754,0.18002634,0.14779301,0.18206422,-0.04228198,0.09400642,-0.17338839,0.14109078,0.19207159,0.111517146,0.021903751,0.14076468,0.23877352,0.039636597,0.101148434,0.04005048,0.12177928,0.11057574,-2.5615067,-0.09879067,0.0844693,0.22746205,0.2369107,0.17222126,-0.012616266,0.05881967,0.1568961,0.011606114,0.09672964,0.016666107,0.038066495,0.06961452,-0.032788463,-1.9306842e-06,0.1225366,-3.3619807,0.075729534,0.13668036,0.032328594,0.017508337,-1.335461,-0.045176785,0.13335875,0.12139298,-0.041640125,0.15596364,0.06887927,0.30106446,-0.04954271,0.045527376,0.035921056,-0.0064939107,-0.14854847,0.20461094,0.18222752,-0.15630417,0.05955595,0.25517946,0.085537,0.0019241744,-0.012945306,-1.9249275,0.011171309,0.07453341,0.12425786,0.09594631,-0.06640431,0.1493866,0.07262888,0.04935738,0.09482969,-0.022881001,-0.052008353,0.080534816,-0.034695372,0.070068136,0.6359775,-0.056471422,-0.8881822,0.05288787,-0.038168196,0.15934128,-0.000387089,0.2790516,-0.03445959,-0.058708638,0.013257938,0.046730816,-0.04907418,0.11546484,-0.08181902,0.24511418,-0.028939588,0.06051587,0.012158541,-0.20808679,-0.023883585,0.1326652,0.0026568884,0.036623,-0.009769023,-0.08240187,-0.055968896,0.15958959,0.02756992,-0.14919169
0.09958806,0.2550866,0.08671759,0.00090193865,-0.009914055,0.11020151,0.12092649,0.10496032,0.17936024,0.16866405,-0.19175836,0.05135102,0.12483593,-0.043576814,0.03999061,0.15701409,-0.035307072,-0.21587268,-0.15410607,-0.16560486,0.32776564,0.15658708,-0.74969935,-0.13116117,-0.2078781,0.11297762,-0.06480999,0.29001784,0.0015658844,0.061924152,-0.3752103,-0.058330487,0.11330636,0.057610348,0.14716068,0.15024382,-0.028795587,0.18523644,0.026925491,-3.7511623,0.08975878,0.005681902,-0.0139303375,0.1667593,-0.002817593,-0.025614452,0.3436362,-1.5023952,0.016466552,0.16319011,0.16658817,0.06282914,-0.21894361,0.09550891,0.17164373,0.0036161812,-0.20813514,0.2232004,-0.070835896,-0.24976847,-0.07153053,-0.026740307,-0.242326,0.021775806,0.085584,0.20995124,0.1865532,0.10107943,-0.160227,0.099490836,0.05409729,-0.0024318602,-0.047131844,-0.7673488,0.4092456,-0.075355336,0.19517547,0.10141869,0.20493738,-0.55385315,0.052046012,-0.14252082,0.07224376,0.17733881,0.13449936,-0.01795265,0.05607623,-1.3418934,0.042078044,-0.009021767,0.05095547,-0.10632017,0.07828201,0.0024710698,0.06927543,0.07062467,0.21643996,0.10263073,0.027284088,0.070154846,0.34545025,-0.03292997,-0.0092762,-0.028665131,0.000646129,-0.09395096,0.07316529,0.25535306,-0.025135145,-0.16210568,-1.517237,-0.040046874,0.08722826,0.08865563,0.024136608,0.07908851,0.041413676,0.007850194,0.06763501,-0.16628557,-0.25365615,-3.2712417,-0.072626896,-0.11485706,0.016730543,0.038458455,-0.04780282,-0.050663445,-2.6298206,-0.08180076,-3.4319253,0.14736108,0.050287135,-0.023163032,0.102390535,-0.13451378,-0.34533238,0.11301509,-0.1378676,0.036295768,0.03823469,-0.005443778,0.20686567,0.081194565,0.15767384,-0.14556442,0.08813426,-0.00073674764,-0.08402589,-0.12785615,0.093861826,0.18242018,0.15964828,0.1919696,0.010058705,0.09729639,-0.014179636,0.16105528,0.15249589,0.106978916,0.019655429,0.12419851,0.2232026,0.0377031,0.11101286,0.026957216,0.13148452,0.12051831,0.28508574,-0.059359338,0.09662561,0.22186115,0.17803985,0.12808628,0.028689286,0.04733105,0.17203985,0.0122890165,0.09277822,-0.009918702,0.027276766,0.10046238,0.11836453,0.017152598,0.11850352,-0.37371126,-3.5184765,0.14137392,0.04649665,0.024989715,-0.7886257,0.007314682,0.118815586,0.11430105,-0.022465143,0.165628,-0.03312457,0.26060918,-0.021946218,0.05349849,-2.5950222,-0.072223745,0.18046398,0.19753502,0.17365925,-0.15839633,0.057249065,0.24544053,0.080842,0.0021860981,0.020000126,-1.5429306,0.033503234,0.06465925,0.12439872,0.09767472,0.009148901,0.120199345,0.10036214,0.066612855,0.09170373,-0.017028436,-0.004150374,0.034065068,-0.026026625,0.042810228,0.23865342,0.012522026,-0.5391466,0.05925317,0.017092783,0.15968597,0.004968763,0.23195037,-0.02821687,-0.061232053,0.047326658,0.019274067,-0.01734792,0.12015317,-0.11517944,0.25055346,0.046600882,0.06683208,0.024535477,-0.18603882,-0.024584608,0.13409184,0.078315176,-1.1133755,0.025909064,-0.08278853,0.023947798,0.11525789,-0.090789646,-0.198226
0.20114455,0.25248674,0.09090725,-0.031005537,0.0031290883,0.11661933,0.12205535,0.09907817,-1.5874884,0.109648116,-0.207122,0.06443851,0.16221239,0.06471235,0.06979171,0.22119644,-0.024014331,-0.20191546,-0.11609069,-0.10825499,0.41199476,0.37787327,-0.81447464,-0.12455925,-0.22657539,0.11374309,-0.03395132,0.29064387,-0.007170042,0.10922188,-4.048803,-0.07341589,0.16898286,0.06600142,-3.0168214,0.13072976,-0.61777633,0.18064658,0.039008956,-0.19832654,0.07832117,0.069492966,0.020806184,0.15483052,-0.018956652,0.028774872,-0.764027,-0.8429315,0.02846327,0.16145894,0.106721394,-0.006906876,-0.19803962,0.09491346,0.15894784,0.021530662,-0.21584636,-0.67805994,0.04093079,-0.23220551,-0.016007153,-0.024370242,-0.23922572,-0.049916457,0.0823102,0.19641632,0.19043359,0.15512818,-0.16508764,0.10833254,0.057028633,-0.05190321,0.008791117,-0.61196554,-0.03030468,-0.08531908,0.25532088,0.10035997,-0.03626484,-0.4244138,0.05294205,-0.1661646,0.08707979,0.17861813,0.12956162,-0.04334828,0.06574859,-0.6613817,0.04552895,-0.008070884,0.06324818,-0.069323,0.084303394,0.02808587,0.10386069,0.07325121,0.20639485,0.099502884,-0.004528625,0.06377373,0.29961786,0.05715655,0.056725837,-0.060534522,0.14997119,0.3191477,0.047086995,0.2587323,0.046031605,-0.16313502,-1.0834855,-0.017770646,0.08276941,0.09110059,0.03466817,0.09590541,0.046007257,0.020649536,0.036110274,-0.1383325,0.12757747,-0.9682077,0.15414858,-0.1804509,-0.009647067,0.016590841,-0.16826554,0.019570101,0.055671386,-0.00034262074,-0.20044102,0.16411461,0.06424802,-0.011932665,-0.4018217,-0.3221252,-0.23379529,0.11430316,-0.25925007,0.028513657,0.041843634,-0.014035269,0.21118708,0.08325365,0.16103983,-0.4572491,0.10238244,0.041206084,-0.011070272,0.4665311,0.058319885,-4.405668,0.1695192,0.1805952,-0.01212428,0.11085203,0.086106226,0.18625364,0.1009826,0.11400419,0.018070007,0.10549927,0.17336696,-0.05924715,0.037475836,0.021627959,0.13062367,0.11164233,0.7638255,-0.050701298,0.10385869,0.24237284,0.06695871,0.07010813,0.0449225,0.07622237,0.18972865,-0.04997796,0.09351128,-0.026233235,0.02595291,0.12162954,0.21204841,0.032633025,0.110732004,-0.17226659,0.46506205,-2.0661895,0.014530534,0.021714432,-0.25720263,0.06283739,0.12516114,0.11612101,-0.006907345,0.17919455,-0.020649072,0.1752853,-0.02707352,0.054010183,-1.7594724,-0.0031199125,0.2514383,0.19620325,0.17948999,-0.13889877,0.06306763,0.24719797,0.085178584,-0.05833237,0.08757294,-0.92066115,-0.03738365,0.06492601,0.14662285,0.12140652,-0.017002054,0.121650465,0.09366492,0.09660743,0.1018002,-0.0040498986,-0.0013212023,-0.6561266,-0.01703429,0.023811452,0.44144887,-0.092848524,-0.60412896,0.0643309,0.025811344,0.17137478,-0.053843617,0.24902153,-0.011436867,-0.090502925,0.023822412,0.034151066,-0.014727675,0.13715543,-0.10397284,0.26078027,-0.014448545,0.053461187,0.019151751,-0.13832292,-0.059752688,0.13813597,0.10488851,-1.530517,0.013895467,-0.07558545,-0.042122692,0.124856666,0.025330925,-0.25376832
0.21087754,0.26136634,-3.1482124,-0.037388742,0.03622869,0.121592514,0.08624733,0.084679134,-1.0038145,-0.09054871,0.051713,0.053798918,0.19803682,0.026891902,0.06523859,0.22964449,0.0095759025,-0.32720774,0.08496686,-0.04141083,0.33857426,0.30400458,-0.1413896,-0.064569205,-0.23918621,0.11438023,-0.017031034,0.25968766,0.11482091,0.052064862,-3.8905818,-0.14290938,0.27778676,0.087665044,-1.3066941,0.13858548,-0.7418122,0.18283895,0.023387013,-0.19801924,0.0948194,0.027711393,-0.038086325,-0.11624418,-0.0049010115,-0.0076558706,0.2190018,-1.0435407,0.043851167,0.16300085,0.10242461,-0.031441707,-0.07106611,0.09035677,0.107700564,0.03392388,-0.20837286,-0.10050266,0.043606035,-0.22325943,0.02317867,0.054699883,0.17808355,-0.025464801,0.07985679,-0.15296064,0.21435595,0.18315135,-0.07109554,0.11756284,0.08049478,-0.043500666,0.041324943,-0.36059713,-2.0457697,-0.054533564,0.23260693,0.09859322,-1.9247608,-0.4433595,0.042834986,-0.1415695,0.0843024,0.17784102,0.13888353,-0.072528616,0.071990214,0.10291512,0.036177848,-0.0016664559,0.05863739,-0.06666182,0.097119644,0.039403655,0.103163764,0.07476136,0.19499749,0.09202602,-0.03785859,0.04814837,0.33377552,-0.021116106,0.032846916,-0.0048535746,0.18074562,0.24471803,0.027130311,0.2612907,0.022813627,-0.152664,-0.91785514,0.011599152,0.07668316,0.08955094,0.03786988,-0.28291166,0.04956521,-0.0010898057,0.031468913,-0.115111716,0.26671466,0.099200845,0.12740089,-0.16317765,0.0015919979,0.004292413,-0.22745404,-0.04872784,-1.6564261,0.0932807,-0.10032777,0.18471207,0.0692815,0.0040884567,0.0896499,-0.5070464,-0.27811038,0.1192772,-0.2622308,0.023596017,0.017507222,-0.008736765,0.18657948,0.07553487,0.15683123,-0.7567333,0.124134965,-0.055838495,-0.05581544,0.029841138,0.043133084,-0.24045976,0.16529924,0.062048595,-0.012892865,0.116103694,0.12907717,0.16641752,0.06976716,0.09799236,0.021012807,0.11284971,0.119918466,-0.029277336,0.04829012,0.01975235,0.13055395,0.11821884,0.37436378,0.009885147,0.10863475,0.23486722,0.12954883,0.08341813,-0.04780854,0.11104131,0.1931796,-0.0553827,0.09539474,-0.044808708,0.022013828,0.10561777,0.35920456,0.022913786,0.07408571,-0.1558856,0.095196426,-2.5599988,0.038601965,0.016261106,0.11718395,0.12555864,0.1315515,0.113231435,-0.0006974098,0.18770304,-0.041682664,0.18873946,-0.040848378,0.05674063,-1.5889466,-0.014717665,0.35569385,0.1945816,0.18431547,-0.12240189,0.068416044,0.24506249,0.08598022,-0.06117754,0.0075311773,-1.8143519,-0.0136716375,0.07036044,0.11714666,0.11153775,0.01888851,0.12832624,0.08137874,0.11881107,0.09851168,-0.0213319,0.021535335,-1.0749978,0.008800265,-0.0077061676,0.34426916,0.027830055,-0.5800544,0.061906144,0.0077295755,0.16981333,0.0016639824,0.25641245,0.01769017,-0.14566916,-0.02009671,0.042881142,0.0420019,0.13500436,-0.20311,-0.047675386,-0.024051474,-2.7280314,-0.016603874,-0.057991613,0.043342095,0.12652403,0.11811339,-3.9137855,0.038971018,-0.07250025,0.025800638,0.1321879,0.07327486,-0.27077958
0.21427144,0.27204797,-0.381122,-0.0044855787,-0.056673072,0.10758605,0.100402914,0.050237954,-0.94780105,-0.16290627,0.11983142,0.06535934,0.21699283,-0.020452725,0.049349427,0.21076848,0.0027729224,-0.3534189,0.19843148,-0.015733657,0.267842,0.2987918,-0.03376539,-0.009802426,-0.25610095,0.11546881,-0.039141215,0.26471898,-2.665579,-0.04928791,-5.1544566,-0.31215852,0.28001258,0.10236397,-0.7313938,0.13040172,-0.7642457,0.17097786,-0.0048773214,-0.1491598,0.074890636,0.019308675,-0.05850652,-0.3545205,-0.03510511,-0.029780239,-2.4955714,-0.41325057,0.06026858,0.16109543,0.08099934,0.076995224,-0.11674672,0.111925036,0.08917451,0.048353624,-0.20074356,0.28559917,-0.0044666366,-0.18027718,-0.023109058,0.037266415,0.12499376,0.011960589,0.07602407,-3.5710301,0.18497539,0.1687632,0.057973053,0.109108366,0.11267025,0.009044185,0.024489844,-0.46643028,-1.1031038,0.04387563,0.2189509,0.084014915,-0.9695909,-0.4652661,0.039822314,-0.12870419,0.09257039,0.17695408,0.13900813,-0.055291977,0.089874215,0.107313946,0.03787418,-0.02648015,0.030515533,-0.052845966,0.10755113,0.03769769,0.09909373,0.07977816,0.19586927,0.13228635,-0.07165413,0.058057938,0.42636988,-0.0075117354,0.007743954,-0.0042615593,0.17142974,0.26133716,-0.0094613815,0.2736822,0.026543183,-0.099321395,-1.1370775,-0.029336695,0.0723303,0.08815786,0.055084337,-4.468907,0.054123666,-0.022109559,0.010447804,-0.07270584,0.2264249,0.15030073,0.22031635,-0.22074008,0.03260856,0.04494771,-0.29395887,-0.0117490105,-0.13909279,0.11078873,0.05857748,0.19479275,0.090743296,-0.0028011003,-3.7922537,-1.2265775,-0.24898615,0.12306177,-0.3424611,0.06075755,-0.0011448432,-0.029093837,0.16635478,0.0733145,0.16607486,0.23460007,0.10820566,0.019052472,-0.05456822,0.09700936,0.04375783,-0.19488415,0.16993524,-0.06365065,0.027049856,0.122550756,0.158955,0.17677614,0.08701373,0.119840145,0.028025689,0.116435915,0.07818539,-0.021830238,0.017289188,0.043676306,0.13021426,0.120805025,-2.547109,0.04966048,0.10021659,0.18386042,-0.011565228,0.12563615,0.024125686,0.11658749,0.20974585,0.06473578,0.099800415,-0.007812591,0.021688508,0.079835795,0.43197712,0.022226017,0.061132945,-0.1397688,0.23437129,-1.5990561,-0.027967446,0.017544424,0.27851546,0.11250272,0.13394126,0.11647606,-0.0026386043,0.18265773,-0.023874661,0.22472493,-0.044589244,0.053776525,-2.0860088,-0.059055284,-0.0767592,0.19673415,0.21021149,-0.07890129,-3.577298,0.24900833,0.09145843,0.02209315,0.008612961,-0.26003984,-0.03714195,0.08249873,0.06118296,0.12754181,-0.004686623,0.105511926,0.08746863,0.15870395,0.101244316,0.0056822966,0.0248746,-1.2146875,0.021871405,0.010263746,0.16724652,0.055778954,-0.37799639,0.06839527,-0.05472233,0.17693008,-0.06176503,0.23560864,0.038125835,-0.13991202,-0.034257207,0.04899879,0.028783128,-4.614512,-0.23118234,-3.300351,-0.06352039,0.16434087,-0.020111674,0.054596122,-0.0010265636,0.13530941,-0.0107869515,0.018848691,0.021982815,-0.05753102,-0.0014713824,0.124197505,-0.008890181,-0.23409744
0.16533138,0.22022326,0.07031506,0.033726573,0.010931654,0.03536484,0.10163106,0.04949827,-0.26135305,0.03346575,0.09136733,0.13155942,-0.035161268,0.05782946,0.06428123,0.13139118,0.061909273,-0.045215007,0.103419244,0.14062047,0.12539752,0.15294649,0.09976015,0.05522931,-0.28840527,-2.7500758,0.026095735,0.32990596,-0.23670702,0.0065580197,0.3910294,-1.1543581,0.06435675,0.17359583,0.011546405,-0.15479757,0.17668696,-1.527475,-0.014305401,0.063847154,0.10327298,0.0018862007,-0.050890945,-0.080835134,-0.16023901,-0.049282234,0.15476488,0.12329158,0.110536575,0.14856073,0.08090484,0.009985161,0.18284048,-0.18201625,-0.22625616,0.09611293,-0.022782233,0.4255067,-0.008539692,-0.10417645,-0.0039545665,-0.04158882,0.046356473,0.063943446,0.08645807,-0.013847246,-0.7684566,0.055199847,0.11315404,0.102316335,0.12592003,0.018026503,0.030055823,-0.031133063,-3.180821,-0.045655947,-0.058576617,0.046453565,0.1732678,0.01633823,0.012648972,-0.06937123,0.13100412,0.19214784,0.14478609,0.10389717,0.09205814,0.06514013,-0.018034698,-0.007305114,0.059441328,0.018238723,0.104402184,0.037753835,0.07175526,0.0789938,0.18975876,0.08805198,0.09924764,0.04447493,0.28694156,0.067316644,0.008186857,-0.0315252,0.23978536,0.25145757,-0.26264548,0.29374194,0.009775991,0.02763661,0.049611617,0.16829169,0.05107691,0.062994234,0.09612011,0.14750741,0.07979439,-0.0073501808,-0.040428944,-0.031910617,0.17599523,0.17369936,0.19430599,0.36971158,0.048015177,-0.010811136,0.08287338,-0.0001393753,0.24847093,0.15371604,0.07744812,0.123641334,0.13264327,0.021227065,-0.14724486,-0.0039157663,-0.10068739,0.15329504,-0.008965069,0.0683346,0.017153898,0.1108557,0.13556512,-0.006642734,0.17432816,0.23084125,0.123805515,-0.07246707,-0.056089338,0.22279143,0.02367871,-0.10670997,0.18032478,-0.36941543,0.11324962,0.16597606,0.1334417,0.21598886,0.20537487,0.07231605,0.06307433,0.11547824,0.01858543,-0.06533606,-0.042243812,-0.15654601,-2.6037838,0.12900782,0.2741567,0.04964821,0.12081473,-2.1590273,0.27270955,-0.39844438,0.0032121905,0.12043398,-0.03363326,0.047201633,0.092100084,0.16192032,0.0102788,-0.15804777,0.2558629,0.0818753,0.11900405,-0.005534065,0.2386697,-0.00075366115,0.006987853,-0.018026141,-0.42513826,0.007134816,0.12894508,0.09030517,0.058867708,0.023825161,0.011870607,0.2306127,-0.056544922,0.0717089,0.20045449,0.037082747,0.20878077,0.17796944,0.11227268,-0.038951833,-0.11763186,0.23601948,0.083064295,-0.017989708,0.009152759,0.20825921,0.0036639404,0.09201225,-0.19216785,0.036445383,-0.05163946,0.09415793,-3.5281994,-0.22609234,0.10094234,0.069141015,0.067497864,0.07617473,0.06804022,0.15520494,0.4233147,0.023538906,0.14136826,0.09093339,0.028537028,-0.5423292,0.05591057,0.1131463,0.21476348,-0.0752318,0.023364484,0.067963734,0.047542006,-0.1497935,-0.3626907,-1.2064147,0.044053685,0.14370644,-0.16433321,0.0012366166,-0.017754516,0.15265045,0.035286088,0.14568691,-0.05086934,0.01134918,0.04989579,0.13942903,-0.027047303,-0.11083469
0.14517565,0.131095,0.07007063,0.029544475,-0.013619295,-2.2694082,0.09891412,0.024639077,-0.29803395,0.18640405,0.09336526,0.13863587,-0.20246921,0.06270996,0.06370982,0.12136474,0.06962336,0.10844714,0.071688384,0.13487622,0.06392995,0.15414375,0.082474,0.06539251,-0.23030075,-0.11574967,0.046399016,0.33315524,-0.05473586,-0.111914754,0.21916789,-0.6686263,0.051154096,0.1925986,0.013943443,-0.15531772,0.18911584,-0.762167,-0.024935344,0.054777555,0.099167265,0.02408363,-0.01993517,-0.021387441,-0.16923769,0.055422626,0.15969415,0.12751281,0.15993917,0.14141136,0.08859422,0.0005613915,0.16940236,-0.103028424,-0.15323941,0.10679884,-0.010513403,0.09786149,0.066664144,-0.07684309,-0.050676584,-0.024047954,0.0932283,-0.014222263,-3.7845764,-0.0032380738,-0.81480294,-0.009873822,0.109533615,0.112929285,0.120741315,0.016267808,0.0036354149,0.01838863,-3.6473482,0.05876792,-0.09949656,0.034423564,0.17008168,0.034207836,-0.009414073,-0.043438513,0.1342793,0.18115886,0.13782258,0.06153174,0.06720052,0.060484994,0.040779848,-0.0654614,0.046188947,0.037828356,0.13115399,0.044486467,0.044194948,0.08931897,0.1514862,0.057801217,0.10892241,0.07851082,-0.06963786,-0.02785261,-0.0068970225,-0.029078303,0.1185498,0.17154385,-0.3317369,0.30788276,0.017610842,0.047982562,0.0019041707,0.14836569,0.062036004,0.09159196,0.10241828,0.35096788,0.08993948,-0.019902749,-0.14364448,-0.0022439472,0.1457545,0.22788478,0.19540104,0.663872,-0.045869593,-0.04323582,0.09878857,0.065478794,-0.2814555,0.14117905,0.08431738,0.14096545,0.14506589,0.03086436,0.13728717,0.049085945,-0.109897524,0.15459001,0.0060058576,0.05267806,0.014266602,0.11567097,0.18855111,-0.013022812,0.17129363,-2.4747362,-3.0164332,-0.021278646,-0.0069447462,0.19492471,0.03440121,-0.0868806,0.17828928,-0.37037414,-0.011150813,-1.583439,0.12958343,-1.991165,0.22702605,0.08898321,0.066950254,0.11497275,0.0602628,0.037925087,-0.054891888,-0.07828981,-1.1708516,0.12885813,0.088377714,0.03765599,0.15241402,-2.2135463,0.08053037,0.10945501,-0.019119542,0.1424354,-0.08569874,-0.0627879,0.09870443,0.16783966,-2.9557652,-0.090601385,0.28044957,0.09380551,0.07984653,0.009716973,0.2166424,-0.016709134,-0.075741574,-0.000109168104,-0.16885912,-0.002954925,0.13467458,0.09738437,0.08049443,-0.1833682,-0.01830863,0.24741699,0.048545934,0.06533592,0.15140522,-0.005221214,0.19657767,0.1777875,0.12336965,-0.07805586,-0.09360242,0.015111627,0.084868565,-0.029576423,0.08826396,0.2120987,-0.004173453,0.10218918,-0.1837937,0.062720254,-0.040803723,0.10025168,0.14383437,-0.2825596,0.10081764,0.08537402,0.075827464,0.07697028,0.05950637,0.16421384,0.24000996,-0.022821758,0.20990206,0.097500734,-0.014596102,-0.36475283,0.032249518,0.11613665,0.13680916,-0.088953614,0.023114344,0.08657777,0.049043544,-0.10758116,-0.20062535,-0.41398227,-0.0048846174,0.14949019,-0.16126722,0.03273951,-0.016293285,0.14207967,0.0582582,0.16222306,0.022121008,0.025112588,-0.030231552,0.12486201,0.0627626,0.003319031
0.14562786,-0.006201743,0.05868859,-0.029227844,-0.02061024,-1.4066079,-2.7480724,0.03869618,-0.27716336,0.111444145,0.05545147,0.14050515,-0.083160326,0.035510875,0.06846209,0.122804865,0.07496851,-0.032887626,0.10054933,0.16022831,0.036439743,0.12536691,-0.033594497,0.09245276,-0.03116613,-0.12831302,0.075681545,0.32214126,0.29288328,0.033505056,0.24578847,-0.16054101,0.1259949,0.20833799,0.045438305,-0.1672379,0.19845863,-0.4949106,-0.017978905,0.039642785,0.08212385,0.0021248378,-0.06736699,-0.024873964,-0.16362785,0.0753344,0.15563323,0.14906701,0.17261538,0.14286229,0.08456322,0.083662905,0.09176579,0.009659539,-0.0237095,0.12194619,0.04399186,-0.0497345,0.024436539,-0.07589636,0.04670818,0.054916628,-0.051863223,-0.0005550081,0.30114833,0.037693355,-0.85474956,0.094446205,0.21545394,0.1163638,0.11492294,-0.050190505,-0.048527863,0.047701363,-5.0022893,0.0064315908,-0.16515118,0.026606873,0.16746646,0.087103575,-0.029724872,-0.044542037,0.12350041,0.18775707,0.1315729,0.064280935,0.050215244,0.04493994,0.00025757056,-0.004645461,0.13846076,0.051934388,-2.2371364,0.04638183,-0.025448985,0.08501918,-0.23198473,0.046138972,0.12057435,0.009992423,0.119678415,-0.06451022,0.0419133,-0.012676068,0.14669833,0.17028905,-0.4124228,0.31028554,-0.00365564,0.0602138,0.031091712,0.17915268,0.057926074,0.1507656,0.10345833,0.31872743,0.0944555,-0.053688858,-0.16769944,0.035459932,0.14927886,0.2189923,0.1728171,-2.0635588,-0.015664348,0.02944105,0.17191789,0.039801896,0.24869038,0.12319705,0.100203015,0.1065941,0.16164221,0.04138387,-0.08057213,0.121624716,-0.12868552,0.16074039,0.025486117,0.06595512,0.0010395253,0.11995774,0.12488424,-0.012017658,0.16660078,-0.89273614,-2.5552635,0.03668887,-0.043919053,0.20520441,0.037532736,-0.06569478,0.1738293,-0.30338573,-0.00959886,-0.5526522,0.10915313,-1.2248958,0.22067277,0.021151388,0.07260418,0.116650455,0.022754028,-0.020193765,-0.0481163,-0.08331097,-0.35527313,0.13342893,0.12638393,0.09203525,0.033699814,-0.05530146,0.10644035,-0.04891896,0.046637658,0.095310904,-0.10026665,-0.100705385,-2.9611263,0.28950706,0.15675747,-0.064437255,0.32526052,0.120682,0.14660028,0.010181297,0.167218,0.04434214,-0.014046324,0.012754163,-0.068627484,-0.11027656,0.1268799,0.11470333,0.09307059,-0.22740562,-0.08493859,0.2691032,0.06612074,-4.081613,0.16106349,0.014504615,0.23634623,0.22120546,0.10962931,-0.06570628,-0.100986026,-0.16085035,0.08340563,-0.056054093,-0.060929,0.2278723,-0.028423144,-0.27280274,-0.054102108,0.06544526,-0.010375322,0.10330791,0.0665494,-0.40589336,0.09852661,0.08714594,0.07864623,0.06041076,0.057153855,0.14995418,-0.5288328,-0.047733024,0.056946237,0.100362584,-0.047377165,-0.26557717,-0.03074176,0.029988853,-0.16072807,-0.098221004,-0.046731498,0.10518285,-0.0340571,-0.03431279,-0.14881273,-0.6011567,0.020100795,0.13824116,-0.1479975,0.025798775,0.015505743,0.1352504,0.07260165,0.17494377,0.03293653,0.045406505,-0.05161051,0.13157077,0.05488741,0.112076014
0.13749464,-0.21109828,0.071346335,-0.006924267,-0.044729065,-1.8379061,-0.6769714,0.035429694,-0.3501972,0.10584965,0.072663344,0.13996753,-0.041082133,-0.04438453,0.06902831,0.114949144,0.089336924,0.10320439,0.07866149,0.1622728,0.04198694,0.13976648,-0.14626372,0.09258733,-0.15158482,-0.10344317,0.077658296,0.32837787,-1.2596655,0.01573269,0.26011285,-0.07716128,0.13362224,0.21571103,0.03693886,-0.14934598,0.19786114,-0.2035579,-0.005236275,0.039972764,0.094735734,0.04827987,-0.037618518,-0.05066212,-0.15120324,-0.069280796,0.1458014,0.14606757,0.121554926,-2.923968,0.112887286,0.050758705,0.22836725,0.13854611,0.13321942,0.12385159,0.08874725,0.44547638,0.012839777,-0.06484512,0.021896956,-0.02210679,0.07119173,-0.0050891875,0.2880923,-0.04211604,-1.7751931,0.02087142,0.22802947,0.12133424,0.12370995,-0.0053328024,0.04438623,0.045294758,0.23167065,0.015075427,-0.16029206,0.02071295,0.17974995,0.0847884,-0.057416774,-0.043248475,-3.770817,0.1933786,0.14519112,0.08048568,0.043002058,0.063704945,0.14463821,0.03705529,-0.07352236,0.07010375,-0.20619783,0.047757983,-0.122471735,0.08372867,-1.1391556,0.035243493,0.12278758,0.00791979,0.110478014,0.023833498,-0.008151383,-0.012519074,0.114550665,0.17828918,-0.47615078,0.30267897,-0.038465045,0.065323584,0.04135717,0.16214503,0.06173111,0.024210913,0.1134291,0.1449286,0.09797103,-0.0154705485,-0.1480801,0.029555714,0.13007438,0.2168326,0.18221253,-0.77411413,-0.014330113,0.014987929,0.14644688,0.038024798,0.110178925,0.16517377,0.09098476,0.10335934,0.1505635,0.03891259,-0.31144583,0.12928225,-0.11106227,0.1729679,0.010005658,0.049824193,0.0076769236,0.11209163,0.119038165,-0.016719993,0.1650649,0.46850362,-1.7762163,0.056809425,0.037139256,0.18174358,0.0325282,-0.059539206,0.14583337,-0.3269419,-0.020920618,-0.51249146,0.12091512,0.47901723,0.13649756,0.101093814,0.0761193,0.1167916,0.07018348,-0.004677202,-0.029930176,-0.04412081,0.079409204,0.1264616,0.075936094,0.11745273,0.038340285,-0.110861,0.0851984,0.10985687,0.079929106,-1.8246005,-0.10403421,-0.028740304,-0.11975727,0.27282748,0.16815192,-0.027579056,0.37534687,0.103151865,-0.03130934,0.014129212,0.21608995,0.011688251,-0.0070526507,0.015868934,-0.0761923,-0.18291526,0.13493003,-2.6979806,0.09964485,-0.24512891,-0.070210926,0.27277306,-0.00058759714,-0.1473684,0.16895616,0.045355845,0.23225671,0.1900082,0.110636435,-0.04567894,-0.0862427,-1.1285506,0.085627176,-0.0012789097,-0.002745778,0.2196584,0.032965712,-2.8889778,-0.03483067,0.08073286,0.024131428,0.10015771,0.0059233783,-0.34611124,0.102096,0.09290788,0.07624441,0.1046495,0.06458641,0.09173442,-0.55061924,0.011900907,0.08874888,0.10586272,0.008168528,-0.26214343,0.033474278,-0.008570236,-0.15833597,-0.07745805,0.0068606646,0.10696781,-0.10732818,-0.052387808,-0.124071546,-0.3133626,0.038744096,0.15286379,-0.17785394,0.07089883,-0.014734936,0.13665898,0.08464597,0.18337895,-0.0009546897,0.055288624,-0.015128084,0.12542693,0.020983104,0.2211048
0.108649366,-0.2185507,0.061220843,0.002674085,0.025357494,0.15668488,-0.56430054,-0.00045085972,-0.36750907,0.06961141,0.05754952,0.16060886,-0.012754049,-0.01526352,0.066842735,0.110440135,0.103550225,0.12456253,0.053005263,0.17630023,0.035493154,0.12147589,-0.18562461,0.112668574,-0.149358,-0.09246457,0.05086828,0.39453334,-1.0447508,0.016999044,0.29861543,-0.056370605,-0.025124019,0.22497392,0.03054152,-0.15679845,0.20830216,-0.10761258,0.0046806666,0.10011724,0.13433804,0.09241003,0.021833416,-0.061814252,-0.14328322,-0.06807889,0.16516073,0.14062388,0.1555156,-2.1850042,-4.0227833,-0.065578945,0.19982123,0.2352572,-0.022386761,0.115370475,0.10426221,0.4801432,0.00729291,-0.051828884,0.032907907,0.015219558,0.14940858,-0.009834273,0.14295964,0.070637636,-0.30867368,0.15099292,0.20863166,0.116288185,0.12688543,-0.050341226,0.021508103,0.107064046,0.53849465,0.0053962776,-0.16546649,0.014434848,0.17128432,0.055705316,-0.085326165,-0.034503188,-0.059794083,0.19603547,0.12577613,0.08376763,-0.027368331,0.042576585,-0.16564842,0.04702706,-0.036347117,0.084286995,-0.26044193,0.04745034,-0.32670838,0.08163485,-1.3752385,0.09761631,0.12885308,-0.012617458,0.3036381,-0.02444541,-0.022896752,0.001705688,0.080876306,0.15994321,-0.5771739,0.29125118,-0.022867486,0.058526862,0.08010373,0.18036143,0.06056183,-1.0037233,0.12187495,0.15420003,0.09806641,-0.059728175,-0.030067487,0.043359984,0.12623616,0.19609381,0.18157566,0.21807085,-0.016869674,-0.0484495,0.110231854,0.023698179,-0.15855737,0.10788802,0.07493875,0.09337724,0.1424925,0.046398524,-0.015145476,0.16563426,-0.1032822,0.16503762,0.037037678,0.041230556,0.0070928317,0.107829764,0.13148129,-0.022651358,0.17419039,0.15105182,-0.23200005,-0.013403154,-0.060327407,0.20678662,0.05420979,-0.04268573,0.053052228,-0.36136436,0.06226618,-0.45625967,0.11062053,-0.44155663,0.05027412,0.001377246,0.08231529,0.11729224,0.057895627,0.017595781,0.12286311,0.030765902,0.04038621,0.12484884,0.16683513,0.08846414,-0.005529143,-0.08637044,0.098660484,0.1749736,-0.0041170567,-1.3969426,-0.1124815,-0.0523558,0.34878495,0.29514217,0.17351064,0.009689893,0.32722536,0.07717764,-3.2868845,0.01760425,0.23024343,0.014697729,0.00077233877,-0.017854502,0.086264685,-0.051010292,0.12501478,0.013851741,0.09179141,-0.34789506,0.004254514,0.2689766,-0.007844479,-0.13745059,0.15810567,-0.072533146,0.22090285,-0.057761386,0.105953425,-0.017584536,-0.07744777,-3.4122584,0.08233639,0.025580268,-0.018137997,0.22245708,0.013980689,-3.1047535,0.031334653,0.09821808,0.055280227,0.10994379,0.009465293,-0.23231187,0.096255675,0.111520864,0.089274995,0.09999006,0.07093788,0.015261091,-0.14281987,-0.05103037,0.13455158,-3.090182,-0.010255939,-0.1924375,0.014680622,-0.011319409,-0.19662783,-0.0853639,0.044528883,0.0942926,-0.012777876,-0.08358728,-0.112451024,-0.22843724,0.14773038,0.12722991,-0.099761724,0.08513604,0.04658345,0.14806174,0.08406222,0.16472156,-0.02418227,0.064188,0.034262825,0.13802098,-0.044369623,0.023486549
-0.061640427,-1.0419452,0.06819113,-0.054059036,-0.03525725,0.08560057,-0.114875965,-0.20419191,0.10878143,0.09076149,0.05552927,0.18318692,-0.029012498,-0.023064326,0.09645232,0.08663617,0.13489918,0.1519355,0.054018546,0.22702198,0.039674092,-0.029754454,0.082984306,0.12620184,0.111053705,-0.014529716,0.13050278,0.2991621,0.16915932,-0.012892796,0.24105702,0.07326427,-0.006015986,-0.01891458,0.07233108,-0.08437406,0.20864978,0.10416192,0.043570474,0.09954569,0.12246622,0.013115877,-0.009154997,-0.05324255,-0.11803589,0.023662148,0.14489566,0.16081986,0.019426411,0.110081896,-0.11526676,0.02111348,0.2666796,0.045799624,0.28387004,-0.2569718,0.13470036,0.36047146,0.011443987,0.024854656,0.023661993,0.00090085523,-0.08614288,-0.010735403,0.078569934,0.2702427,0.24201009,0.22454002,-0.08926549,0.115091495,0.09478926,-0.053082563,0.06102552,0.20896143,0.47330412,0.060087986,-0.26345593,-0.0072707245,0.14971967,0.10756031,-0.20117201,0.046823483,-0.06255207,0.20176826,0.13570127,0.07373593,-0.12125958,0.07920062,0.15726314,-0.040374745,-0.32120204,0.13053535,-0.124315836,0.07132523,0.02505121,0.080821075,-0.46010303,-0.87401956,0.13739304,0.13875747,0.24596569,0.027421318,-0.012194582,-0.027073964,0.23720695,0.19287197,0.17806225,-1.6366217,-0.063636586,0.10266112,0.058644347,-1.7683167,-2.618513,-0.049768668,-2.2014704,0.05012108,0.13003957,0.06660494,0.12827499,0.08639187,0.06643619,0.18680917,0.20832035,0.19899283,0.042722866,-0.03353168,0.116228,0.044211555,0.17783703,-0.18063293,0.084937125,0.08791927,-0.8256731,0.08325267,0.089531854,0.13287891,-0.030424409,-1.6011053,0.025583204,0.06115273,0.08309715,0.0849884,-1.5664861,-0.12411726,0.17927818,0.25610292,0.28772599,-0.047507692,0.030091574,0.23414312,0.04335084,0.019281505,-0.2712707,-0.08753486,-0.024814205,-0.091834664,-0.24302883,0.16556714,-0.0847152,0.16549632,0.11366877,0.10914068,-0.28999412,0.041604627,0.17870548,0.1895124,0.10231109,0.084346734,0.106126145,0.116025835,-0.009144872,0.102272145,-0.043298393,0.16275282,0.018746532,-0.41486245,-0.09413059,0.02447187,0.13942719,0.25503775,0.08680444,0.08326583,0.15454367,-0.07676107,-0.26679328,0.066545196,0.15842095,0.10427959,-0.024982637,0.039042562,0.109331824,0.22863358,-2.560423,-0.021186851,0.1535924,-0.00017279433,0.003926669,0.27004522,-0.06464077,-0.0062287487,0.16119976,0.06683869,0.30138293,0.06039381,0.10253521,0.034006365,-0.03576845,-0.086696744,0.08116394,-0.04300643,0.01802109,0.1868355,-0.002475293,0.0903975,0.027985295,0.09243679,0.049938947,0.06763185,0.065210074,-0.029778086,0.11354892,0.1590741,0.12332009,0.09087425,0.101554856,-0.13924578,-0.316178,0.06285793,0.13574472,-0.029317157,0.0033847867,-0.048271336,-0.031145085,-0.050754115,0.045655333,0.20274056,0.047220696,-0.36878988,-0.007924224,0.00033290766,0.13654938,0.15590279,0.052551173,0.13758314,0.13331021,0.17215444,0.04593198,-0.11295493,0.05384599,0.08205114,0.07067771,0.083633006,-0.008984517,0.1014823,-0.0022982233,0.19898349
-0.037579823,0.041476343,0.076925494,0.042069063,0.019788982,0.06974535,0.25181663,-0.27720007,0.18158437,0.09146612,-0.1333533,0.18404388,-0.010315522,-0.026965529,0.09791594,0.082484685,0.146989,0.12655722,-0.1382636,0.19218948,0.04600587,-0.022666907,0.056004513,0.11835527,0.042295445,-0.0066714687,0.16564748,0.29501066,-0.0016983036,0.0032248269,0.25416696,0.090846635,-0.00796222,-0.13420944,0.06064066,-0.07405798,0.21089116,0.14932443,0.0114990985,0.07483162,0.1249282,-0.010960292,0.051300094,-0.080072485,-0.119835205,-0.03689061,0.14343518,0.15267044,-0.014166254,0.13986777,-0.157249,0.037821762,0.21270071,-0.04684715,-0.7017509,-0.2612219,0.08884948,0.36688864,0.03742021,0.03434245,0.0016474762,-0.0010610416,-0.20733084,0.0037427736,0.08250938,0.22336619,0.19136344,-0.057911232,0.0058194944,0.0721933,-0.14765581,-0.021995312,-0.0054431763,0.18249504,0.48097137,0.020073123,-0.1270236,-0.0077151875,0.16609542,0.09680464,-0.2307338,0.07191832,-0.0955007,-0.14769721,0.12073773,0.08404456,-0.14685966,0.07989365,-0.08022321,0.008454932,-0.2518765,0.13297886,-0.11392091,0.06433779,0.018826302,0.08371996,-0.27016586,-0.4612222,0.1015115,0.1097078,-0.21500134,0.037422482,0.0033071875,0.055187587,-3.2379713,0.12876229,0.23770604,-2.8392842,-0.046866473,0.115510896,0.091467,-0.3445178,-0.77493364,0.053050857,-0.51849943,0.050489776,0.13394275,0.037415557,0.16957839,0.08385152,0.13495326,0.18917266,0.2034817,0.29230422,0.03125162,-0.016895888,0.14167744,-0.00083145814,0.16669202,-0.21873984,0.0929346,0.08708324,-0.4034351,0.09472825,0.34566772,0.13265255,0.00438366,-0.9916292,0.043873753,0.0630214,0.106984794,0.25773183,-0.78648144,-0.15744634,0.19802113,0.05817311,-0.0391555,-0.004050428,-0.029457495,0.24435264,0.04413299,0.03246643,-0.35938263,0.12805952,0.033503592,-0.07851018,-0.12273695,0.19316588,-0.13531338,0.22024071,0.120579936,0.10593673,-0.28598288,0.023781352,0.13522704,0.20563343,0.080730416,-2.3844454,0.11055767,0.10982689,-0.026999012,0.10076724,0.019844066,0.40362275,-0.01914991,-0.23280069,-0.07178863,0.026185408,0.0706584,0.051768046,0.13221242,0.29152435,0.16485047,-0.057678908,-0.022894103,0.075832255,0.16603027,0.090637706,0.022435933,0.03646161,0.12143539,0.20203249,-0.7108571,0.04709631,0.16133039,0.0056077456,0.03382033,0.33692995,-0.005128727,0.035151616,0.15795058,-0.03611338,0.21510386,0.06118205,0.10490726,0.053717986,-0.017210945,-0.04032661,0.09007895,0.042121425,0.07852314,0.18556102,-0.00030547346,0.12175173,0.02425832,0.097424425,-0.014584548,-2.059451,0.14040992,0.040260904,-3.4115007,0.16532616,0.1351895,0.091208085,0.104665875,-0.08167947,0.0037983726,-0.0048216474,0.09255624,-0.04899122,0.014277624,-0.036011573,0.021357268,-0.033351462,0.0341384,0.23156203,0.0115924375,-0.15110572,0.030862333,0.015625503,0.16493496,0.15967293,0.05139853,0.09819064,0.1769033,0.08904012,-0.031415574,-0.21219908,0.055115495,0.08582175,-0.037567213,0.08044832,-0.033268802,0.09691041,-0.055206876,0.17037275
-0.04771988,-1.6377796,0.074505255,0.001920596,-0.0030505068,0.06372777,0.17871843,-0.35634273,0.17580874,0.092530526,-0.111450695,0.18767878,0.0061555803,0.062905036,0.11178818,0.07557054,0.14746563,0.10030035,0.28581393,0.20186344,0.07814748,0.094246075,0.07064383,0.11308692,-0.007428945,0.00753081,0.20781666,-2.1104999,0.14698794,-0.054406222,0.25045297,0.0968528,-0.0144595215,-0.22994483,0.087765634,-0.07051887,0.20058027,0.16325451,-0.029781384,0.08289149,0.13232842,0.014747843,-0.024122678,-0.06650017,-0.104898386,-0.025571313,0.14666152,0.16068214,0.012041839,0.21301097,-0.12368147,0.011359756,0.21729797,0.4296278,0.29416808,-0.2500623,0.11249868,0.39494455,-0.031925168,0.053092554,-0.015981631,0.0072130193,-0.19241467,-0.007419022,0.061540693,0.11537597,0.19518983,-0.09593688,-0.01453543,0.09045313,-0.286666,-0.0300819,0.0123716295,-0.008833598,0.4688022,0.031687804,-0.04150926,-0.0019263525,0.1820289,0.121736474,-0.24103597,0.0832717,-0.1076603,-2.656921,0.14879191,0.08814575,-0.16370857,0.07956729,-0.037880797,0.04788288,-0.33931187,0.14066024,-0.051883735,0.068982586,0.09003674,0.09086421,-0.07256624,-0.3832399,-1.0089458,0.07398095,-0.25680465,-0.052164253,-0.03347298,-0.035856474,-0.109277435,-0.5346861,0.26919273,-3.1658201,0.037347462,0.11002897,0.10912489,0.61604196,-0.062345203,0.10310049,-0.24833325,0.052111477,0.13299088,0.0082924655,0.18377797,0.07719533,0.1754322,0.16772906,0.16551822,0.21910065,-0.044858698,-0.04486323,0.12271255,-0.039516285,0.1918163,-0.22048697,0.080387555,0.09715875,-0.10849711,0.09792264,0.30884907,0.15450981,-0.026757265,-0.041642923,0.038719594,0.06419066,0.13561454,0.21003482,-0.035731707,0.048596986,0.014796713,0.0078813825,0.043538753,0.06704634,0.04801692,0.25582573,0.051069647,0.053038992,-0.4311263,-0.06396892,-0.040546503,-0.071565345,-0.06505273,-0.24949132,-0.1419374,0.12723552,-3.6338708,0.10531716,-0.26596215,-0.022189105,0.116699554,0.1619477,0.088744596,-2.0908256,0.12517898,0.079242095,-0.049107607,0.09862453,0.009359874,0.3727112,0.02314571,-0.08088396,-0.08318941,0.03476715,0.105990276,-0.10494437,0.07029147,0.2797965,0.12629336,-0.026249342,-0.2680322,0.08086032,0.13210116,0.10231775,0.06219009,0.06165961,0.12221058,0.2675457,-0.27611944,-0.038315453,0.17229937,0.03370856,-0.032255847,0.27454025,-0.009768238,0.03290088,0.15734984,-0.03743305,0.2691736,-0.01386533,0.14806056,0.05930077,-0.017584346,-0.30438125,0.08624313,0.028800907,0.016617388,0.19427845,0.007833616,0.09016168,0.029395504,0.09381503,0.0048478525,-1.7469548,0.18129945,0.098486766,0.31021917,0.17354889,0.14065477,0.10064847,0.10751179,-0.070054404,-2.452328,-0.038366836,0.075841434,-0.0119966455,-0.019128641,0.0155711565,0.015377018,-0.04548916,0.07008747,0.25035018,-0.098988526,-0.13162094,0.080422014,0.03272118,0.16097067,0.17067343,0.025217265,0.08810423,0.20992284,0.0280411,-0.056766275,-0.28466913,0.04372661,0.08330829,-0.013539122,0.0758909,-0.02320651,0.095839284,0.051871177,0.16950706
-0.028019244,-1.1458098,0.08117528,0.0037577474,0.04080371,0.07130088,0.021607928,-0.37387657,0.1950184,0.09749502,-0.03636424,0.18840633,0.0015868827,-0.03368702,0.09813694,0.071068354,0.1395781,0.09344,0.25767323,0.21434394,0.04917091,0.16471855,0.067025684,0.110026866,0.0064510964,0.007205272,0.20603737,-0.51461595,0.14956695,-0.048469122,0.23994447,0.14116839,0.010134573,-0.3756134,0.08558002,-0.05375355,0.21260902,0.18426928,-0.049149092,0.07881232,0.1225879,0.023072412,0.036890164,-0.057272956,-0.096367426,0.06492994,0.14367868,0.15893549,-0.022702167,0.12418649,-0.14156175,-0.0075311223,0.2394735,-1.6235704,0.26464766,-0.24909733,0.08403251,0.15823074,0.061943658,0.05795629,-0.07123746,-0.049233966,-0.068631716,-0.015043688,0.08539425,0.08845605,0.21526147,-0.011087113,0.023417227,0.1069384,-0.33546662,-0.013910838,-0.04382847,-0.06696337,0.45285192,0.042694513,0.018006805,-0.004354151,0.18902592,0.11958532,-0.2216489,0.09359196,-0.09447133,-2.0761912,0.13356611,0.0840635,-0.15454303,0.0868195,0.24370761,-0.04702586,-0.26166028,0.14784881,-0.05128259,0.07544487,-0.013579857,0.085760176,0.048813727,0.18800864,-0.24361855,0.07332065,-0.32468185,0.047365244,-0.04481176,-0.020192267,-0.027270032,-0.3054645,0.27354273,-1.6484729,0.026701873,0.11476097,0.14579195,0.6153645,0.2127868,0.10210413,-0.24163406,0.04245079,0.13327157,-0.017936138,0.18550055,0.07764239,0.20117818,0.17742917,0.14924459,0.1510606,-0.0095224595,0.037283603,0.14756824,-0.008014435,0.17691262,-0.21421266,0.083770104,0.068744,0.033736184,0.10165397,0.15266162,0.14741626,-0.006399136,-0.5056237,0.040322743,0.06480431,0.15107471,-0.07122529,0.1835574,0.003992583,-1.792466,-0.021295002,0.27073768,-0.020709977,-0.04857995,-0.11250426,0.051107787,0.058522925,-0.4365172,-0.06468487,-0.062122796,-0.061188433,0.018753592,-0.10667777,-0.12671049,-0.4033654,-0.37963042,0.106223024,-0.27995118,0.016046857,0.09688998,0.11909942,0.0918424,-1.0596008,0.11490448,0.073775746,-0.06387234,0.09515903,-0.04005748,0.33220065,0.016755011,-0.022124631,-0.072783776,0.039418045,0.08326894,-0.13279007,0.107627146,-0.23699099,0.116488636,0.07858812,0.0691617,0.07708208,0.12666006,0.08626248,0.012040308,0.11506096,0.123465985,0.23817109,-0.11295022,0.060583748,0.17363466,0.038566463,0.045818344,-0.0981969,-0.021239106,0.028092613,0.15960789,-0.038265448,-0.34228277,-0.0066475384,0.12358419,0.086147614,-0.007845841,0.28292358,-3.5374842,-0.00087227067,-0.033160023,0.19611962,-0.012423977,0.065286584,0.040966015,-3.0764143,-0.045495804,-0.31654447,0.16598809,0.07813831,0.11917549,0.18237264,0.13900451,0.10002101,0.109225035,0.0066364873,-0.039694842,-0.05341175,0.09359344,-0.019082438,0.009819061,0.026842525,-0.030716825,-0.07321415,0.059896704,0.2718624,0.008790461,-0.099283546,0.11948332,0.038996924,0.16925204,0.17187816,-0.0058599217,0.097313575,0.22908759,0.009771647,0.03985067,-0.30841535,0.04854944,0.08442919,0.04352155,0.05658556,-0.05468255,0.09496534,-0.039005868,0.14896764
-0.032188587,-1.0823115,0.07599717,0.03895989,0.053303845,0.071242146,0.19860767,-0.32827154,0.17234086,0.11817135,0.17565037,0.18491243,0.03132491,0.06920045,0.108609244,0.07263956,0.14110887,0.09753853,-0.03971683,0.20054394,0.02951434,0.1641207,0.09053356,0.11470973,0.023270551,0.003365252,0.16521594,-0.3797519,0.17453441,-0.043556184,0.23270023,0.140046,0.053834166,-0.44284135,0.10254198,-0.113411054,0.2071739,0.15481722,0.01615116,0.102267966,0.12976497,0.028984433,-0.08380969,-0.058214433,-0.08063181,-0.014067224,0.1443273,0.15329118,-0.028799467,0.04121257,-0.11595051,0.026088085,0.26452214,0.2504389,0.23635657,-0.23709989,0.06743787,-1.7143347,-0.005339968,0.06328389,-0.033986844,-0.016228966,0.100835115,0.0021917142,0.10541762,0.19598058,0.20290904,0.03675975,0.0048767203,-0.5106118,-0.33555037,0.024914702,-0.017525053,-0.1984797,0.45470238,0.045404773,0.06472399,-0.011182623,0.19286376,0.11169522,-0.21476518,0.10025647,-0.0793324,-1.8862269,0.14427955,0.08928358,-0.14231029,0.08859217,-0.2303448,0.00553854,-0.30240345,0.15297933,-0.05061372,0.07504615,0.03712694,0.08783912,0.22282657,-0.004708003,-0.22614448,0.048951264,-0.24982396,0.0010403238,-0.024895752,-0.030888217,0.049781784,-0.32439592,0.26705796,0.17383105,0.024808766,0.11749636,0.16343564,0.3648269,0.1800314,0.090222575,-0.24476549,0.05181888,-4.237558,-0.024715016,0.17063256,0.08083787,-0.0014525888,0.16820985,0.1301659,0.13695504,-0.03769971,0.022804193,0.12440445,0.054353014,0.18187234,-0.21504575,0.0766365,-3.994271,0.13797848,0.102820694,0.041357774,0.14843102,0.00079255505,-0.3081884,0.048176426,0.063171454,0.15845218,-3.6361609,0.07331293,-3.8919451,-2.9286835,0.07429322,0.04721324,-0.015101995,-0.05836134,-0.11510744,0.04974638,0.06744165,-0.5135971,0.013097956,-0.0043938095,-0.03608819,0.25138104,-0.038236648,-0.15967259,-3.3330781,-0.31712776,0.107037686,-0.25687692,-0.005658777,0.02570056,0.1134471,0.1059518,-1.0623984,0.1106707,0.048722826,-0.07591243,0.10917258,-0.11302462,0.28957814,0.05954216,0.010643269,-0.0667285,0.009171057,0.10247324,-0.2496432,0.05112921,0.17814578,0.07587953,0.20976566,0.066713996,0.079086415,0.1174296,0.09679811,0.039244916,0.13362594,0.12186286,0.2634395,0.033035252,0.05423943,0.18051547,0.03859463,0.038362212,-1.3982539,0.061874684,0.020821838,0.1504844,0.008404561,-0.38797006,-2.8735318,-0.19018577,0.11574283,-0.0056495597,0.22420523,-1.0806682,-0.035683192,-0.03357716,0.19296892,0.0016599466,0.09008466,0.041707106,-0.21672827,0.049375586,0.27109626,0.1757864,0.08693516,0.21270074,0.18839261,0.14042887,0.09278451,0.11139385,0.010391609,0.8473209,-0.044187337,0.102053985,-0.016744157,-0.03474771,0.013628908,-0.04172153,-0.06628273,0.025437426,0.25270754,0.011710046,-0.08043075,0.12516999,0.042021576,0.16275938,0.17344527,-0.0033554267,0.11044842,0.21793634,0.026117602,0.055031344,-0.29752576,0.043791402,0.08872979,0.018368468,0.0492959,0.03980829,0.097476326,0.014443071,0.17477073
-0.049873363,0.2138638,0.07613412,-0.0021098137,0.0064130165,0.11316084,0.15636346,0.17556971,0.19517903,0.17411739,0.2490154,-0.7223363,-0.17565052,0.00047449258,0.116628624,0.07795386,0.002537427,0.06901538,-0.3763826,-0.2751994,-0.145464,0.24506736,0.12536758,-0.22053294,-0.06780511,0.046388768,-0.20573793,-0.45331365,0.13090113,0.011754888,0.20510188,0.14394669,-0.18389066,-0.33790588,0.122630686,0.050867867,0.27237913,0.15490799,0.02670065,0.060395624,-2.8769574,-0.028544884,-0.01768562,0.09958228,0.031900108,0.03819029,0.16351601,0.15775754,-0.16411437,0.19276704,-0.07143881,-0.013021268,0.022948422,-0.00039070737,0.35768953,-0.16799489,0.08435959,0.18259682,-0.05327795,0.11904685,-0.007796968,0.0018562126,0.10618334,-0.05178881,0.08916685,0.14001311,0.17784017,0.14359105,-0.1436951,-3.0678203,-0.19934835,-0.01247286,0.041923333,0.14803885,0.43221754,0.057834033,0.23357724,-3.464021,0.033755768,0.12601034,-0.036129117,0.1157658,-0.016254293,0.19179338,-1.6972524,0.08504939,-0.04783205,0.10593824,0.06424557,-0.054025754,0.005746341,-0.9065226,-0.0019902457,0.09779229,0.14650625,0.08815668,0.23874365,0.21911737,-0.13195737,0.24157766,-3.8986027,-0.0023627765,0.058362193,-0.026249394,0.17537732,0.35997018,-0.0039533763,0.18981385,-0.0152945295,0.15047158,0.22296317,0.2580199,0.14035085,-0.17703438,-0.083175674,0.032423634,-0.007836205,0.002760619,0.16103353,0.121902846,-0.14463882,0.14989558,-0.14406137,0.043086417,0.07710091,-0.061751254,-0.056810398,-0.007325671,0.17674895,-0.15814906,0.10933266,-0.38368028,0.025938954,0.14727764,0.19677392,0.17313072,0.10197996,0.012770911,0.0628128,0.075798854,-3.9987876,0.07819324,0.20341359,0.19059847,0.12581474,-0.13606521,0.0128886765,-0.022319114,-0.0074844277,0.0773092,0.041387346,0.10825917,0.015231029,0.10000078,0.030033499,0.018292442,0.09102585,0.20682874,0.14749518,-0.05833512,-0.087074235,0.122476004,-0.013097301,-0.025566984,-0.13777857,0.018818954,0.118967794,0.0926669,0.15303425,0.090058096,-0.08131562,0.14091474,-0.29585826,0.48286587,-0.014357951,0.0517939,0.0058368756,-0.009040781,0.0997432,0.2361776,0.051945545,-0.10210849,-0.26991567,0.19688731,0.0842773,0.12645783,0.071309894,0.12282298,-0.00015581536,0.1914602,0.12775049,-0.010084188,0.12594439,0.12781246,-1.5938799,0.06769299,0.07983351,0.09064461,0.071632504,0.039696198,0.15621199,0.020987572,0.0044400916,-3.6116574,0.106071554,0.112803034,0.025890213,0.27379668,0.030528804,0.017278569,-0.01887622,0.19554946,0.0070742117,0.061075024,0.14774798,0.16708507,0.023275696,0.19599198,0.0757089,0.17608465,0.10043719,-1.8054218,0.13280568,0.081299864,0.12357071,0.22646132,0.4582238,-0.044993054,0.10705629,0.013943867,0.03647989,0.08129331,0.024982365,-0.1558068,0.095934786,0.15999644,0.012843184,-0.059259593,-0.6057016,0.112229794,0.16750254,0.20120402,0.0014132576,0.051355492,0.13500917,0.055641968,-0.06602317,-0.06069239,0.06675192,0.10016049,0.04790769,-0.13111404,0.045551423,0.070787676,-0.018539758,0.1013688
-0.040762838,0.21592818,0.073557526,-0.0050769025,0.01817316,0.12067441,0.13265893,0.15491617,0.19142383,0.14584023,-2.4676054,-0.77362424,-0.18201572,0.02660427,0.12905641,0.08937375,-0.22969797,0.052453056,-0.08409061,-0.28979653,-0.13920389,-0.7532657,0.13559407,-0.286076,-0.08080979,0.05284455,-0.14257117,0.051503774,0.14399433,-0.05882939,0.20666702,0.13802846,-0.037011743,-0.31935027,0.12804082,0.08381785,0.10887704,0.17027679,0.020041395,0.0593021,-0.11854573,-0.018440451,0.02643329,0.10858536,0.04095621,-0.041063003,0.166193,0.15053488,-0.10471919,0.20992844,-0.04035747,0.022005761,-0.44329616,0.0018364422,0.32912233,-0.14545068,0.045485087,0.1891704,0.036598686,0.1328676,-0.07227815,0.02714566,0.15244916,0.062313486,0.07716853,0.16087967,0.16567437,0.025467578,-0.1473075,-0.73808444,-0.16492823,-0.0046832245,-0.049817644,0.18819885,0.44792742,-2.2141004,0.20780565,-0.54763514,-0.04601771,0.1445653,-0.0043825195,0.117006116,-0.0011002264,0.21417297,-1.5337217,0.10308492,-0.028742613,0.105454884,0.10744098,0.021473609,-0.033636432,-0.5730395,-0.0012293499,0.09641294,0.07365245,0.08842738,0.24467745,0.12274866,-0.09227821,-0.09758773,0.3386592,0.034827307,0.031196022,-0.027249161,0.14031701,-0.73767346,0.049116876,0.17377591,-0.025846483,0.15830627,0.23330235,0.21796364,0.13267249,-0.14968525,-0.06282583,0.018050311,-0.011433395,-0.020103024,0.1816066,0.12236102,-0.048375104,0.15547287,-0.21785499,0.027060125,-0.030771945,-0.023149403,-0.059961915,0.024204783,0.179078,-0.1765992,0.110129,0.13444887,0.019075299,0.14411415,0.12730387,0.16512047,0.124211855,0.04156538,0.07362313,0.06170978,0.15172595,0.095097184,0.14660206,0.19642799,0.15974219,0.058740795,0.024713676,-0.033561174,0.0068328287,-0.113639615,0.05499165,0.12013522,0.036272626,0.12581733,-0.04908089,0.0221733,0.19271332,0.15412359,0.17298107,0.17266135,-0.07108602,-2.8161306,-0.030136611,-0.023805043,-0.10633489,0.005037544,0.114306256,0.099670574,0.14028141,0.12542544,-0.0728512,0.15060042,-0.1798638,-0.04294301,0.0034260738,0.034289207,0.025352182,-0.06998032,0.10423929,0.24604923,0.058128342,-0.21057375,-0.33108088,0.049349397,0.11043956,0.1369836,0.070521586,0.12559769,0.038378075,0.32095402,0.122143306,-0.024995964,0.12999241,0.14065278,-0.3935802,0.07190588,-0.02588507,0.16661806,-0.05617075,0.032478873,0.121959314,-0.009675368,-0.014365299,-4.011474,0.107077606,0.09826132,0.03007976,0.27460632,0.047283955,-0.017517515,0.02289597,0.15883821,-0.022501633,0.055817258,0.15121958,0.11917564,0.076194,0.19233207,0.13105127,0.16642343,0.10645157,-0.7968368,0.13890047,0.084824726,-2.9146137,0.25265706,0.5360282,-0.024950905,0.09298746,0.015442443,0.049364693,0.09319479,0.020680953,-0.08314091,0.087399475,0.17073694,0.08794607,-0.03710249,-0.316406,0.09938382,0.1906611,0.2044749,0.028862257,0.04997379,0.073978886,-0.1052488,-0.016513614,-0.03628909,-3.9525664,0.09878065,0.0075208903,-0.1446834,-0.061724838,-2.3292487,0.044711363,0.08055346
-0.5500704,0.21460514,0.077190496,0.015833238,-0.036728054,0.1312534,0.13362919,0.1749993,0.18632282,-0.15253744,0.19253868,-0.88658166,-0.17809142,-0.04608201,-2.5227711,-0.0013881295,-0.3521286,0.054740503,-0.1608419,-0.24383087,-0.12112714,-0.50530905,0.1346184,-0.31317535,-0.08480561,0.056403358,-0.15930516,0.0265814,0.12796955,-0.009927395,0.19882654,0.12343998,-0.4144444,-0.25716877,0.12614535,0.12198492,0.17000479,0.17041591,-0.026401598,0.052679095,0.14685638,-0.03716791,-0.007928696,0.1140733,0.05718258,0.024259545,0.14620414,0.16494831,0.006118848,0.21492866,0.15556821,-0.04221482,-0.62452,0.027133182,0.3254497,-0.1368723,0.03927581,0.19823933,0.040490136,0.1406632,0.023992337,0.034142118,0.119967684,-0.038972363,0.08841886,0.1665884,0.18483539,-0.44621322,-0.19969481,0.0664362,-0.13925432,0.021154912,0.007869128,0.1841707,0.42378664,-0.1843886,0.23707958,-0.40562993,-0.024685342,0.12723559,0.0007310982,0.12716359,-5.7589856e-05,0.2058136,-1.264156,0.10057696,-0.022533856,0.11196918,0.15845685,-6.176664e-05,0.02948191,-0.46439645,0.008979659,0.10261972,0.08777375,0.091427244,0.23010841,0.11793988,-0.09745197,-1.6079712,0.40064967,-0.029985795,0.07505657,-0.023450159,0.187661,-0.49637514,0.054263454,0.1917859,-0.08291812,0.16599023,0.23501894,0.27887285,0.113935366,-0.05876315,-0.059566393,0.025010303,-0.0138875,0.03935056,0.16418731,0.12745224,-0.043645322,0.15106796,-0.2660678,0.014219516,0.052026454,0.059571788,-0.10839407,0.022101652,0.18527682,-0.10579947,0.11339034,0.03802911,-0.0031871963,-3.2856581,-0.042481966,0.136544,0.12890969,0.07644837,0.101582654,-4.0134664,0.15002924,0.07939989,0.27451277,0.2080012,0.12808582,-0.0016542259,0.070519894,0.041547228,0.022298288,0.061332457,-0.08352785,0.12481697,0.068253,0.12363187,0.017965175,0.036898125,0.37647438,0.10527102,0.08831496,0.16637348,-0.048967544,-2.3130574,0.050801225,0.006774401,0.10901706,-0.04222844,0.11975823,0.17318796,0.14800867,0.0983483,-0.062349465,0.16290142,0.10101136,0.13224825,0.043552097,0.029213794,0.043550786,-0.07958156,0.1113719,-0.10936413,0.028023506,-0.16537692,-0.30568632,0.049232118,0.0926359,0.14826927,0.062194478,0.12144712,-0.009071892,0.26298735,0.124144144,-0.0587709,0.122011974,0.11586858,-0.27578667,0.07722458,-0.02672485,0.17689152,0.023096759,0.042574387,0.1021645,-0.002591272,0.034099337,-0.029591292,0.1347691,0.08748572,0.03636345,0.2697052,0.06769817,0.024926873,-0.010309633,0.17122106,0.050058182,0.044787124,0.16006309,0.11789145,-0.0035149467,0.1185959,0.12119801,0.08578694,0.09593037,-0.18409123,-2.7087743,0.08380655,-0.2594473,0.23484327,0.5752871,0.008108039,0.105507165,0.016327772,0.028898828,0.09968607,-0.0456275,0.03702483,0.08602044,0.010206372,-0.037042305,-0.052961834,-0.1994465,0.10777339,0.18101859,0.20934685,-0.010307289,0.056627832,0.026518257,-0.093447246,-0.021560458,-0.0056386837,-0.01848113,0.09325883,0.04422023,-0.13035524,-0.03508231,-2.880095,-0.080254614,0.064211585
-0.72079,0.22456662,0.0717487,-0.010546844,0.0037641781,0.123181775,0.15281114,0.16438204,0.18920667,-0.28112328,0.08059307,-1.071159,-0.17128202,-0.017140286,-2.417433,-1.7634808,-0.6888202,0.04885942,-0.15784837,-0.25184458,-0.24167028,-0.6039857,0.13971995,-0.27560267,-0.10481807,0.06406497,-0.13408501,-0.5872904,0.12997787,0.004439376,0.20253943,0.1023454,-0.023709081,-0.13051967,0.12871885,0.15509628,0.020863755,0.17380047,-0.065209985,0.04892477,0.049089175,-0.018256724,-0.07580461,0.11909753,0.057706073,-0.007433562,-2.0734189,0.15065253,0.14748722,0.20397355,-0.13839938,0.012307713,-0.57041013,0.059232786,0.3140358,-0.1291285,0.008708038,0.18631291,-0.025005078,0.14752845,-0.07471887,0.005681558,0.14221135,-0.06743625,0.06725355,0.17629024,0.19946298,-0.22072601,-0.1963096,0.07680318,-0.13601802,0.047172394,0.060948014,0.14276123,0.45019308,0.18332137,0.2010431,0.011228118,0.0049030907,0.14046822,0.028675538,0.13357553,0.0008864528,0.18632127,-0.21005586,0.10884209,-0.01987208,0.115593374,0.15155579,-0.021560576,0.063032635,-0.39411345,0.0067624887,0.10374523,0.083306946,-3.3794837,0.23776558,0.111576155,-0.079895884,-0.13330188,0.35244808,0.050041832,-0.017119959,-0.004469953,0.1515695,-0.22454698,0.07827162,0.21375498,0.0036348535,0.16118854,0.23130663,0.22916166,0.113177754,-0.027300427,-0.041806214,0.030541005,0.0022254426,0.09411977,0.15976213,0.13081095,-0.023978448,0.14499311,-0.34842646,-0.0010720768,-0.010805353,0.045074668,-0.034974057,0.057671573,0.17144527,-0.11931256,0.11272571,0.0058011026,-0.024214795,-1.9234955,-0.0054589794,0.09032869,0.15971906,0.074362576,0.0940555,-1.2933004,0.11404987,0.12536779,0.276735,0.17560004,0.17501307,0.12523676,0.07657928,0.0714263,0.0056630555,-0.053962987,-3.3571734,0.13518749,0.09008684,0.13362746,-0.11761198,0.051241223,0.30604866,0.09275664,-0.0029060452,0.094462186,-0.043253783,0.039324373,0.07364837,0.09488806,0.17041075,-0.05554174,0.115549006,0.1147729,0.15666643,-0.34550655,-0.050683096,0.16587174,0.16737549,0.1164232,0.03747679,0.02785344,0.050553888,0.020430153,0.10608245,-0.12777379,0.047999743,-0.2168637,-0.22818154,0.08117064,0.08798694,0.15610725,0.062350724,0.12994255,-0.015946867,0.063515104,0.12831883,-0.07537774,0.1281509,0.13822538,-0.24023396,0.09240365,-0.040943127,0.18106014,-0.013318291,0.052136336,0.09018641,0.020907754,0.08361322,0.19924134,-0.6909312,0.085576385,0.038864493,0.2643265,0.0719214,-0.027124275,-0.054436985,0.0448105,0.017493082,0.049042445,0.16227552,0.10158282,0.046160847,0.08800833,0.10345551,-0.09574496,0.08754972,-0.18306932,-0.78452355,0.08304635,-0.19857903,0.23321374,0.5487975,0.045914005,0.11542762,0.021076802,-0.08960692,0.10682784,0.044912238,0.13328877,0.08279545,-0.06947616,-0.030144177,-0.052929588,-0.019792499,0.11830458,0.18542685,0.20924105,0.00014494227,0.059326496,0.023241,-0.096411444,-0.02011508,0.043533683,-0.02899005,0.09086479,-0.051765587,-0.13265224,-0.02783963,-0.0033613923,-0.043819457,0.027352048
-0.26316977,0.23626594,0.07496695,0.043225117,0.0090891225,0.12973903,0.16648844,0.16606294,0.18849993,-0.38450077,0.35558167,-1.044034,-0.16577685,0.04018125,0.01551559,-2.439191,-0.756048,0.0409559,-0.18735945,-0.20736748,-0.22615603,0.30564407,0.15011588,-0.25947228,-0.103176944,0.06393249,-0.10276842,0.044678934,0.12421141,0.012067446,0.20111354,0.11506015,0.08623072,-0.05197458,0.13270792,0.17130569,-0.39182326,0.16298854,0.0026026373,0.04272134,0.17251542,0.020332348,-0.046392053,0.13811383,0.06251884,0.033389665,-0.034504756,0.14630331,0.2784313,0.20779331,-0.03841166,0.0067908596,-0.57657206,0.0571618,0.3172993,-0.11899279,0.024370383,0.20770617,0.04913134,0.15076509,-0.05734301,-0.031404503,0.13326953,-0.03616952,0.06249361,0.20026493,0.18424927,-0.12953395,-0.20812242,0.11622442,-0.12895794,-0.05378138,-0.01802281,0.14644839,0.3558282,0.31499743,0.18801278,0.046055797,0.01786504,0.14013469,0.020596726,0.12150913,0.01407628,0.18335883,-0.16423936,-3.3090315,-0.011767818,0.116997436,0.12281976,0.045003466,0.05973644,-0.42369494,0.0035170687,-2.5767992,0.07098307,-1.9188343,0.22669794,0.14828695,-0.09101845,0.3240504,0.34252933,0.049981933,-0.05299946,-0.018624058,0.18673812,-0.2515222,0.07427166,0.21825002,-0.00091617176,-4.076577,0.235121,0.2045399,0.10082708,-0.010469521,-0.03568579,0.025672678,-0.0027961633,-0.015515246,0.17329733,0.118958585,-0.006728063,0.13783975,-0.47825164,-0.00212197,-0.024709038,0.029306931,-0.031258617,0.0010211935,0.18299408,-0.11512319,0.11769227,-0.02834432,-0.038855936,-0.12470246,0.0029679951,0.046391636,0.15789226,0.07699856,0.09159511,-0.5827926,0.12688848,0.08318564,0.30987087,0.16572781,0.14027582,0.007697061,0.040386308,-0.018386783,-0.027424447,0.06574269,0.026358467,0.13949303,0.100231275,0.1335902,0.009825177,0.05526884,0.11922472,0.09707998,0.025625682,0.11293547,-0.041950848,0.06291382,0.06755943,0.04996939,0.15071432,-0.051858164,0.11641872,0.110306725,0.16282143,-1.9104205,-0.04228764,0.15915264,0.1740441,0.17395487,-0.01293007,0.026765624,0.062542774,-0.05103144,0.10079985,-0.13197438,0.04684858,-0.22178403,-0.23286116,0.1528649,0.10092724,0.15806428,0.07724714,0.12946264,0.04988096,-0.17442039,0.124653555,-0.05483802,0.1270935,0.12997535,-0.22864956,0.082469314,-0.040632807,0.18141203,-0.0077357516,0.04410349,0.058098577,0.051053077,-1.6196978,0.21957235,-3.7897232,0.06982724,0.03907186,0.2615413,0.065736465,-0.052330412,0.023250611,0.062011104,0.00014128022,0.048747305,0.17077865,0.14711341,-0.006479895,0.095716394,0.09443832,-0.42718002,0.0880434,-0.16436847,0.15225093,0.08837291,-0.18073282,0.23225455,0.54152775,-0.08117628,0.087781064,0.01928539,0.008968722,0.10625639,0.053190857,0.20131178,0.07082333,-0.06394705,0.064802945,-0.035433814,-0.022673508,0.11461049,0.18680024,0.21099484,-0.027359437,0.058567062,0.054746635,-0.14740972,0.038927577,0.07337659,-0.03729635,0.09271008,0.028973015,-0.126289,0.04074436,0.021880625,0.0774791,0.0067773275
