0.40654302,-0.10372118,0.26589084,0.25036573,0.080675595,-0.26405203,-0.21611105,0.17913425,-0.48773164,-0.7140802,-0.28820354,-0.4368733,-0.2833582,0.026660789,-0.6413472,-0.10205938,-0.50615317,-0.09412807,0.26142395,-0.013669416,0.056491107,0.06097564,0.11842283,-0.12501478,-0.043706592,-0.16598578,0.179243,-0.6864107,0.19746372,0.3282074,0.8833935
-0.27301317,0.35703436,-0.016105676,0.41855082,1.2809734,0.13172872,0.4229984,-0.4713277,0.4669257,-0.89073205,0.61557114,0.53011304,0.270744,-0.15223666,0.8822508,-0.13294186,-0.0016171874,0.051583394,0.37901023,-0.03848593,0.05348538,-0.047657847,0.118020885,0.11972253,-0.174245,0.028769368,-0.33458552,0.5523574,0.26174355,-0.02765315,0.31285235
-0.35944146,-0.16857013,-0.22103241,-0.43259794,-0.23583502,-0.016316714,0.35098892,-0.09205594,0.038958095,0.06580753,-0.17660573,0.0038271628,0.16858804,0.09553374,0.20047237,-0.22130416,0.12159566,0.02096822,-0.51497203,-0.021790594,-0.036721148,-0.018115573,-0.1841561,0.030879382,-0.034408066,0.12641454,-0.25067544,-0.037760343,0.16069065,0.41359183,-0.93825436
0.039975986,0.15090066,0.06839618,0.8890475,0.24222869,-1.6315498,0.30347383,-0.16685565,0.3765406,2.0289423,0.1934697,0.33716783,0.22669499,1.4798712,0.5778554,-2.156361,-2.384482,-0.03703803,0.06613022,0.05470328,0.006631419,0.0047191605,0.11991791,-0.22697309,0.008145352,-0.11873706,-0.095787995,-0.20518544,-0.40351805,-0.13895863,0.09291519
0.43081757,-0.034125466,-0.6500461,0.056145575,-0.20813566,-0.49299598,-0.24025162,-0.0021010586,-0.16808142,0.58943117,0.07760512,-0.13609162,0.02282988,1.0935,-0.19097066,-1.548617,-1.1034961,-0.04191106,0.6987838,0.04181318,0.038065918,-0.042295128,0.02067648,0.11980691,0.437034,0.47040573,-0.32963884,-0.21225649,-0.5224293,-0.033103146,-0.680814
-0.6966022,0.21434987,1.2433845,-0.22643672,0.8723793,1.0925765,0.28898436,0.4946361,0.107697636,0.6451022,0.11134019,0.16899115,-0.4127234,0.69971585,-0.23112822,0.7498907,0.26341164,0.09167783,-0.021965558,0.00097578764,0.026769593,-0.008516662,-0.17164204,0.053173754,0.06555838,-0.32896444,0.2576798,0.48817858,-0.4313415,-0.1356986,0.5427698
0.12520197,0.09564789,0.8133026,1.147956,-0.14027049,-0.90863854,-0.8321162,-0.21128888,0.4120506,-0.12055484,0.05649074,0.34415692,0.100737706,-0.5319796,0.54481626,0.23797366,-0.06367989,-0.1473946,1.815672,-0.0008915737,-0.00962808,-0.028158858,0.16350195,0.12195445,0.29503623,-0.031407993,-0.22786961,0.37460682,-0.08271736,-0.2751415,0.54789203
0.07885734,0.12611695,-0.25233373,-0.069765195,0.0022877336,0.37463388,-0.37894815,0.122079544,0.28720674,-0.89697033,0.3565587,0.39193824,-0.064353876,-0.14087291,0.16762866,0.5483225,0.7013662,0.14269614,-0.12728587,0.057610214,0.017469592,0.0058352575,-0.08581689,-0.05902979,-0.26357043,0.042347647,0.9164566,-0.063107654,0.23577699,0.15367146,-0.49000445
-0.2072325,-0.07188876,0.13596195,-0.14455934,-0.070858836,0.42449617,0.3934923,-0.2163943,0.020986345,0.5372516,-0.020567102,0.09475435,0.24150243,0.41753483,-0.18312494,-0.00034085262,-0.3430697,-0.049931392,1.595319,0.052220494,0.04687734,0.050150745,0.070877284,0.03931613,0.29989976,0.018237814,0.19053183,0.029384403,-0.25138617,0.2752859,1.1514939
-1.00803,-0.4675048,0.68036515,-0.4490217,-1.0219145,-0.3524929,1.2305359,-0.39288402,0.54295075,0.23583789,-0.21656194,0.49708447,0.4180544,-1.3452643,0.46330383,0.60303706,0.6483004,-0.096832976,2.1091866,0.009503193,0.00801152,0.056003004,0.035174306,-0.06777636,0.33079624,-0.19057673,-0.2843735,0.070465684,-0.43702105,0.0792368,-0.25234038
-0.03299483,-0.16105118,-0.21227978,-0.33227426,-0.1836606,0.45259097,0.70127386,-0.11335351,0.18819012,0.17355429,-0.09485548,0.15273887,0.060336575,0.19780082,0.19898097,-0.40456352,-0.039950486,0.36174172,-1.4270643,0.039007932,0.056275822,0.026747502,-0.32675037,0.0038132102,0.2686996,-0.16453223,-0.045522664,-0.32646802,0.21660472,0.41571203,-0.65263444
-0.33498874,0.4061897,1.6938671,-0.16423297,0.35581154,-0.2932052,0.10656225,0.70391834,-0.0023107922,0.47916028,0.47966254,-0.061356902,-0.64958555,0.013347229,-0.71251154,1.2577064,0.93415225,-0.11427316,0.8938675,0.043329142,-0.0062671825,0.042855136,0.05092256,-0.09604782,-0.32686463,-0.0049008196,0.10273339,0.2548885,-0.30519384,0.13077392,-0.05845176
-0.6216809,-0.24727553,0.23530859,-0.48161447,0.020977898,-0.12376076,1.1145575,0.10355366,0.26231152,-0.62419486,0.057792734,0.09334139,-0.08914637,-0.28418905,0.15781166,0.37470153,0.531069,0.004605896,-1.3346536,0.052920163,0.022970356,-0.022906117,-0.08180212,-0.024910871,-0.34621423,-0.411817,-0.6586231,0.106686644,0.82923555,-0.1634466,-0.28437763
-0.16036853,0.022230323,0.18819758,0.19177271,0.19832623,-0.029854497,0.10082677,-0.77447814,0.3266818,-0.38445765,0.08606077,0.4314042,0.741151,-0.022071743,0.5486167,-0.2966729,-0.0982583,-0.10207581,0.5107539,-0.045093715,0.035450824,-0.0154870525,0.15292491,-0.16651283,0.18580657,-0.30376026,-1.2203313,0.42001975,-1.0015404,-0.4267166,0.23307182
-0.6435222,0.034795545,0.5478215,0.20910387,0.4800756,0.45344833,1.1111678,-0.30394801,0.0130252745,-1.4952525,0.037198465,0.07671311,0.109685555,-0.07752223,0.1719122,-0.25168878,-0.183585,-0.012481811,0.41241267,-0.021887705,-0.025250487,0.0578243,0.077999726,-0.15726466,0.26175225,-0.30340585,-0.8867251,0.16972288,-0.8543977,-0.12955247,0.36686856
-0.032665595,0.0693579,-0.18429393,-0.118593425,0.24461094,0.28728765,0.54697835,-0.25723004,-0.14624113,-0.77206254,-0.081898905,-0.19118398,0.2002573,0.5098992,-0.16332653,1.3140893,1.4894661,0.021444883,-0.24429962,-0.032387823,-0.04263389,0.026627675,-0.10692394,-0.13391414,-0.3177472,-0.11369425,0.750681,0.030332068,-0.35195816,0.4010441,-0.15143536
-0.01307456,0.18868658,0.47090492,0.13721058,0.21279915,0.16010354,-0.27100727,0.112213105,-0.0064122467,-0.26773974,0.117078744,-0.013467856,-0.08260973,-0.31166583,-0.111982405,0.052110918,-0.23748215,-0.100226484,0.7322173,0.03614027,0.02835121,-0.02571974,0.24056748,0.10268349,0.121122226,0.20761563,-0.2155885,0.41040286,-0.53806937,-0.16096036,0.8920781
-0.34311357,0.2424995,0.3164719,-0.33699512,0.6386859,0.3246393,0.26183856,0.8905249,0.18767439,-0.31076837,0.50680864,0.26880205,-0.85752136,0.13339272,-0.48639855,0.3340508,0.14211175,0.4270722,0.19665706,0.035193793,-0.005651444,-0.008440785,-0.4546202,0.50322264,0.36561707,0.12578358,0.067820564,0.2043894,0.33571407,-0.0324915,0.6338327
-0.15191934,0.14606738,0.31459785,0.77530223,0.6684001,-0.33632296,-0.16380054,-0.13365649,-0.0031819912,0.75242496,-0.17243594,-0.09798364,0.12245991,-0.6652856,0.13025008,-0.5639912,-0.82283527,0.3451637,0.4235961,-0.0040833578,-0.0171756,-0.03670022,-0.09094831,0.19720758,0.07814579,-0.16684628,0.35012314,-0.46880633,0.21719845,0.012457962,0.792714
0.2151833,0.055529196,0.049144726,0.15588674,0.45957276,0.06016975,0.061560616,0.14633234,-0.026583511,0.29548135,-0.17606495,-0.04917204,-0.17786822,0.08736136,0.10871393,-0.03397432,0.006461911,0.22539288,-1.0190066,0.04587034,0.01927127,0.023842864,-0.21338233,-0.014956451,-0.098610476,-0.03932702,0.27782986,0.17116012,-0.2372587,-0.1416551,-1.2191672
-0.07555148,0.054160707,0.46850955,-0.07051799,-0.3056132,-0.46079367,-0.47438648,-0.04664823,-0.033429686,-0.18093461,-0.13004015,-0.025513202,-0.008419649,-0.23012404,-0.08792129,0.3233446,-0.0009743244,-0.1343269,1.0302541,-0.022325233,-0.029770091,0.011869557,0.2526773,0.12771702,0.33806074,0.10890246,-0.45388633,0.085443325,0.2204311,0.13548478,0.9091541
-0.25640693,0.06994489,-0.16187139,-0.46796802,0.2893311,0.75809145,-0.116070986,0.16660622,-0.34021705,-0.84592295,-0.09997699,-0.29077417,-0.18769443,1.2687824,-0.4438248,0.89037806,0.74788177,-0.050280705,-0.0058759362,0.035546035,0.04317581,0.05734703,-0.0008491982,-0.16780038,-0.34979582,-0.14074889,0.13365972,0.063091494,-0.32814083,0.0910371,-0.13942167
0.35972077,-0.05328137,-0.048454102,0.39136103,-0.5420145,-0.7541424,-0.965573,-0.024510944,0.16632499,-0.31996313,0.27746984,0.21332143,-0.038544055,0.11895658,0.10248883,-0.44890094,-0.5623999,-0.021820659,0.32807326,-0.02179169,-0.04297106,0.010623381,0.045952763,0.26837552,0.23041116,0.18110503,-0.24692121,0.37290072,0.32206202,-0.3452995,0.04961621
-0.2001956,-0.035332084,0.29877725,0.15112855,0.21592988,-0.59480876,0.06144145,-0.034943752,0.3529026,0.11975125,0.087812044,0.27232704,-0.0033154888,-0.9155035,0.72276837,0.039565753,0.00037307278,-0.22200656,-1.22831,0.0018919259,0.06121158,0.028350428,0.32835042,-0.25077632,-0.27485815,-0.43688783,-0.15889688,-0.53595275,-0.42206624,-0.2688931,-0.017268026
0.04392959,-0.17733538,-0.59654206,-0.09223767,-0.23380628,0.68691635,-0.049375057,-0.0027637908,0.31146565,0.50392705,0.24827532,0.34400415,0.004617331,0.15351687,0.24813688,-0.2392005,-0.17140485,-0.049093883,-0.37065092,0.036851346,-0.024397671,0.0129322335,0.009494392,-0.08940683,0.0042599267,-0.0751007,0.43115255,-0.002580916,0.45449996,-0.018383456,0.89378476
0.009748763,0.021139646,-1.052655,-0.19870296,0.42261627,0.28073272,0.9274627,-0.44381243,0.3244624,0.05704416,0.12423179,0.26902476,0.33615267,-0.16899873,0.4421241,-1.869748,-1.5790709,-0.1518504,0.90467936,0.031179368,0.005347714,0.057057276,0.16622543,-0.2841036,0.15595795,-0.067433,-0.62811947,-0.12069048,-0.78580415,-0.27899724,0.2131883
-0.13006198,-0.28575656,-0.23881741,-0.26782855,-0.0017726828,0.11012897,0.42440036,0.13014472,-0.0011005318,-0.21773545,-0.030103894,0.032256637,-0.06794553,0.055769317,0.19047868,-0.021841664,0.2833368,0.04522023,-1.5170631,-0.062119678,0.023227245,-0.0038275123,-0.07489232,-0.13051108,-0.3806606,-0.24212344,0.1055298,-0.20032752,0.06803626,-0.19184732,-1.1940188
-0.30283555,0.25647613,-0.22815277,0.19417983,0.49467096,1.0401319,0.8083317,-0.1262284,0.13812025,0.69813555,0.07218775,0.094084665,0.06105144,0.8126087,0.024368774,1.256797,0.85166585,-0.040382512,-0.98823947,-0.029333308,0.033939064,0.023061678,0.047991645,-0.14276685,-0.5703617,-0.29355755,0.4853543,-0.19099498,0.16265088,0.047230363,0.7035985
0.020288331,-0.18582253,-0.25149316,-0.06744959,-0.13595766,0.18478346,-0.013735923,-0.089206964,0.05564347,-1.3076911,0.09099718,0.17458004,0.06307154,-0.34759986,0.061853226,1.1559156,0.5341573,-0.07810852,0.36473253,-0.045570493,0.012282804,-0.027574733,0.1313186,-0.16992648,-0.12044747,-0.110101454,0.09580835,-0.32356676,0.35611647,0.47023138,0.89262044
0.2464137,-0.11986245,0.8730717,0.015060069,-0.14662294,-0.07873116,-0.7464529,-0.098111376,0.03452027,0.24703419,-0.015385053,0.019028917,0.12108823,-0.5947909,-0.12088169,0.7837353,0.32974637,-0.076832004,0.92293584,0.014304057,0.002753146,0.03301833,0.18713503,-0.091166966,0.01870632,-0.043061722,0.010163305,-0.3139758,0.06703695,0.14759707,0.9745783
-0.45548913,0.23691894,-0.17685932,0.1735916,0.40177718,0.76895684,1.2074227,0.23806256,0.21466231,-1.0688325,0.37390527,0.17696723,-0.35629964,-0.030579673,0.054622196,-0.20567697,-0.26924664,0.08777931,0.35821322,0.052964486,0.0043121055,0.024873927,-0.044216737,-0.023825731,0.33940712,-0.1813969,-0.7099517,-0.006361539,-0.3966539,-0.04793689,-0.21025068
-0.037142944,-0.15195791,-1.1465528,-0.4175001,0.3374741,0.09247859,0.478388,-0.6250066,-0.5922506,0.24392006,-0.56166893,-0.5023349,0.58067673,0.27594635,0.41590348,-0.87096924,-0.5899305,-0.102173716,1.3251657,-0.049139954,-0.025038168,0.015043154,0.0884222,-0.106604464,-0.0004077813,-0.05807135,-0.34466085,-0.31457058,-1.5394037,-0.17016344,-0.12144235
-0.6933197,-0.059333384,0.1166053,0.10058393,0.7829909,0.17725827,0.5462621,0.04181739,-0.14759013,-0.24214765,0.1252159,-0.35281125,-0.053336557,-0.79745096,-0.14117068,-0.26773068,-0.42170852,0.09317871,-0.94960403,0.044858404,0.056948043,0.02406583,-0.10139826,0.06645341,0.21031661,0.034095302,0.040181175,0.25344646,-0.046395656,-0.123518415,0.7771177
0.1854659,0.026447063,0.43671983,-0.30500633,0.04436174,0.09073453,0.10713749,0.10298971,-0.4255315,-0.701167,-0.67150384,-0.4769929,-0.030008802,-0.06507799,-0.36126667,0.35432568,0.374039,0.11604728,1.182206,0.0005124584,0.020646244,0.03786864,-0.17290913,0.37424868,0.16232197,0.3447368,-0.17739993,0.2996088,0.43760547,0.026956175,0.022049854
0.23437354,0.027815841,0.10941374,0.033214167,-0.11282564,-0.5179663,-0.57917523,-0.0037981288,0.037121832,0.73970777,-0.04963498,-0.10503076,0.09419479,0.46276942,-0.055449255,-0.62584215,-0.40916157,0.07653571,0.31790608,0.034753583,-0.046209507,-0.03721945,-0.03666933,0.07814262,0.36443782,0.15704052,-0.19672409,0.30737,-0.26994193,-0.14688128,-1.1091738
-0.16885795,0.18018897,0.7563818,0.06171557,-0.004419906,-0.07970782,-0.17343442,-0.07557287,-0.31736842,-0.8348527,-0.36806786,-0.20999056,0.03146015,-0.6691605,-0.056090947,1.1399477,0.59972394,-0.18762873,1.0304903,0.03553594,-0.048589766,-0.048251063,0.136547,0.16036035,0.19652909,0.0964481,-0.83036184,0.26973194,-0.16141485,0.081849724,1.0829337
0.38815174,0.20561649,-0.4172294,-0.03990909,0.24258518,-0.039953347,-0.020702673,0.02617075,-0.15075159,0.14324217,0.21032944,0.014903919,-0.0858623,0.053090427,-0.060883734,-0.44132265,-0.7051905,-0.04401073,0.412588,0.007475175,0.0018800497,0.06015087,0.17129512,0.2578598,-0.08540701,0.014231116,-0.03445411,0.61054134,0.09097051,-0.49325082,0.7089689
0.029134052,0.030638142,-0.5036644,-0.12831432,-0.3597457,-0.047201153,0.11966136,-0.13876101,-0.19098301,-0.241202,-0.0876745,-0.21922758,0.17479019,-0.20289649,-0.066006586,-1.3433797,-1.1678252,-0.1384746,0.23493797,0.04030642,-0.014443621,0.02648583,0.17394935,-0.09667789,0.09186399,0.09634185,-0.16855101,-0.46208856,-0.88801736,-0.036772043,0.23203908
0.3379454,-0.03581938,-0.5641753,-0.077268645,-0.7000017,-0.5353992,-0.2991819,-0.14284849,0.26373732,-0.020245943,0.3140404,0.21231411,0.10678013,0.0040744385,0.025406528,-0.8296427,-0.20753583,0.022029592,0.244712,0.059376083,-0.021052167,-0.042180605,-0.04653526,0.07993016,0.26528963,0.12894721,-0.2683431,-0.10761294,0.1112856,-0.14278525,-0.9551367
-0.26301607,-0.026567152,0.51828456,-0.52643085,0.111825004,0.7412271,-0.006238901,-0.07871204,-0.41051054,-0.42973682,-0.581369,-0.32170662,0.039767962,-0.18037331,0.011629625,-0.7878979,-0.74951583,0.19992441,0.8757239,0.061327398,-0.035199106,0.04785771,-0.24402392,0.30616605,0.14441961,0.18119039,-0.24928892,0.10857823,0.11356593,0.1326245,-0.3422684
0.25311366,0.043794684,-0.21376428,-0.77733856,-0.4788564,0.6532248,-0.8702105,-0.260628,-0.56626904,-0.8092311,-0.21890125,-0.47939754,0.25124556,-0.26817885,-0.22839217,0.39028898,0.29476222,0.059584986,0.112956196,-0.025787525,0.054237865,0.031400755,-0.06842816,0.014554263,-0.044765465,0.18279566,0.52354985,0.25281346,0.107514046,0.1683325,-0.58765125
-0.20418204,0.20546845,1.2957776,-0.03799924,0.13805266,-0.28937685,-0.12269768,0.34443,-0.2993012,0.08673154,-0.30694926,-0.34525043,-0.24838774,-1.143967,-0.21340309,-0.967103,-0.933897,0.14433025,0.8641898,-0.0080656335,0.0012287349,0.062493205,-0.20929044,0.4673787,0.3909066,0.20743681,-0.59252506,0.11307101,0.041329164,0.026673816,0.27230945
0.26913455,-0.010297145,-0.18505356,0.025646646,-0.10664039,-0.08644736,-0.27109668,0.016216464,-0.049850494,0.20205314,-0.023613706,-0.069051914,-0.048531476,-0.12782407,-0.03728652,0.47919062,-0.05866068,-0.2991422,1.1378193,0.039044872,0.043266952,0.010677621,0.29059216,-0.10528918,0.0060319654,0.17961036,0.030649483,0.22751945,0.08764702,0.065442465,1.0974016
-0.2548773,-0.10391719,-0.01685707,0.22914256,-0.033142902,-0.33662212,0.5759234,-0.30693385,0.094580196,-0.16118367,-0.102323264,0.069812156,0.2959275,-0.14113866,0.4036107,-0.23048,-0.09318748,-0.26209307,1.1050991,0.035126783,0.05016143,-0.030344337,0.29828632,-0.3003414,-0.1678615,-0.32559887,-0.7059927,-0.32068825,-0.5765492,-0.33667696,-0.3487586
0.6270441,-0.18949898,0.039644744,0.08724086,-0.27992353,-0.009458878,-0.7588738,-0.22367054,0.11782239,0.9162019,0.07476136,0.090808846,0.24398,0.06621085,0.022941628,0.3766961,0.27566543,-0.1560923,0.59961396,-0.054989934,-0.021013834,0.051485993,0.08444915,-0.12503926,0.12217553,-0.2876831,0.19652133,0.4941954,0.3346188,-0.25203103,0.28896245
0.4049344,0.11261452,0.6712645,-0.15854727,-0.038984515,0.02404008,-0.6788963,0.1539889,-0.5085338,0.33639362,-0.6182692,-0.4862981,-0.23572318,-1.3236246,-0.6335379,0.7307066,0.5719766,0.18333915,-0.47395405,0.039312713,-0.043150783,-0.018165052,-0.20112012,0.2528164,0.29790145,0.16562481,0.5589226,0.2596213,0.69552374,0.2992069,0.6847579
0.12146408,0.22799727,0.4907871,0.6801111,-0.02709239,-0.23725773,-1.0353193,0.1267084,-0.5819016,0.52401286,-0.3508816,-0.5783488,-0.083537996,-0.16512352,-0.42185533,0.13316976,0.0029071658,-0.3557442,-0.03438145,0.05250223,0.02665466,-0.017609559,0.25462317,-0.43356457,-0.38367504,-0.56010133,-0.19137834,-0.057231177,-0.104017116,-0.16973631,0.10358146
0.0051656896,-0.16883804,-0.19655783,0.056466475,0.090477705,0.14998336,0.25133592,-0.12258005,0.03232276,-0.17448765,0.004213244,0.011113564,0.111085765,0.21794654,0.2412216,-0.2066705,0.22964877,0.14951798,-0.69094175,0.047475524,0.026997872,0.012693375,-0.12394986,-0.06965656,-0.12136964,-0.17526092,0.33972716,0.16247104,-0.2975585,-0.2202486,-1.0435082
0.014869327,0.042026695,0.43484527,-0.07296698,-0.20934515,-0.6996859,0.6444597,-0.040790223,-0.40884876,0.014844315,-0.34271368,-0.4120584,0.0025547247,-0.14263551,-0.1328834,0.4058577,0.23232856,-0.07494491,-0.2017559,0.061299607,-0.023883447,-0.035058044,-0.102573484,0.14253038,-0.14456029,0.2607282,-0.16468538,0.0184337,-0.23653802,0.31490666,-1.1340426
0.24562834,-0.011025171,-0.67670995,0.0019776328,-0.45613018,0.21704374,0.17816101,0.075801626,0.117855534,0.02506913,0.38267612,0.1551271,-0.12188377,-0.5291556,0.066805966,-0.5217533,-0.70870566,-0.15446088,-0.14187834,0.06158629,0.007625401,-0.04456038,0.1411818,-0.119741194,-0.0011976529,0.16161042,0.44538414,-0.19781967,0.02742239,0.18205425,1.2306546
-0.066182904,0.066053815,0.30476317,0.02479987,-0.31610915,-0.14159864,0.6427332,0.43945557,-0.25434273,0.18055594,-0.012416143,-0.33930507,-0.22365162,0.24469602,-0.2166458,0.8083025,0.98209476,0.11682461,-0.539119,-0.03890168,-0.018071644,-0.044587366,-0.20389684,0.28779283,-0.18154277,0.35650834,0.23402268,0.2771219,-0.15551339,0.12915948,-0.7069852
0.22660825,0.2287707,-0.38641492,-0.043831196,0.38506767,-0.27622733,0.028617434,-0.11806418,0.025784664,0.06620234,0.23197731,0.04334327,-0.0072162286,-0.2493016,0.058278102,-0.09543268,-0.51417327,-0.08898573,0.87961686,-0.021464363,-0.04089044,0.05072508,0.25973257,0.20224018,-0.15093839,0.22599223,0.01714338,0.46434084,0.07709204,-0.4265531,0.8087576
-0.010647574,0.21309139,0.47524053,0.30626512,-0.48575383,0.3073375,-1.0677123,-0.3933856,-0.52927166,0.3736896,-0.5177902,-0.47439644,0.35445258,-0.147292,-0.079901464,0.069283485,0.001893292,-0.29174393,-0.2887808,-0.02588357,-0.03418135,0.035467036,0.3432615,-0.33175156,-0.36759672,-0.46087772,0.09704131,0.048261408,-0.12842964,-0.009655905,0.38461912
0.24620375,-0.013262431,0.07352863,0.11488584,-0.11606462,-0.30547044,-0.38696873,-0.17708883,-0.08752233,-0.67686445,-0.27319935,-0.13375048,0.18622054,-0.20490459,0.026158685,-0.51319605,-0.27619922,-0.03432177,-0.72923166,0.048001513,0.043346956,-0.059724443,-0.0021154208,-0.18710189,0.33896038,-0.02646944,-0.20833182,0.16650763,-0.2962755,0.2915277,-1.0956198
0.24985251,0.3598842,-1.07472,0.054736733,0.1348813,1.4696344,-0.37543446,0.3574204,-0.15673387,-0.97787017,0.24355225,-0.24412984,-0.37344465,-0.6850065,0.09286129,0.030614268,0.048806783,0.27937004,-0.49122894,-0.0015873387,-0.042610794,-0.04547894,-0.32409406,0.35287523,0.26538843,0.5572983,0.6838574,0.417698,0.49073622,0.39061448,0.0019062763
-0.22534668,-0.10937249,0.12761952,-0.0436433,0.0527481,0.1291675,0.32728124,-0.03913439,0.296119,0.05146204,-0.014089107,0.23492512,0.13385162,0.58089256,0.19813678,0.0049285726,0.28043258,0.096561275,-1.0494673,0.03716881,-0.0586022,-0.024580032,-0.13173553,-0.11874226,-0.1951654,-0.030548904,0.37661654,-0.39994863,-0.20411135,-0.0019372447,-0.76588196
-0.28337336,0.042844094,0.4013339,0.1387074,-0.1448766,0.042220037,0.4262129,-0.28329998,-0.07937312,-1.0807545,-0.049779564,0.031184716,0.33369035,-0.17058817,0.11947347,1.1318765,1.1057602,-0.13966049,1.4947646,-0.05827126,-0.042939425,-0.052246317,0.19815655,0.19264595,0.3193772,0.092858925,-0.86871934,0.5212648,-0.17588906,-0.011462995,0.8919917
-0.10933027,-0.1768869,-0.016137285,0.013913794,0.07221109,-0.037065793,-0.019619092,0.20741466,-0.11745465,-0.12914972,0.07870992,-0.026727704,-0.0802556,-0.3751719,-0.17637736,0.7813673,0.47970527,-0.09647473,0.8297584,-0.022991545,-0.055835716,-0.037288964,0.042688306,0.063380994,-0.10321559,-0.2939177,-0.3370751,0.91266054,-0.05224937,-0.50389695,0.48938978
0.263292,4.6202873e-05,-0.13512298,0.31930467,0.10425402,-0.41002905,-0.0513379,0.090497546,-0.1990522,1.6860846,-0.29218116,-0.18779641,-0.03756711,0.57315356,0.028038843,-1.5675297,-1.0085529,-0.00503707,0.64765155,-0.037706003,-0.02118577,-0.056446664,-0.05729853,0.20168383,0.54648864,0.3095607,-0.81371826,0.033889253,-0.5549476,-0.052636806,-0.27061287
-0.09015233,0.05219013,-0.2673916,-0.44716167,-0.3818042,0.8285375,-0.9889601,0.060435478,-0.31089193,-0.81429267,0.22826077,-0.19104396,-0.110073015,0.74056584,-0.46318698,1.7798547,1.4638885,0.09022184,-2.1102662,0.044017233,0.016717322,-0.02845119,-0.2503613,0.10150013,-0.21701027,0.19537102,1.1537966,0.6410881,0.40826872,0.18340583,0.24894573
-0.28746203,-0.046556313,-0.3525023,-0.49065053,0.6040709,0.84469146,1.4203907,-0.10804942,0.0022200462,0.1078844,-0.023995696,-0.04484225,0.138991,-0.109022506,-0.0004288383,-0.8705608,-0.7556672,0.09748909,0.98372054,0.03359603,0.041792445,0.0003072545,-0.065080054,0.09895642,0.30530554,0.029820582,-0.32343695,-0.091099225,-0.83631456,0.04692584,-0.37461904
0.10844449,-0.0960179,-0.22208159,-0.0071000317,-0.3908307,0.10438836,0.208068,0.0157366,0.18367058,0.3272707,-0.08730271,0.12765753,0.09946624,0.24517481,-0.06279409,-0.2893173,0.12739395,0.015543509,-0.63147646,-0.030209899,-0.05467563,-0.032444462,-0.21557775,0.04427751,0.07159993,-0.081163496,0.04470249,-0.06774537,-0.2577887,-0.32755554,-1.1192008
-0.019976556,-0.23075725,-0.119338095,-0.21687965,-0.103808664,-0.08525625,-0.66080207,0.042702507,-0.12348392,-1.9060148,0.06724521,-0.07769872,0.05920231,-2.1861072,-0.08349595,-2.5887694,-2.2242255,-0.022241857,-0.42930245,0.026583828,-0.02398318,-0.047393367,-0.019227037,-0.10512552,0.15762188,-0.03662609,-0.047810823,0.0632657,-0.045988545,-0.077088304,-0.31373784
-0.59752125,0.052348606,0.25708497,-0.47953576,-0.55243176,-0.92754203,0.19005388,0.6979643,-0.08872293,-0.04619393,0.21077798,-0.04153072,-0.7089738,0.44301742,-0.27741978,-0.82117945,-1.0466136,0.32241282,0.116724595,0.013451561,0.023206279,-0.03635513,-0.061353073,0.29579762,0.2674374,0.18599622,0.32202256,-0.3010204,-0.5540513,0.017426997,0.95085645
-0.0830576,-0.119886495,-0.072752096,-0.30645272,-0.09610298,0.04624914,0.16945383,0.011009371,-0.09947425,-0.12788443,-0.064342976,-0.07274952,-0.1129999,0.087666735,-0.01160698,0.6296808,0.18788768,-0.16383067,-0.46617752,-0.048146725,-0.021705456,-0.026125826,0.094430484,0.054691765,-0.055313114,0.0742802,-0.42188072,-0.48168266,0.9379751,0.28891042,0.6347018
-0.50219166,0.07509244,-0.0624565,-0.91771847,1.0765437,-0.23316072,0.7059927,0.2944473,0.016587999,-0.22660348,0.48272607,0.18155998,-0.32062915,0.654431,-0.25086817,-0.007661645,-0.23053591,0.0021321941,0.09735041,0.05011087,0.0019141063,-0.021096751,0.23185147,0.04675911,-0.38972938,-0.03605357,0.17328455,0.22648166,-0.3257731,-0.34351382,0.86042374
0.0421362,0.19144498,-0.43157807,-0.02024617,0.3288018,-0.038042307,0.10872056,0.079978816,0.10704369,0.03716708,0.27954555,0.14607924,0.03478113,0.031802773,0.11249863,-0.54701036,-0.08049734,0.24229763,-1.1354135,0.05420071,0.05852227,-0.0115416795,-0.2463076,0.34009892,0.1063115,0.2631475,0.009325517,0.5366782,-0.09856378,-0.013763349,-1.0514911
0.102358714,-0.09185268,-0.29026142,-0.06694077,0.21356302,0.291845,0.2510125,0.020112252,0.03843215,-0.44638738,-0.19912748,-0.027858315,-0.057802305,-0.43136975,-0.15757294,1.0107368,0.5052659,-0.19448139,-0.18587351,-0.038221158,0.020466916,0.012138478,0.1558201,-0.28110442,-0.15600519,-0.09863598,0.2987976,-0.13438608,-0.011209716,0.22436257,1.2155854
-0.23592934,-0.37896222,-0.4872761,-0.015446186,-0.5472839,-0.5343277,0.1643571,-0.45714167,-0.19757503,0.09738297,-0.24377124,-0.067100845,0.4138786,-0.3602652,0.3936812,-0.94479674,-1.0587294,-0.24291818,0.077844575,-0.05014895,0.03596609,0.028065518,0.366475,-0.32060227,-0.17123668,-0.11726145,-0.39497936,0.088986695,-0.07515064,-0.27685064,0.6278011
0.7212208,-0.3652744,-1.5762485,-0.11204592,0.3298077,0.47257122,0.3602677,0.059973218,0.38803285,-0.8228394,0.547428,0.39576787,-0.16348936,-0.41959727,0.26065361,-0.30098933,-0.08180109,-0.2313795,1.3465908,-0.031239636,0.03729832,0.024984553,0.1971009,-0.27062494,-0.37633252,-0.030604938,-0.29590017,-0.44002602,-0.39460814,-0.20856763,-1.5890325
0.46474487,-0.11624738,-0.19083448,0.035389382,-0.30141798,0.13351408,-0.68544835,-0.24084555,0.027399832,0.3603934,0.0072197826,0.0064292834,0.2569866,0.34023774,-0.12763563,0.09731086,-0.014544727,-0.22793008,1.1646242,0.028589778,0.011758991,0.04311666,0.2532343,-0.049229786,-0.0021778718,-0.06106848,0.08999771,-0.057131734,0.5205033,-0.10015704,1.050314
-0.41331628,-0.14049795,0.019969063,-0.139937,0.22293256,0.102215216,0.8814372,-0.21528184,0.30602548,-0.36585316,0.034598295,0.2765157,0.27083567,0.22775532,0.4516706,0.44625637,0.45167556,0.13238156,-0.22880574,0.039167605,0.05107732,0.023970373,-0.1619171,0.14919606,0.10059546,-0.034284346,-0.30094126,0.14081444,0.27080297,0.0064803776,-0.87116396
-0.27170333,-0.02653017,0.37884563,0.2283809,0.11064535,-0.7354944,0.7856238,0.18190058,-0.053110413,-0.2665128,-0.13761991,-0.07341935,-0.25647336,-0.51050025,0.02535631,-0.26267728,-0.5221774,-0.119583614,0.30657476,-0.02065809,0.05940664,-0.01160156,0.17795135,0.16192067,0.2708091,-0.123626396,-1.461478,0.16158564,-0.5129467,-0.1948804,0.5382386
-0.6997947,-0.19052309,0.46161857,-0.3318408,-0.5314854,0.26019078,0.66119206,-0.24230897,0.10933166,0.97162646,-0.10715077,0.07109989,0.23633592,-0.80464286,0.4250643,-0.740424,-0.40703842,0.21378179,1.2020441,0.032956094,-0.02727902,0.048567303,-0.24854898,0.56538445,0.6008244,0.33695415,-0.6571338,0.5910253,-0.3143125,-0.07113612,0.16282798
-0.22696394,-0.26029283,-0.09985277,-0.30211797,-0.17050669,0.28706735,0.5736649,0.06048164,-0.045904044,0.038685497,-0.117758915,-0.07203932,0.0033757654,0.26029462,-0.23280452,0.007501695,0.32932496,0.084560275,-1.7390928,0.0032709837,0.017360747,-0.04078622,-0.24316671,-0.16620886,-0.07293904,-0.2716032,-0.009690695,-0.6125275,0.30833372,0.6605367,-0.6318961
-0.35840064,0.06487595,0.58547354,0.0547628,-0.065850936,-0.736965,0.14147359,-0.08822934,-0.20393571,0.3119944,-0.1644945,-0.24027734,-0.0042508957,0.19153802,-0.27887982,-1.0778536,-1.2944771,0.26904282,-0.81769556,-0.042826854,-0.062190928,-0.052573957,-0.057350792,0.025716683,0.20060366,-0.09238098,0.15929466,-0.1350974,0.27852702,0.10914493,0.45653427
0.121020906,0.04508945,-0.24907562,0.24365804,0.06991352,-0.2890888,0.24540526,-0.033070333,0.22073498,-0.35392657,0.2635015,0.32619837,-0.06720324,0.30748242,-0.15735568,-0.39133832,-0.7047896,0.12995084,-1.0305465,0.036536746,-0.053537764,0.0359428,-0.034532066,-0.21375987,0.10267116,-0.052458756,0.59009844,-0.25647408,-0.1978047,0.246129,0.37139562
0.36920646,-0.07225004,-0.21513952,0.51164484,0.24599694,-0.87683636,0.30270287,-0.38986662,0.045078877,-0.36907443,-0.10382354,0.102029376,0.38587558,0.84687746,0.51657796,0.06954616,0.26016992,-0.318153,0.22221343,0.028990068,-0.00058300793,-0.024117589,0.35703227,-0.32410762,-0.3393378,-0.16175933,-0.7057948,-0.24226375,-0.37437218,-0.43082976,-0.22935237
-0.06398392,-0.046210647,0.30536762,-0.691205,-0.74772483,0.039862715,-0.4325325,0.17218246,0.028329838,0.6471057,0.23806198,0.09853777,-0.21560535,-0.35090783,-0.110694565,-1.633097,-1.569288,-0.14388351,0.4510422,-0.046091363,-0.010346405,-0.021359183,0.19541061,0.049027026,-0.023259625,0.17443958,-0.27480733,-0.3204064,-0.78800106,0.06270005,-0.19370523
-0.06831465,-0.071727514,0.2479596,-0.67983717,-0.57971364,0.6929513,-0.8941943,0.0034260491,-0.13323556,-0.76264817,-0.12530783,-0.1338512,-0.0017387887,2.1733718,-0.026399609,1.3033358,1.1595054,0.005178707,-1.7041918,0.038964473,0.030413233,-0.020595983,-0.01866365,-0.2929762,-0.19460686,-0.06783613,1.765243,0.2922237,1.5131693,-0.021663764,-0.12347084
-0.347026,-0.024518006,0.28158322,0.022007504,0.078787364,0.07656393,0.64950866,-0.2205464,-0.0011971082,0.04990005,0.1181345,0.029794611,0.16288544,0.23195775,0.16998026,0.6269994,0.40827298,-0.15807094,0.92963004,-0.02278968,-0.018512204,0.031600982,0.18644255,-0.14238833,-0.078924425,-0.11904788,0.15757813,0.10402521,-0.11459011,0.035853546,1.3807793
0.16501696,-0.043518044,0.43955615,-0.2196156,0.35128614,-0.07148957,0.088506415,0.38188818,-0.40554705,-0.3606833,-0.15366094,-0.37864444,-0.32671553,-0.17226534,-0.2930666,-1.1362613,-1.0293599,0.16395444,-0.41651037,0.04048063,0.06002561,-0.034237705,-0.24420609,0.4082251,-0.00588538,0.40623733,0.24525765,-0.10779755,0.49340928,-0.0137065025,-0.7852609
-0.16729952,-0.14375459,-0.060013164,-0.07166398,-0.12345799,0.046388615,0.076956,-0.027980614,-0.036813706,-0.21869023,-0.014345543,-0.03217738,0.013125237,0.1096857,-0.0074601094,-0.43047893,0.14168863,0.10856465,-1.2132691,-0.019702978,-0.011046097,0.0064152107,-0.09626355,0.016141439,-0.26732695,-0.1105611,0.018035717,0.052327827,-0.05817699,-0.17813128,-1.2325933
0.1675939,-0.46875277,-0.98687875,-0.7006559,-0.12474063,0.2921956,-0.0990088,0.12436349,-0.64574033,0.14874564,0.063702725,-0.5312445,-0.29475063,-0.6523047,-0.67823404,-0.7304215,-1.0405196,-0.06368164,-0.021325817,-0.028534122,-0.06224096,-0.0069987997,0.1612593,-0.053220943,0.14028381,0.10062264,-0.16523403,-0.21985899,-0.24374181,-0.088919,0.35772207
0.078067034,-0.12295251,-0.24614547,-0.2736666,-0.3555333,-0.41627577,-0.47620332,0.24731986,-0.3663302,-0.8527841,0.09292766,-0.3268609,-0.22464779,-0.3080366,-0.56328154,0.55988854,0.38251773,-0.062539645,-0.62320614,-0.0022742972,0.047947943,-0.061054863,0.12595089,-0.17626351,-0.14686908,-0.019656032,-0.23103815,-0.017316366,0.30243382,-0.15598848,-0.11209183
0.22801471,-0.38071862,-0.49069148,-0.19177066,-0.9160636,-0.28883287,-0.6805823,-0.27555335,0.15580052,-0.86520976,-0.13168855,0.1334781,0.33357894,-1.9723382,-0.04194783,-1.2529398,-0.9012864,-0.14034514,0.24350798,-0.04556968,-0.055103168,0.022049002,0.15783538,-0.20120655,0.36966977,-0.014346728,-0.47707054,-0.41097602,-0.2502354,0.10251487,-0.48437932
-0.005628904,0.51310277,-0.41978443,0.12686673,1.2287315,-0.6676911,0.27228686,-0.25882372,0.47185177,-0.51783776,0.107150555,0.30096087,0.10544736,-0.555539,0.2800894,-0.44489413,-0.55645585,-0.15157516,0.6199646,-0.026521474,0.056214415,-0.006493859,0.17154954,-0.30555433,-0.22530948,-0.16578567,-0.54032487,0.17631678,-0.08535221,-0.047559272,0.23514396
-0.044709906,0.39057067,0.5811495,0.112317376,0.83210546,0.2584753,1.068934,-0.19300435,0.37309626,0.7090977,-0.07888578,0.204158,0.285778,-0.7959373,0.37626454,-0.35897064,-0.109346956,0.3081623,0.15160914,-0.041466758,0.048988134,-0.059202224,-0.28564122,0.29845944,0.046693843,0.30826575,0.28042012,0.16959158,0.5569421,0.24508175,-0.32454658
0.38087255,0.24038635,0.14319368,0.15644477,0.35211924,0.39766338,-0.5730838,0.19244337,0.0015033298,0.52584016,0.07626493,-0.03812992,-0.19432865,0.1327707,-0.060805354,-0.853678,-1.161216,-0.073920906,-0.27362406,-0.056144267,0.04745516,0.01614672,0.1159765,-0.08832606,0.00055937807,0.16419186,0.54714763,0.033741437,-0.22620396,-0.06464907,0.9576071
0.43245155,-0.11046206,-0.2818957,-0.1170547,0.010840671,-0.72896874,0.5537999,0.09355328,-0.041877035,0.4534909,-0.09440941,-0.038188666,-0.063738994,-0.35729867,0.016602108,-0.079135,0.06323343,0.22453028,-1.1061423,0.005410686,-0.005988717,0.027045242,-0.22730957,-0.051259518,-0.11135667,-0.22089593,0.051288202,0.054930873,0.02478071,-0.14215137,-1.0067569
0.34312811,0.03708927,0.07896628,-0.082026064,-0.39717427,0.17073227,-0.5935036,0.04896034,-0.08174798,0.46716753,-0.101139314,-0.16444248,0.051104657,0.122676216,-0.16347508,-0.13220727,-0.6449562,-0.09517738,0.88747925,0.03625054,0.05283937,-0.054976672,0.19253938,0.034846503,0.22510192,0.015577678,-0.49405354,0.36543158,0.08570355,-0.06132806,0.8520054
-0.09277659,-0.07799254,-0.2569716,0.115758635,0.23224808,0.27947772,0.25877938,-0.06937613,0.015195752,0.121071555,-0.07566692,-0.0267823,0.14224933,-0.03421508,0.21226367,-0.4576729,0.047145598,0.22287706,-1.6379647,-0.02044309,-0.046979256,-0.053280212,-0.27895018,0.090473555,-0.11721745,-0.11132989,-0.15788981,0.1719628,0.1294716,-0.308186,-1.1753501
-0.13818507,0.06711744,0.14874412,0.089535974,-0.358445,0.617606,-0.01989842,-0.105874814,-0.07207153,0.0027442703,-0.19157739,-0.009806479,0.17683476,-0.20724441,0.2064418,0.2511061,0.50211346,0.029691491,0.28854913,0.020121805,-0.0122305155,0.03165777,-0.033371642,-0.17461595,0.51654744,-0.010541583,-0.1734798,-0.52967006,-0.41749522,0.5158281,-0.48097783
-0.13130385,-0.079821564,0.13208173,-0.23295037,-0.18373814,0.12566869,0.21046336,0.14946632,-0.15705642,-0.17905332,-0.34318084,-0.17412616,0.08038574,0.48710656,-0.18169679,0.39027095,0.70206785,-0.1243321,-1.4082664,0.0048434064,0.043679744,0.00699012,-0.1427947,-0.2475408,0.049895838,-0.06335862,-0.038014144,-0.49214834,0.07579287,0.6199728,-0.6097347
0.7031026,-0.12888585,-0.5483169,-0.67975456,-0.19097091,-0.033544913,-0.5798361,0.34438437,-0.50610113,0.14921848,-0.12969972,-0.49947312,-0.39589366,0.2753468,-0.6798213,-0.0973667,-0.29281217,0.3469831,-0.29843906,-0.039246857,-0.06059148,0.031745598,-0.4239077,0.33539256,0.47118863,0.45540357,0.4838535,0.36228725,0.071358256,0.19769385,-0.07543697
0.078964725,-0.23436734,-0.5787991,-0.24202527,0.41277537,0.33909935,0.76074666,0.08495488,0.65457124,-0.063627236,0.70003843,0.59180176,-0.090494074,-0.072516575,0.26996094,-0.23892589,-0.3120738,0.014677128,0.06377906,-0.045712404,0.058913574,0.0023233145,0.1656889,-0.078469515,0.10788542,0.09703441,-0.25205415,-0.24454099,0.2773002,0.23890819,0.14627162
-0.17279132,0.10606389,0.74114215,-0.0027047389,-0.014872686,-0.2076168,-0.691436,0.0032825836,-0.048620798,-0.4733765,-0.14398305,-0.119973466,0.03658887,-0.59762275,-0.29092726,-0.44000062,-0.34130025,-0.030243045,0.8752572,-0.05245945,-0.041540228,0.043877512,-0.080550574,-0.10290334,0.38021412,-0.10978298,-0.11675097,-0.12541296,-0.51667774,0.29496846,-0.7276946
0.30768755,0.14221622,-0.28224868,-0.0038954543,0.27267194,0.022346348,-0.105477735,0.18900533,-0.25513047,0.16009825,0.054214805,-0.24284579,-0.20140472,-0.06762641,-0.038735904,-0.010342116,-0.42952216,0.010630202,0.9495674,-0.045694582,-0.009061493,-0.02179452,0.07855274,0.077935845,0.11050943,0.041877586,-0.25494495,0.51121265,0.10967807,-0.155021,0.78327453
-0.22806631,0.101961926,1.0759125,-0.24758154,-0.16480432,0.96365833,-0.5290371,0.26005948,-0.28764093,0.89184093,-0.22132403,-0.27431485,-0.2915635,-0.04168121,-0.35439977,0.28828984,-0.15922993,0.13245343,-0.87200826,0.018070437,-0.035095073,-0.024572983,-0.17462656,0.09216723,-0.12139871,-0.061965603,0.32044157,0.4405108,0.6272806,0.13927822,0.61401844
0.5623724,-0.643523,-0.7396361,-0.50664854,-0.25111127,-0.30502748,-0.035139877,0.36702323,-0.38868168,-0.45855463,-0.12032091,-0.37452123,-0.39842406,-0.36655352,-0.72016275,-0.9090625,-1.0733908,-0.13905771,0.64411896,0.057972126,0.03737019,-0.05908563,0.23948763,-0.17440064,0.21847257,0.034974243,-0.35854763,-0.38603663,-0.33848622,-0.15516299,-1.0463463
0.3432479,0.11397526,0.7138243,0.2615639,0.023602553,-0.45678303,0.07402743,0.41158545,-0.40421417,-1.0638049,-0.37360102,-0.25353214,-0.5432601,-0.38579237,-0.32359305,-0.022012558,-0.16745429,-0.18408841,0.31289655,-0.046816222,-0.03101544,0.01861637,0.124539055,-0.073598064,-0.07368638,-0.062192943,0.008544297,-0.29130992,-0.25845596,-0.109854326,-1.392599
-0.11191273,-0.17902723,-0.21123779,-0.9547172,-0.12691098,0.24825306,0.10337482,-0.4416061,-0.18591467,-0.24945828,0.013092065,-0.17349786,0.39796844,-0.22638176,-0.018028986,0.45649266,0.14080231,-0.04366438,0.309982,-0.057103254,-0.02294264,-0.039531797,0.06395636,-0.044296253,0.13922198,-0.1498775,-0.06485854,0.13725936,0.1977989,0.21938676,0.89342993
-0.18131596,-0.07537593,-0.15709664,-0.32753095,-0.6880837,-0.20305347,0.3108479,-0.019013565,-0.0982313,0.28624797,-0.14148696,-0.08608524,0.122060254,0.45035723,0.059408113,-0.28540206,0.27591616,0.05782558,0.102291025,-0.014629595,-0.03215354,-0.008132823,-0.093789406,0.0965406,0.08593152,0.08125508,0.07580879,0.02919709,-0.057552733,-0.07637555,-0.9415418
-0.42816868,0.39705047,0.2772086,-0.1141129,0.10061088,0.881795,0.13187143,-0.054738898,0.32876882,0.26223037,0.057083268,0.23825626,0.056543726,-0.164533,0.04844969,0.4847777,0.1782869,0.5054139,-0.324519,-0.04878532,-0.05075559,-0.014530614,-0.42079183,0.32859293,0.3927241,0.14024386,0.43246427,0.11694615,0.45331845,0.65900326,0.5618914
0.055809654,0.07857221,0.3581892,0.07122846,0.3205731,0.117552124,-0.22541931,-0.08544379,-0.027856216,-0.02429802,0.086352535,-0.10641298,-0.08585339,-0.08418282,-0.058689076,0.18904331,-0.20060144,-0.094385274,0.92341673,0.038587853,0.005280234,-0.0031106248,0.18478654,0.06784591,0.10121792,0.04382774,-0.15300195,0.16935584,0.12715794,-0.034701057,1.2728928
0.3919108,-0.00025149857,-0.30772698,0.08318829,0.019739605,0.14813608,0.20512842,-0.035730656,-0.19577435,-0.24192305,0.13626716,0.025136687,-0.06284805,0.3412027,-0.017634276,-0.3306899,-0.596274,0.10975012,1.0232733,-0.062015533,-0.013317838,0.046554387,-0.013830296,0.16602899,0.019730346,-0.1791337,-0.08603596,0.3748205,0.12994416,-0.5269133,0.94503677
-0.050058514,-0.14529629,0.5045646,-0.18245406,-0.45096794,-0.54686415,-0.73104113,0.18054579,-0.48870283,0.30931965,-0.45750546,-0.464761,-0.18291518,0.31548017,-0.68049663,0.9274976,1.01024,0.057797376,0.9379906,-0.051081,-0.024599038,-0.05869136,-0.17107756,0.29913777,0.13608508,0.21725881,-0.3263607,0.5419626,0.12759836,-0.10980899,-0.70847064
-0.036221016,-0.09631698,-0.8027931,-0.1477899,0.2069277,0.0038833201,0.96771294,-0.14327605,0.04038172,0.18726902,0.01607123,0.11645853,0.18634626,-0.13212329,0.59358174,0.21776496,0.47264072,0.051283885,-0.09148952,-0.019198388,-0.0028300956,-0.03634852,-0.22937213,-0.10206741,-0.29152778,-0.057710547,0.37935606,-0.33542818,0.28063402,0.19702592,-0.86284673
0.4830197,0.26817724,-0.29187408,0.37516317,0.50429374,0.5371265,-0.10290108,0.0144930845,0.16088928,0.65985566,0.22261788,0.13705297,-0.0704795,-0.20080929,-0.08817119,-1.0758708,-1.2260892,-0.20126274,-0.6659474,-0.030470297,0.0127159655,0.007585965,0.12125309,-0.29706967,-0.17015475,0.10759946,0.5348217,-0.5329391,-0.30433,0.24062128,1.0023682
0.04852708,-0.050575193,0.15056786,-0.12143118,0.025912756,-0.06703808,-0.1325493,-0.059035618,0.0070772916,-0.09583096,0.024499072,0.020858763,0.0348894,-0.06907973,-0.11317498,0.16641098,-0.11460826,-0.20625848,0.46266717,-0.05701083,-0.012231313,-0.043272845,0.1835057,-0.03216154,-0.031208485,0.026373552,-0.28697333,0.05667379,0.27576143,-0.084322646,1.4256284
0.021271786,-0.28614727,0.73384964,-0.048307233,0.07636487,-0.53785634,0.5365846,0.28437638,-0.068811975,-0.36019385,-0.1840988,-0.048439585,-0.24705468,-0.36258405,-0.06757086,-0.09885297,-0.1268102,-0.13837226,0.7001842,-0.04799094,0.029330842,0.022682734,-0.077720724,0.28390843,0.07726158,0.257709,-0.1790536,-0.011085431,-0.006294188,-0.06319441,-1.0905033
-0.004788,-0.0057916907,-0.006523218,-0.07154216,-0.120251626,-0.4490901,-0.34615922,-0.026886404,-0.012833089,-0.40895566,0.11271005,-0.029783726,-0.058595736,-0.15291783,-0.11111571,0.16067928,0.046603937,0.038334,1.2490929,-0.020598672,-0.021674387,-0.03176438,0.019873353,0.24591015,-0.050539345,-0.06870854,-0.6591583,1.0286691,-0.015700672,-0.5724898,-0.06868356
-0.24011624,0.05639389,0.7351668,0.40103832,-0.06751118,0.28248724,0.07281703,0.1029307,0.021110713,-0.64344466,-0.05461153,-0.0041301777,-0.054867133,-0.031652577,-0.10832415,0.95746577,0.5622301,0.08930998,-0.5541368,-0.03630495,-0.05565303,0.054547653,-0.09450969,0.13759458,-0.12831792,-0.11383178,0.001032499,0.6673784,0.5433911,-0.10850332,0.22873902
0.3668994,0.4026862,-0.32624295,0.4644263,0.34543812,-0.17759049,-0.19593957,-0.10557971,-0.13128656,0.2866635,0.048166487,-0.092827834,0.10150491,-1.1385517,0.10753456,-0.61219305,-0.30884603,0.19374382,0.1791064,0.04700751,-0.005611524,-0.05857332,-0.23415607,0.59533584,0.017440334,0.5677226,0.033370234,0.24757218,0.65379757,0.07144714,-0.052637424
-0.20532274,0.33736208,0.94351137,-0.0072477465,0.54477876,0.49142733,0.5230576,0.03173392,-0.07620732,-0.6318984,-0.3129476,-0.13808939,0.033981357,0.24053857,-0.024960386,0.976082,1.092309,0.0053250617,-0.26906112,-0.054076828,-0.058405638,-0.008893453,-0.093253545,0.3119411,0.19754179,0.16804281,-0.2827997,0.51311576,-0.24073303,0.09905984,0.16980937
-0.022742419,0.27058145,0.72403944,0.26009083,0.14908981,-0.20004377,-0.12398702,-0.21906571,0.15264584,-0.14839347,0.26333427,0.27812538,0.15999691,0.03126304,0.08297543,-0.0006881899,-0.43396652,-0.06700742,1.8626577,0.0030042082,-0.012788758,0.06188216,0.09801154,0.03465915,0.10713577,0.007926046,0.56465226,-0.06680089,-0.36672112,-0.084743634,0.99670625
0.10150676,0.2168293,0.3350122,-0.73056525,-0.50889343,0.017132934,-0.5815678,0.14036614,-0.3147686,0.03728358,-0.29563054,-0.42756623,0.028503265,0.02241731,-0.25473294,-0.27875093,-0.19795777,0.13511695,-0.10160676,-0.04787714,0.024438292,-0.05939898,-0.25903535,0.45727816,-0.056390908,0.22474465,0.51175684,0.3882483,0.843126,-0.008289623,-0.07160945
-0.85430884,0.3469582,0.7197868,0.28735846,0.1629029,0.5717914,0.9120817,-0.014565857,0.3272878,0.27599332,0.1586527,0.35495684,-0.060593244,-0.27375883,0.22468154,-0.022272523,-0.22344656,0.19717257,-0.95023674,-0.042534307,0.058870055,0.032585464,-0.06332534,0.15636541,-0.40051976,0.0574529,0.22171599,0.016363157,0.45345277,-0.054258168,0.33778095
0.8740999,-0.033382226,-1.0042582,-0.49799386,0.050391085,-0.08843043,-0.6509559,0.47448,-0.56485844,0.16889103,-0.056931004,-0.57929164,-0.3676949,1.8488092,-0.6474798,0.08847546,-0.092630655,0.21292055,-0.8627376,-0.056398913,0.003628701,0.0010433644,-0.20666404,0.27308828,0.12175851,0.4458533,0.6414376,0.06188234,0.6123689,0.17624547,0.37692454
0.034500737,0.12763588,0.112362824,-0.02025423,0.5571213,-0.23084025,0.055045288,-0.05794283,-0.078180656,0.33285728,0.22985493,-0.04714498,0.025884667,-0.28412217,-0.10972759,0.62656003,0.26129046,-0.113540985,1.3599918,-0.054789625,0.023471974,0.009039976,0.23865253,0.14584121,-0.007510826,0.2756168,-0.014077472,0.6432892,-0.50316846,-0.6509949,0.46072796
0.33280715,0.1531106,-0.95801383,0.21710877,-0.05954754,0.05451711,-0.2999891,0.011941672,0.13891372,-0.2147577,0.4042294,0.118439965,-0.02503711,-0.34617698,0.010089857,0.2956084,0.49040088,-0.17770118,1.4868778,0.027706355,0.05826266,-0.05167453,0.12223586,0.020648452,-0.14984813,-0.0131531125,-0.34911597,-0.11632983,0.08632648,-0.25184518,0.34688905
-0.4518891,0.061426297,0.42169848,-0.28862077,0.8338496,-0.12897332,0.012185872,0.04285732,0.059366606,0.7326979,0.06792978,0.08377359,0.006447951,0.37865025,-0.121754855,0.8763863,0.9833153,-0.07865231,-0.11963021,-0.015588507,-0.011336707,-0.0026856065,-0.026469547,-0.118544966,-0.1266965,0.2295365,-0.08214148,0.15083542,-0.112795115,0.43075067,-0.9523358
-0.2326449,-0.3144157,-0.45818302,-0.29134035,-0.09036219,-0.47617275,0.23898101,-0.6922333,0.44344163,0.5223073,0.05606096,0.53507817,0.6658861,0.16614366,0.74086463,-1.2451502,-1.2519683,-0.27569905,0.5271008,0.039040484,-0.054039463,0.019204557,0.24785554,-0.4629571,-0.19150546,-0.1422136,-0.6025912,-0.049700283,0.15333256,-0.18829282,-0.6129986
-0.30488357,-0.3011996,0.15693791,-0.29625845,-0.39833403,0.28759792,0.9760569,-0.35180885,0.39233503,-0.2368489,0.11658907,0.33633015,0.23728408,-0.93413794,0.50402445,-0.14651679,-0.2871356,0.31452057,0.6134177,0.006181434,0.047095753,-0.020109102,-0.23061088,0.27909827,0.5574457,-0.03372453,0.049349,0.77212715,0.031217352,0.102125935,0.64879227
-0.004997371,-0.17052674,0.31070742,0.14865312,0.016490918,-0.02993822,-0.65382373,-0.27814752,-0.007092273,0.34823832,-0.020021655,0.040520906,0.28743047,-0.29521024,-0.28573897,-0.003429501,-0.24122061,-0.09873796,-0.3198425,0.01338619,-0.013007611,-0.054257177,0.22449747,-0.48163387,-0.04536917,-0.3775647,-0.028837664,-0.58368224,-0.5331715,-0.012045413,0.77330345
-0.38434866,-0.26586828,-0.44283572,-1.0875396,0.36429402,0.47740343,1.0627968,0.43437916,-0.12827611,-0.43136892,0.10090611,-0.052372098,-0.45492426,0.27978018,-0.42045984,-0.16525428,-0.10931468,0.065699756,-1.3850751,0.03974867,0.048448652,-0.055724837,-0.17796986,-0.057757158,-0.032298908,0.10844454,-0.07728607,-0.71464795,-0.27293128,0.38984475,-0.34552848
-0.050053626,-0.103213444,0.084113486,-0.046564657,-0.15673509,-0.122145645,0.04604178,0.05428171,-0.1281326,-0.22555119,-0.4230405,-0.12855013,0.0078860745,0.13285857,-0.12946191,0.25046566,0.4602292,0.02944568,-1.0734047,0.007218644,0.05530984,0.058175296,-0.09134171,-0.06225178,-0.011133839,-0.090826206,-0.15407418,-0.31901476,-0.0513973,0.25755724,-1.0758271
-0.20523033,0.08453684,0.041580297,0.2808755,-0.158317,0.19205196,0.012244998,-0.3029976,0.19256145,0.83412933,0.26044098,0.14671482,0.30661988,0.032221682,0.049361236,0.8731103,0.6766091,-0.25226894,-0.7058051,-0.0016092435,-0.04573948,0.049456343,0.29208755,-0.46310282,-0.44585127,-0.49430728,0.11405182,-0.5937438,-0.27915102,-0.112732045,0.05081337
-0.0028820075,-0.11662275,-0.15017988,0.011672853,0.06252617,0.03681821,0.18907951,-0.03763602,0.022417285,0.15061352,-0.017407022,0.11707044,0.021933392,0.30175218,0.05324918,-0.39279276,0.12306974,0.15878494,-0.81277424,0.057851464,0.01406271,0.021440506,-0.28472647,0.016784389,-0.0019210994,-0.094005525,0.06123543,-0.0052296855,-0.070585035,-0.26489654,-1.2528403
-0.14392556,-0.1800873,0.2560734,-0.14095439,-0.14158979,0.7327458,0.15368779,0.3406701,0.06924381,-0.28296003,0.19582537,-0.00041263454,-0.31209788,-0.6129184,-0.31496555,3.400627,2.847902,0.09616967,0.8625964,-0.043857343,-0.0054454133,-0.034124486,-0.12332306,-0.12467399,0.032026894,-0.150966,0.18099712,0.14641568,-0.13815646,0.41585872,0.27567425
-0.17057338,0.041031323,-0.8665406,0.28364107,-0.11034874,0.54641676,-1.0197283,-0.20912313,-0.28058198,1.6784283,-0.25924283,-0.29974434,0.17731982,-1.327798,0.06596802,-1.2166543,-1.0790441,-0.19814068,0.9218432,0.044754483,-0.04724039,0.042638704,0.15408039,-0.07220866,-0.1847618,0.061510634,-0.13539939,-0.3470416,0.502374,-0.26767603,-0.09598475
0.10469766,-0.06361329,0.10188097,-0.3487648,-0.66339564,-0.31821823,-0.50129896,0.7788574,-0.45880994,-1.566089,-0.037508104,-0.41438517,-0.7941463,-0.09265601,-0.80358696,1.9309831,1.6191945,0.094263405,0.27350485,-0.037400745,-0.006139241,-0.022518836,-0.22090404,0.15739709,0.2325908,0.19764143,0.091543175,0.09758727,0.23857754,0.10192484,0.34344834
-0.37012523,-0.095842525,0.8591378,-0.33767578,-0.01155827,0.87517583,-0.07444931,0.33154067,-0.03436174,-0.69245815,0.09308914,-0.06388355,-0.31095073,-0.914635,-0.19711642,1.4133475,1.1118042,0.0025223405,-0.73352915,-0.055306427,-0.026018985,-0.016395591,0.028920049,0.09754907,-0.18329673,-0.29879627,0.067874454,0.5592335,0.55179685,-0.377503,0.2439262
0.08447165,0.021548312,-0.1874658,0.019117003,0.4841042,0.0026920706,-0.2607798,-0.018110534,-0.13324253,0.060056932,0.06273129,0.015151624,-0.02325138,-0.11254232,-0.055882983,0.05480479,-0.27342638,-0.09015836,1.1533532,-0.04130488,-0.04079701,0.008934863,0.16957523,0.0045461818,-0.13182674,0.072177745,0.19960354,0.108310014,-0.14441067,-0.19285874,1.3868749
-0.14146626,0.13550054,0.5833993,0.06479878,0.5893692,-0.115804836,-0.43629628,-0.105452925,-0.029302394,-0.14238115,0.234631,-0.0521545,-0.033159472,-0.28383785,-0.00022418547,0.27799135,-0.12579118,-0.1501417,1.7258152,-0.004802771,-0.05808966,-0.041727513,0.27986097,0.0054334677,0.1590794,0.12623535,0.12302012,0.07696291,-0.39857668,-0.16596925,1.1093165
-0.6623022,0.15042341,0.122478,0.30101773,0.83760774,-0.010749209,1.4039525,0.039292365,0.0025525133,-0.072042085,0.08034105,0.05142738,-0.09014891,0.011946269,-0.068780825,-0.677566,-0.9125806,0.01111678,-0.08976013,-0.029348545,0.017258815,0.022697687,0.08194399,-0.3248987,0.33740008,-0.41436446,-0.61946344,-0.6090883,-1.0768856,0.12387163,0.5547466
-0.5172592,-0.36442307,0.060305357,-0.24694961,-0.32010564,0.21265243,0.73364526,-0.09652097,0.13788065,-0.9628269,-0.010730998,0.14792497,0.03587821,-0.8458479,0.03258716,1.3922043,1.2183583,0.019935612,-0.77378416,0.022958986,0.0041170716,-0.03892114,-0.055619724,-0.03597828,-0.20707412,-0.30276644,-0.32812354,-0.11267746,0.6011172,0.19847454,0.0036883277
0.035873916,0.24828747,0.20440724,-0.3405057,0.1204736,0.24659774,-0.11920883,0.65744174,-0.5117972,-0.22309242,-0.43094143,-0.55538356,-0.6094425,0.46352488,-0.6485726,0.9122944,0.7729421,0.13945839,-0.8563626,-0.057982408,0.01528047,-0.010266796,-0.166137,0.21013768,-0.27698797,0.28011277,0.44785118,0.09387904,1.078873,0.2678141,-0.28169584
-0.1425287,-0.19156438,-0.31434125,-0.49162042,0.09891373,-0.09278343,0.69224966,-0.08074022,-0.10752073,0.21174653,-0.17394662,-0.036788747,0.16168122,0.27384982,0.30215427,-0.07038583,0.21534345,0.11853377,-0.5853855,0.019233309,-0.030218504,0.022465207,-0.12702963,0.21377103,-0.06951394,0.34406298,-0.21969163,0.12908758,0.22369583,0.116861895,-1.0464541
0.041908324,0.41941133,0.44476,0.3712577,0.24192926,0.3129998,-1.0055261,0.45622253,0.009867552,-0.054263238,0.44108078,0.08075828,-0.448622,0.22961095,-0.26811287,0.5320864,0.4950296,0.10020087,-0.48521906,0.05837831,0.0055407137,0.02365309,-0.11743186,-0.019572217,-0.47789246,-0.16007704,0.43943965,0.10305695,-0.08039882,-0.046965193,-0.92239445
-0.045721,-0.09812895,0.12328786,0.05391779,0.24812154,-0.05484868,0.10134949,0.17054006,0.007964449,0.23431247,-0.14896086,-0.0032570907,-0.1616957,0.21997614,0.07121615,-0.16302635,-0.015603909,0.2399094,-1.2472947,-0.01819665,-0.043644883,0.042428598,-0.28001288,-0.05962088,-0.16690294,-0.010078085,0.39356273,-0.014114133,-0.1449113,-0.021037243,-1.2909818
0.08879999,0.2251159,-0.14503764,0.7660794,0.6185765,-0.18188556,0.4147987,0.051519703,0.33402458,0.9282847,0.27556568,0.26543918,-0.13230227,0.14805263,0.42353103,-2.0791938,-1.6941699,0.39891487,-0.5381653,0.024501577,-0.011334673,-0.011634968,-0.15810412,0.3690877,0.09020915,0.0031233092,0.159215,-0.27425426,-0.05487274,-0.26612738,-0.3947153
0.2885803,-0.28452036,-0.33407295,0.00029251087,-0.14818765,-0.2868279,-0.59536844,0.036386844,-0.15349758,-0.20873058,-0.03918785,-0.20767836,0.009216073,0.4248129,-0.13391435,1.0196029,0.6428531,-0.19696365,0.7600173,-0.017665528,-0.0608901,0.027445115,0.08813512,-0.15310994,-0.16047698,-0.010558635,-0.16831134,-0.09723747,0.72685736,0.08796956,0.22198336
-0.18690984,0.022165125,0.5190575,-0.35065073,0.78861415,-0.4868988,1.3745704,0.15513372,-0.05892841,-0.017227298,-0.2531924,-0.052536514,-0.011131887,0.08860955,0.053585216,0.37389848,0.542763,0.13374746,-0.3312272,0.033754572,-0.056978576,-0.034599707,-0.22700109,0.30894116,0.037867106,0.45554274,0.009583771,0.5893365,-0.76901615,-0.00917371,-0.59466416
-0.20606197,-0.20884582,0.061841805,-0.1962657,-0.21253692,-0.0006781217,0.07842458,-0.022444142,-0.043408718,-0.24983317,-0.14448111,0.030980544,0.017845,0.25834885,0.13441916,-0.08258588,0.24376218,-0.08560527,-0.65661013,0.035584196,-0.030620754,-0.04811366,-0.08150092,-0.15318969,-0.14918113,-0.13885395,0.07227123,-0.35732895,-0.17700233,0.08265285,-1.0976583
-0.19210976,-0.16058329,0.56018895,-0.26082504,-0.8516864,0.06713586,0.103557296,0.009514351,-0.17117599,-0.12267443,-0.3517941,-0.20044826,0.035353404,0.07587705,0.11721852,-0.4905817,-0.1402566,0.09580612,-0.5181963,-0.0034276024,-0.05915761,-0.05110368,-0.19126196,0.119791366,0.44660202,0.04615247,-0.20519851,0.032572914,-0.25938588,0.15871535,-0.9346181
0.10574699,-0.07971918,-0.8789858,-0.21467309,-0.0019947959,-0.021042954,0.74601597,0.09610059,0.21294335,0.47372988,0.10799107,0.18432726,-0.038237065,1.0015625,-0.055552393,-0.69327104,-0.23085752,0.14077413,-1.0385641,0.012171581,-0.0502223,0.026520185,-0.16134158,-0.17023896,-0.1213624,-0.074815884,0.38553223,-0.3317632,-0.10944872,-0.15075046,-0.62531364
0.6910265,-0.30665347,-0.89458305,-0.07643454,0.25830963,-0.42983338,-0.05275321,0.5079043,-0.119252205,0.031515647,-0.0035831274,-0.14642967,-0.51639026,-0.48136246,-0.26502624,-0.25730392,0.20056814,-0.086496174,-1.7310215,-0.030493543,0.003795147,0.050072268,-0.026390877,-0.11411349,-0.22242391,-0.27360708,-0.3060004,-0.2873373,0.16751096,-0.34766072,-0.6223751
-0.19983302,0.06679171,-0.22802931,0.009107335,-0.4792136,0.3312645,-0.8546841,-0.39865896,0.14945151,0.20287207,0.13465919,0.040260356,0.331292,0.4475162,0.09167206,0.17644267,0.21340117,-0.07901537,0.5897572,-0.025740407,-0.031746097,0.000816755,0.12920916,-0.20925598,-0.13295266,-0.28481653,-0.07351896,-0.083968714,0.233057,-0.09198246,1.1514035
-0.32887092,-0.012964024,0.41755575,-0.12143346,-0.25984767,0.33131912,0.2841635,0.019786019,0.11798264,-0.08796778,-0.123950556,0.035617337,0.13137008,-0.14375342,0.1432463,0.120040655,0.452686,-0.003845879,-0.65408516,0.023696184,0.028541021,0.029877193,-0.120808065,-0.032157604,0.10937999,0.09992343,-0.2700521,-0.422146,-0.08989962,0.47833875,-0.9658467
-0.19230226,-0.04160005,0.026923357,-0.21570823,0.027048282,0.05571539,0.30298796,-0.007104878,-0.0136057995,-0.34954035,0.3074014,-0.061068904,0.034708213,-0.062297724,-0.14854906,0.28924406,0.08399928,-0.2170239,0.76859707,-0.05866792,-0.012960769,0.0024925172,0.19929658,-0.10788575,-0.17477685,0.015314295,0.0057298914,-0.0038572412,0.1445341,-0.03482696,1.5019528
-0.36214823,0.12914664,0.2504341,0.32115424,0.14856106,-0.03140773,0.7325613,-0.07384767,0.08093694,-0.8600265,0.100409016,0.036965273,0.08344091,-0.37203065,0.070364036,0.4855964,0.6421965,-0.046782367,0.25089988,-0.025766157,-0.0043210313,0.0065662116,0.04552331,0.016435795,0.21611209,-0.38521916,-1.5814607,0.21667568,-0.84735435,-0.12652424,0.6969801
-0.3764721,-0.15855692,0.1512082,-0.3808453,0.47260484,0.47974914,-0.11513236,-0.4051011,0.5039643,0.53019404,0.13673763,0.2336006,0.45231313,-0.195561,0.4458032,0.022610962,-0.2961657,0.078743674,2.0358906,-0.02875048,-0.024353966,0.05541434,0.08185716,0.13711265,0.3466491,0.09943713,0.21391201,0.35045752,-0.1913375,-0.021743698,0.6177332
-0.11903948,0.013946278,0.24915446,0.24670672,-0.22444504,-0.30875915,-1.0128309,-0.07025085,0.06317432,0.04595435,0.1257251,0.078976214,-0.12683032,-0.092200726,-0.11263141,-0.0007289055,-0.38392657,-0.12618424,1.7005819,0.017063245,0.0011043102,0.057151407,0.30619463,-0.14022277,0.17774425,0.048319366,-0.17599581,0.030930657,0.023820462,0.08617592,1.0908676
0.22033924,0.17108078,-0.37749752,-0.04726063,0.45996508,-0.07867356,0.32907784,0.068668514,0.1349972,-0.27868542,0.14764619,0.13866913,-0.20360295,-0.35065356,-0.0007541753,-0.3060967,-0.42637685,-0.038586263,0.67585635,0.011804514,-0.010116801,-0.058353,0.10668355,0.15879697,0.27523908,0.11751865,-0.57699925,0.6532553,-0.10734889,-0.34855053,0.80941916
-0.07306794,0.20622873,0.7930916,-0.08140272,-0.029349187,-0.712727,-0.4180411,0.3923381,0.11629373,-0.48413655,0.07157755,0.10881504,-0.45382923,-0.1385017,-0.20782727,-0.92926216,-1.1020505,0.28974938,-1.1905129,-0.022078462,0.058985375,-0.06234674,-0.25221026,0.15603735,-0.17741267,0.30880085,0.5270076,0.093779474,0.09083302,0.18490435,0.05327977
-0.2706461,0.21908325,0.29019767,0.27357692,-0.26301482,0.6058192,-0.6130531,0.13602583,-0.03504012,-0.46474704,-0.2580545,-0.05547917,-0.11860135,-0.0818909,-0.35775,-0.28680107,0.012289066,0.13543208,-0.67639995,0.02743949,-0.0330801,0.020401858,-0.10267931,-0.26118287,0.07650942,-0.41769296,0.042163834,-0.38535887,0.07234862,0.7823583,-0.53464323
0.17498823,-0.100245215,0.053460903,-0.17972066,0.070278026,-0.0071408586,-0.14146295,0.09176745,0.011355787,0.042685296,-0.21203387,0.024427228,-0.1477622,-0.16829546,-0.024379741,-0.062034536,0.071856335,0.20756963,-1.2891247,0.046827905,0.040411137,0.059678905,-0.25003055,-0.06591424,-0.11212442,-0.0098113995,0.32248965,-0.08882622,0.064330585,-0.1273263,-1.3506842
-0.018739393,-0.000705818,0.20086457,-0.100226715,0.07994229,-0.034956392,-0.04240815,0.0076243607,0.048007995,-0.04848601,-0.02482865,-0.06751406,-0.001251938,-0.12842314,0.021716855,0.38938606,-0.13474111,-0.15683489,0.70670813,-0.03643462,-0.0036954284,-0.011349522,0.28995138,-0.09661039,0.07623606,0.024043657,-0.0638266,-0.0029593953,0.04935222,0.010542541,1.4053874
-0.84223044,0.25858444,0.70230854,-0.015560939,0.53947663,0.12293638,1.1121731,-0.21444589,0.14546731,0.9064071,-0.39750198,-0.12370307,0.2003329,-0.40387598,0.46124154,-0.2908143,-0.101462685,0.14701569,-0.65734035,0.0610641,0.042880684,0.004791908,-0.113519356,0.15455674,-0.18944478,-0.34227595,-1.0920126,0.23169503,0.6112575,-0.26765248,-0.34946278
0.16624144,0.17732021,-0.14721486,0.5782299,0.11667616,0.40354186,-0.07321914,0.5756476,-0.112205036,-0.73168933,0.3115277,-0.034472093,-0.6902589,-0.32704097,-0.17127015,0.12787606,-0.15886499,0.13701402,0.15335645,-0.02750919,0.049464986,-0.034281805,0.017043917,-0.10460569,-0.07330897,0.069921575,0.14233981,0.10548849,0.5109004,-0.14615232,1.0049331
-0.23665732,-0.27463457,-0.1010774,-0.3795796,-0.12163795,0.44933417,0.7193171,0.08034951,0.0074963835,-0.40383694,-0.20129126,-0.0027722782,0.032582376,0.22030625,0.059593685,0.4641522,0.6060656,0.06698528,-0.98846686,-0.026769407,-0.048847176,0.053098492,-0.22399312,-0.09915858,-0.0060202554,-0.09286572,0.019214895,-0.4132797,-0.03195937,0.33581847,-0.727856
-0.9698334,-0.24151999,0.46450454,-0.9220228,-0.032212928,0.8882468,0.5083405,-0.10928505,-0.03441178,0.34290683,-0.4891358,-0.16443,0.32151917,0.08229187,0.16471823,-0.020361792,0.15056105,-0.019034281,-0.118822046,-0.043882966,0.05249551,0.03795152,-0.18658729,-0.122869045,-0.2923944,-0.2656779,0.1949662,-0.3481924,0.03997744,0.11920447,-0.7081536
-0.5233289,-0.042563032,0.24454597,-0.74327785,-0.06031344,0.029671121,0.42661893,0.03661729,-0.62908643,-0.3316064,-0.4477936,-0.41037902,0.013772658,0.9864479,-0.43638334,0.13158481,0.32592446,0.048848446,-0.6283484,-0.042010203,0.0606333,0.0003270656,-0.23562033,0.09598676,-0.1298226,0.119515896,0.34870446,-0.31695968,-0.106231056,0.31440228,-0.3680899
0.063142136,-0.020837136,0.5224549,-0.10793435,-0.27316904,0.3664848,-0.1991147,0.2937338,-0.1667123,-1.0125673,0.06541905,-0.17119052,-0.2086349,2.0526946,-0.3074656,1.6181966,1.4159867,0.08355982,-0.82043993,0.053871423,0.0021163076,0.05990441,-0.04067998,-0.114639804,-0.11103281,-0.1308598,1.099559,0.019016838,0.9083393,0.2328945,-0.71347415
-0.30839387,0.09979149,0.32119486,-0.4171932,-0.24376841,-0.4874394,0.04522127,0.4417348,-0.40003586,-0.5069497,-0.17960893,-0.38385767,-0.4244485,1.8700882,-0.49124023,0.55587375,0.29366904,0.17985246,-1.596293,0.005934894,-0.042124398,0.04161986,-0.12777156,-0.15655392,-0.21369083,-0.21741156,1.4692887,-0.17920583,0.39777446,0.20851351,0.21043886
-0.1518667,-0.3440002,-0.038646676,-0.21906428,0.008327708,-0.036202945,0.45422828,-0.099036284,0.026897533,-0.2839906,0.089256,0.0513467,0.062084507,-0.0077445176,0.14085642,-0.25975212,-0.13262361,-0.1387086,-0.3145196,0.0035675615,0.009822644,0.015812807,0.33234945,-0.2249543,0.27280864,-0.32939228,-0.7263411,0.10079237,-0.24597678,-0.07110651,0.50603384
-0.5586804,-0.32787055,0.2465702,-0.2002564,0.5349007,0.6633338,0.8358417,0.145964,0.27235404,-0.89619595,-0.14504208,0.20423262,0.04452144,0.26171365,0.05435325,1.4376136,1.4955506,0.09128285,-0.5757988,-0.05091121,-0.059020318,-0.04414156,-0.14271876,0.021655556,0.42725393,-0.23523161,-0.81060016,0.28709844,-0.28685528,0.13155226,-0.5502248
0.04319766,0.18358311,0.34778616,0.05698159,0.29784122,-0.33303797,-0.19355708,0.49620804,-0.24453232,0.7645877,0.05308235,-0.29704523,-0.57490504,-0.20419767,-0.40372017,-0.6002319,-0.60330987,0.053394813,-1.2158206,-0.05594916,0.04988715,0.055193767,-0.013820208,-0.025846666,-0.34688103,0.054044787,0.41910872,-0.20490049,-0.17486562,-0.074038744,-1.0316112
0.11930167,0.102394834,-0.27676845,-0.08067816,0.22200368,0.5668999,0.20463112,0.0014564063,-0.12625824,-0.32206213,-0.08975418,-0.01480893,-0.0062261536,1.4850798,0.16320075,0.79679483,0.33814505,0.11093597,0.89405406,-0.00941997,0.05782883,-0.057774484,-0.08812936,0.1524451,-0.14406502,0.049320344,0.27894017,0.29128233,0.031780604,-0.18059868,0.9370096
0.09113432,0.1024539,0.102696404,0.32662353,0.10053618,0.13948831,0.33201966,-0.22212955,-0.20052806,-0.7432187,-0.19726634,-0.20482685,0.2854185,-0.01061926,-0.01200824,-0.5594015,-0.31199813,-0.001053993,0.57924676,-0.034848236,0.023681268,0.03119538,0.0030538866,-0.13975681,0.1526135,0.2441945,0.2584296,-0.8325136,-0.42560872,0.53201896,-0.17609079
0.33781192,0.2643763,0.40402016,0.46585882,0.07328952,0.045547184,-0.8182934,0.048359748,-0.08844854,-0.34627554,-0.118224986,-0.0772227,-0.033669874,-0.3281433,0.08207233,0.19414288,0.010910052,-0.11329175,1.4112674,-0.061623506,0.024259448,0.051506676,0.11720014,0.2903671,0.10607625,0.18464047,-0.61650455,0.7494663,-0.11766901,-0.2857735,0.34819758
0.009700679,-0.18283893,-0.005591435,-0.30243272,-0.011022053,0.4264523,-0.004770064,0.089315884,-0.0116014825,0.13823219,-0.108796395,0.03950761,-0.05245167,0.02436215,-0.041811466,0.22036496,0.2835666,0.0025875326,-0.07269872,-0.060795203,-0.04741385,-0.016004391,-0.04702144,-0.13984199,-0.29795328,-0.20040539,0.557,-0.24985072,0.2810101,-0.10943056,-0.9330989
-0.22733058,-0.14861579,-0.13335276,-0.6294094,0.39207667,0.4627334,0.98792696,0.033850353,0.27305567,0.17914379,-0.009409828,0.26435506,0.15433125,0.101435974,0.09161034,0.30415854,0.6693214,0.14583364,-2.0867307,0.054291286,-0.01601693,0.011285454,-0.15310603,-0.0042423597,-0.27800283,-0.1017982,0.11939974,0.40337864,-0.2970037,-0.03875338,-0.92830396
-0.12884606,-0.017500114,0.045652956,0.15242107,-0.012479188,-0.09073182,0.15238155,-0.06047768,-0.02068233,0.10081199,0.24666618,-0.04835081,0.072150305,0.020172372,0.16974793,-0.4266467,-0.35064653,-0.26103288,0.9460133,0.027187072,-0.041441686,0.058276735,0.26099464,-0.04156177,0.01767723,0.018780297,-0.042010132,-0.042493444,0.076381154,0.091865905,1.3668746
0.2886202,-0.110301204,0.0006526426,0.25742,0.74002457,0.12389099,0.53673375,-0.7911638,0.27070513,-0.8464384,-0.05266592,0.4007199,0.7499013,0.03105254,0.599695,-0.31965277,-0.19506536,0.086973704,1.045302,-0.05128546,0.023348816,-0.05496694,0.0031578399,-0.08960951,0.16722517,-0.30915385,-0.4230495,-0.058136933,-0.40395817,-0.0565806,0.32246917
-0.19855288,-0.1361783,-0.29001445,0.29230404,-0.2529299,-0.04748347,0.93937784,-0.123011984,0.13876875,0.2372468,0.38275883,0.1829717,0.09990353,0.034744874,0.15143189,0.0019832177,0.09171452,-0.16667038,-0.3020914,-0.060055524,0.048799872,-0.058806345,0.22771795,-0.51522046,0.06863853,-0.4303116,-0.50140613,-0.4739503,-0.97682995,0.06957789,0.45644367
0.32701236,0.02400523,-0.21390213,-0.01741637,0.48391646,0.07332052,0.16763757,0.14312367,0.06212424,0.08695061,-0.051510606,0.006739176,-0.07263942,-0.3368162,0.10904533,0.1434449,0.29774985,0.18662278,-1.2110025,-0.019556776,-0.05994542,-0.0014338344,-0.2274178,0.0344639,-0.12769018,0.1606147,0.28287888,0.06334476,-0.11634468,-0.26753294,-1.1943077
0.34820992,-0.03657015,-0.80289716,-0.33805802,-0.3165474,0.20838574,-0.30662832,0.36974138,-0.16223699,-1.2019452,0.17891932,-0.16029023,-0.3933602,-0.6695608,-0.40381792,0.60573417,0.45651895,0.18417495,0.21862702,0.043653414,0.026993684,0.057421528,-0.23396376,0.18269095,0.29972205,0.3042851,0.3317814,0.16280586,0.30876106,0.3099385,0.99783194
0.086752184,0.28231126,0.019383058,0.29787108,0.017471045,-0.5763221,0.2697989,0.026587311,-0.08916246,1.269963,-0.27906948,-0.16855004,0.030194478,0.35617107,-0.08172593,-1.472818,-0.90797156,0.05940494,0.422777,0.0433271,-0.02208656,-0.044602826,-0.15672803,0.31339222,0.5474431,0.17758486,-1.0767835,0.08537215,-0.3378174,-0.17912152,-0.9227485
0.36315954,0.20938608,-0.7422214,0.028653722,0.33779466,0.4169685,-0.8853809,0.45786214,-0.25189862,0.018698744,0.32799536,-0.17025284,-0.44681725,-0.047478594,-0.21880324,1.3560028,1.2759789,0.094537705,-0.3934033,-0.0024231821,-0.053329065,-0.05809612,-0.18818983,0.22133896,-0.00083181064,0.20100446,0.5972548,0.047173668,0.71360636,0.12159847,0.30988538
0.13636544,-0.08894068,-0.63111526,-0.25459275,0.06795757,0.5344321,0.3501104,0.048516266,-0.12375641,0.0733133,-0.14992428,-0.17468701,0.044890694,0.2151996,0.22432807,2.1180537,2.1066363,-0.024019403,0.33689576,0.010563992,-0.05849027,0.004038915,0.10550538,0.17862199,0.043111213,0.19827457,-1.0433439,-0.112773016,0.4886333,0.16080411,0.17691989
-0.7714157,-0.030064484,-0.016376264,-0.44934344,-0.57605386,0.69612557,0.177245,0.16379285,-0.14491345,-0.80542976,-0.097735025,-0.15432668,-0.12567294,0.44467574,0.07525914,-0.28038785,0.08996511,0.16493058,-0.12284829,0.02008918,0.013571888,0.018845677,-0.13127846,0.444985,0.45163557,0.41108355,-0.21576944,0.30551383,-0.10320898,0.121646576,-0.5082171
-0.26353446,-0.0021165004,0.21412127,0.005052371,-0.34973517,0.26545024,0.4690948,-0.113854356,0.26685354,0.8431095,0.4576926,0.2360058,0.08925988,0.5448812,0.18978676,-0.06910378,-0.037747912,-0.0732992,-0.5908564,0.039801955,-0.0499688,-0.061238967,0.094503045,-0.22648117,-0.34855396,-0.2419532,0.27915516,0.04576691,0.9580527,-0.0059072846,0.5110766
-0.15858644,-0.08887565,-0.04209055,-0.025111783,0.059794676,0.17200162,0.24392734,0.014006686,0.06253824,-0.052713543,-0.015011721,0.041389078,-0.06474338,0.16287214,0.09000073,0.12969522,0.3052529,0.1588239,-0.625328,0.043733343,0.0122299865,0.012851879,-0.1926538,-0.16682537,-0.056442168,-0.015593542,0.32722926,-0.23997831,-0.23367625,0.18107644,-1.124068
0.7379473,0.29776558,0.18207282,0.41195035,0.46073002,-0.53966767,-0.3727569,0.0967844,-0.47302377,0.28207272,-0.71618193,-0.50048286,-0.031489737,0.9579561,-0.44512734,-0.51951486,-0.77696574,-0.042762097,-0.3948685,0.026607908,0.04380531,-0.036566593,0.035276353,-0.22206163,-0.4276458,-0.14140904,0.5859178,-0.18391478,0.06261391,0.056752656,-0.2485337
-0.15632863,-0.25281417,-0.21367536,-0.2884994,-0.38213274,0.18366288,-0.04060065,0.039236944,0.15329899,-0.06745477,0.113795735,0.1233762,-0.08604776,0.19749796,-0.08400716,0.101283446,0.61949164,0.06766569,-0.75769365,0.05306536,-0.05667728,-0.02410151,-0.18393058,-0.13599536,0.117822714,0.101384565,0.17328337,-0.61203766,-0.043899994,0.5116864,-0.796069
-0.06601795,-0.020566268,0.7824313,-0.18567245,-0.28993437,-0.82524467,-0.38098216,0.16798232,0.31407234,0.15359764,-0.073733084,0.24743453,0.0028155365,1.5956204,0.25644645,-0.22478248,-0.3561673,0.34102616,-1.4387271,-0.036923163,-0.0030247122,0.023291044,-0.22981058,0.24688418,0.24673048,0.06892268,0.3608231,0.1520725,0.20002864,0.26511636,0.8167331
0.15731604,-0.29865766,-0.6770913,-0.018485218,0.4214819,-0.06670318,0.48134246,-0.19694306,0.17740655,0.057958122,0.042285122,0.2087147,0.16016474,0.1713121,0.16165072,-0.047538683,-0.05566968,0.049090322,-0.6382983,-0.03884945,-0.056804545,-0.027634814,0.14961715,-0.11786404,-0.19568972,-0.018529173,-0.089027174,0.15699336,0.06586408,0.078320235,0.8667244
-0.03748661,0.06892453,0.071153514,0.2788819,-0.045150004,-0.20388214,0.23956056,0.09573087,-0.03203386,-0.62373555,-0.26765007,0.10530617,-0.02867632,-0.22342916,0.07389441,0.26111233,0.51806885,-0.21903545,2.2127843,0.044776216,-0.059193872,0.051329218,0.002360486,0.36665463,0.73011726,0.28398946,-2.1200144,0.8513723,-1.0080872,-0.15103364,-0.20784362
0.2857168,0.27724957,-0.21676946,0.2708416,0.16777581,-0.27001584,-0.36971608,-0.103725195,-0.06693646,0.041419633,0.26574263,-0.02992798,-0.025215533,-0.33292088,0.054148134,0.014240233,-0.2137918,-0.028062852,0.40387946,0.01617372,-0.04397382,0.058443144,0.15676762,0.2470553,-0.04440778,-0.0033914205,-0.16440606,0.74345195,0.2545213,-0.34584555,0.74388915
-0.12452451,0.015157979,-0.19133449,0.044113543,-0.07701697,-0.06368869,0.2034971,0.06244464,0.02190147,0.01294054,-0.08053357,0.004373355,0.0024275477,-0.0042310404,0.2505733,-0.38104174,0.21637733,0.22406688,-0.77610743,0.021353796,0.039475538,0.020165205,-0.25077334,0.0946251,0.0057365783,-0.05040631,0.012093145,0.10837051,0.030225314,-0.20243424,-1.4344747
-0.14546525,0.31037885,0.24975337,1.00333,0.40038693,-0.4252045,-0.0036513694,0.047493804,0.25400534,0.13023351,0.042108968,0.17950161,-0.18584873,-0.13868171,-0.07162436,-0.30644247,-0.6700386,0.1019171,-0.27323735,0.03500615,-0.00031238794,-0.061627798,-0.0343814,0.11250404,-0.22232506,-0.422741,0.104575716,0.32975173,0.48417667,-0.3129041,0.8404995
0.23016421,0.19032304,-0.1219916,0.29015228,0.3424617,0.051443342,-0.42503503,0.013887014,0.08879345,-0.30793148,0.20873931,0.1459319,-0.08469946,0.11095069,-0.06417892,0.5299235,0.099696286,-0.010960606,0.30229104,0.029229283,-0.04084661,-0.014391251,0.004748098,-0.08144354,-0.07269853,-0.059665497,0.049442682,-0.060341306,0.14905605,0.27302685,0.9685556
-0.08416705,-0.115904644,-0.3066272,-0.036082335,0.22590742,0.73121256,0.196864,0.033510756,0.17119023,-0.24436167,0.43688884,0.21719109,-0.09640412,-0.07293651,0.42307633,-0.81268394,-0.7294605,0.12337256,0.40848055,-0.036768146,-0.04009837,0.05276891,0.05667498,0.12529331,-0.043914266,-0.14798698,0.11892113,0.4449344,0.31980726,-0.4184801,0.7634014
0.06768512,0.10069011,0.1828702,-0.034432996,0.022790156,0.063089125,-0.14214377,-0.057356436,-0.11736871,-0.029029425,0.18180451,-0.101682484,-0.04199197,-0.055589046,0.0075658457,-0.14708325,-0.57320553,-0.09677247,1.2565157,-0.025583431,-0.0421732,0.007915065,0.22699316,0.15857261,-0.09887515,-0.04352471,0.054138638,0.47505972,-0.065706186,-0.48521134,0.86366016
0.1773055,-0.06067163,-0.01348963,-0.023729151,0.14823247,-0.060516905,-0.077970825,-0.07266901,-0.009440518,0.0056179217,0.12926243,0.06294034,-0.06511107,-0.27549967,0.059660956,0.31805816,-0.116580054,-0.14172077,0.8453935,0.0049779415,0.051612064,-0.021329895,0.2610612,-0.1172784,-0.04618734,0.0259574,0.11964975,0.014886097,0.058267895,-0.05318931,1.3103402
-0.33046055,-0.338775,-0.30098283,-1.1642482,-0.36627823,0.8166614,0.08908199,0.24428995,0.04407212,0.4345783,0.19429167,0.044540163,-0.18079233,-0.12585102,-0.09464178,-0.15813716,0.09537153,0.0029763617,-0.31607237,-0.009518601,0.062110804,-0.013034001,-0.12352424,-0.06319339,0.11722617,0.2688982,0.1820057,-0.6095932,-0.17347153,0.50485796,-0.48767343
0.14218287,-0.18930158,0.17334305,-0.12875405,0.0030215322,-0.17664273,-0.02462939,-0.014542483,0.059867553,0.37073797,0.05363247,0.06576129,-0.08494653,0.2500119,-0.10753404,0.41456702,-0.16894753,-0.23834263,0.09767381,0.03925979,-0.029918782,0.038196005,0.31191522,-0.14568163,0.020122638,0.06732825,0.14268152,-0.014322311,0.12407787,0.05491792,1.3494506
-0.14456584,-0.13450706,-0.063417055,-0.1475478,-0.14946277,0.31790492,0.38212535,0.20899099,-0.13864797,0.027188173,-0.42439988,-0.2562979,-0.16903521,0.03821444,0.041392278,0.48845568,0.67223084,-0.09703018,-1.2867441,0.051956303,-0.031244941,-0.0130190775,-0.10540354,-0.2433456,-0.2804574,-0.07056718,-0.20099983,-0.23793562,0.062348217,0.17536697,-0.9463934
-0.007863813,0.13899177,-0.24495257,0.10146569,-0.030204372,0.080650516,-0.05941338,0.023863012,0.0012232594,0.1024215,0.17767729,0.05080715,0.02046896,-0.027947463,0.041982174,-0.3101175,0.12556767,0.15042199,-0.118827745,-0.029460683,-0.015823103,0.026832968,-0.20479535,0.13491663,0.04393373,0.009260914,0.17048085,-0.06389902,-0.296961,-0.11355035,-1.3325961
-0.26560852,0.1643197,-0.04100797,-0.03701369,0.24522734,0.26473084,0.8973202,0.0466414,0.38848227,-0.57070124,0.28896582,0.3206959,-0.03196534,-1.2134316,0.37817258,0.6301251,0.81159186,-0.2770597,1.7282752,-0.031540528,-0.029880889,-0.059619986,0.23499505,-0.34665287,-0.29974064,-0.17148286,-0.042567555,-0.20394252,-0.47063604,-0.04226491,0.24319898
0.15593536,-0.22079122,-0.22664425,-0.2887647,-0.17415869,0.09299723,0.31676576,-0.04463388,0.20641859,-0.4811669,-0.011114077,0.26195502,0.050629184,0.5564528,0.016663438,0.7119061,0.7299467,0.25984398,0.3102934,0.036198735,0.0014718324,0.041599654,-0.21001269,0.113241024,0.1052841,0.011343425,0.27294925,-0.05472718,0.22519611,0.31811473,-0.96920687
-0.39085722,-0.042769704,0.8751406,-0.32359034,-0.41815343,-0.27442706,-0.18451269,0.04628971,-0.26318118,-0.12521538,-0.4222959,-0.3230156,-0.060472816,-0.0016930884,-0.12130038,0.19851096,-0.36117104,-0.16251753,-0.21124801,0.058250293,0.042916276,-0.01144848,0.1823588,0.09142914,0.091533765,-0.061328728,-0.3727879,-0.22196738,0.6846298,0.3703382,0.7260059
-0.14305556,0.04853679,0.37227082,0.15219581,-0.41358986,-0.34130016,0.2930817,-0.32802612,0.12421424,0.25229114,-0.2996063,-0.04477859,0.3505722,-1.0038943,0.16699225,0.36950403,0.5535136,-0.0371575,0.6765724,0.00656347,-0.018879093,-0.039255142,-0.037141055,-0.3360461,0.027533943,0.02055439,0.14823511,-0.8249472,-0.32246262,0.7219032,-0.2739173
0.26385438,0.030764272,0.29889122,-0.113085575,-0.5025368,-0.00098287,-0.26902,0.3132783,-0.21463333,-0.28936306,0.31834596,-0.20242088,-0.48628625,-0.6885718,-0.5705658,-0.88607275,-1.0991087,-0.075929105,0.037030965,-0.034590773,0.025327325,-0.033736825,0.18929224,-0.15514968,-0.31839067,-0.13782693,0.47020566,-0.43740332,-0.35678792,0.16177547,0.4271776
-0.01601447,0.074301206,-0.2287934,0.028832845,0.22981495,0.05933961,0.24191926,0.10191565,0.004119979,0.31821352,0.16715935,0.024978455,-0.011829608,-0.096425444,0.038707,-1.1039279,-0.5015782,0.16634625,-1.4351817,0.016092248,0.048320614,-0.039557442,-0.259845,0.00095512683,-0.10938113,-0.025370391,0.110703245,0.21529883,0.055062085,-0.48069006,-1.2005789
0.1061058,0.45006156,0.15443645,-0.05986381,0.49216533,0.07646982,-0.19951388,-0.10899204,0.42529532,-0.64478576,0.27868888,0.41024277,0.13446994,0.16132936,0.1984036,1.6844665,1.3739698,0.2695068,-0.1775767,-0.061436288,-0.053802826,0.047572948,-0.28037798,0.10627165,0.1309037,-0.055811558,0.21166946,0.47903416,0.60184354,-0.034210794,0.19708522
-0.13898662,0.4223846,0.7550693,-0.29219982,0.19413874,0.44434524,0.00022762698,0.054140087,-0.06620666,0.48562905,-0.04445108,-0.09650096,0.06463322,0.53044677,-0.00012540465,0.8575384,1.0633808,0.10174001,0.49581528,0.037004516,-0.0042162687,0.043548487,-0.20302537,0.34609026,-0.49107447,0.18971069,0.5496198,0.4425148,0.7059257,-0.0876128,-0.77499825
1.1258522,-0.058088575,-0.23035048,0.52389014,0.037218466,-0.9849107,-0.14224319,0.09042986,-0.56551033,0.8909507,-0.2822134,-0.57334816,-0.15905826,-0.30941617,-0.39637446,-0.88830215,-1.1351691,-0.25042367,1.745818,-0.023526073,0.020809837,-0.05662135,0.34938124,-0.2785173,-0.1804528,-0.20586306,-0.354073,-0.49165502,-0.47411776,-0.3055881,-0.73877347
0.15412664,0.03387811,0.18296406,0.18737757,0.28818446,0.20011984,0.14536792,-0.10379525,-0.13056442,-0.21779612,-0.39774248,-0.07947409,0.07100108,-0.050696954,0.07943562,-0.23189244,-0.020885132,0.3251561,-0.39645937,0.04422584,0.007265404,-0.04846143,-0.30563876,0.016327057,0.13886593,-0.08347752,0.11677199,-0.19385286,-0.37145323,0.12874457,-1.0088155
0.30084962,-0.02399641,-0.36362994,-0.080105886,0.11092555,-0.06073087,0.04572142,0.04792054,0.0051709358,0.21526833,0.33280757,0.015142241,-0.013719737,0.19573793,0.12951191,-0.30670315,-0.50751317,-0.09337288,1.4782702,0.034233034,-0.00710354,0.02608911,0.17546895,0.2819106,0.014153972,0.16658433,0.00035540253,0.65700513,-0.14455925,-0.6565085,0.57349646
-0.111344524,-0.045219246,0.18684547,-0.45838413,0.26528412,6.23555e-05,-0.20273998,0.006042623,0.21469018,0.65833074,0.0805984,0.08229462,0.0452332,-0.23850217,-0.045800976,-0.093649514,-0.3951721,-0.07685823,0.5684496,0.052389584,0.052037552,0.03836509,0.072012775,0.10561422,0.2511618,-0.08826783,0.16565388,0.47977182,-0.68598115,-0.34864187,0.54783
-0.27742246,0.12293991,0.5565469,0.27534148,0.021289758,0.10944627,0.2829566,0.049173083,0.09940323,-0.2877768,-0.28784418,0.05463472,-0.15375614,0.20627715,0.11727383,-0.18803018,-0.025446534,-0.14786887,1.1974682,0.05823212,-0.04630968,-0.06185185,0.13368991,0.450023,0.354977,0.17326242,-1.6694499,0.5834141,-1.0136234,-0.10053521,-0.292854
-0.04875294,0.078759156,0.47655234,0.45885438,0.16831739,-0.17140326,0.29017296,-0.03393217,-0.08329809,0.17017604,-0.26802436,-0.110681616,-0.035678297,0.016804708,-0.10736319,-0.26769546,-0.26733342,0.06673323,-0.7751024,-0.04943995,0.058662944,-0.0021803826,-0.108095534,-0.26489717,-0.005924689,-0.08274312,0.5885454,-1.0665325,-0.1617429,0.40273377,0.109826066
-0.4007896,-0.21276699,0.049764596,-0.5713169,-0.22487333,0.20751072,0.6783813,0.0059176823,0.11715125,0.098154016,-0.060164914,0.13353883,0.008351907,0.4296362,0.016700575,0.05369131,0.30544713,0.013771804,-1.0736966,0.023916334,0.014646865,-0.048952088,-0.20357203,-0.049154736,-0.07317743,-0.023084352,0.31689626,-0.2604258,-0.18192317,0.31653368,-0.76341796
-0.11581045,-0.25088602,0.30099168,-0.3094463,-0.85370195,0.1444312,0.10215861,-0.05696477,0.08280866,0.13876525,-0.0584909,0.102761164,0.108228095,0.57746375,0.068560265,-0.5998468,-0.6066361,0.0959412,-0.06854915,-0.050066598,-0.05173608,0.06003017,0.08717681,-0.034798317,-0.07206872,-0.30603412,-0.29253906,0.15833077,0.63754374,-0.13469422,0.54708266
-0.17795023,-0.13675155,-0.012513538,-0.11258895,-0.18568029,-0.15135713,0.24141058,0.011227234,-0.0067141005,-0.27174553,-0.06587682,0.08688592,-0.0004126769,0.15572609,0.104404815,-0.13610037,0.3716641,0.116219856,-0.8811241,-0.012062699,0.05218336,-0.0009927079,-0.14436257,-0.04534819,-0.17961143,-0.116264656,0.06476986,-0.06669586,-0.005452508,-0.14621247,-1.2535698
-0.21128857,0.2658788,-0.3664261,0.033799127,0.009150518,-0.18005328,0.02361393,-0.9035679,0.61036336,0.71837,-0.19134764,0.36556178,0.9237136,-0.96093935,0.6873538,0.1898535,0.47598228,-0.21663283,0.3417837,0.03593526,-0.007960327,-0.061592944,0.16235372,-0.2444062,-0.23571166,-0.123882614,-0.018470693,-0.47944722,-0.45786557,0.09835739,-0.41389382
0.0730506,-0.25551602,0.20424002,0.07992591,-0.109647416,0.16877516,0.0011715029,0.20223895,0.35993883,0.8725744,-0.14244469,0.22349927,-0.0125452075,-0.16884522,0.11779274,-0.29474863,0.035694297,0.012048716,0.11882219,-0.0070233867,-0.046612374,-0.0067967772,-0.10020277,-0.033886243,0.24510597,-0.05945037,-0.14479697,-0.3858554,-0.383916,-0.035939366,-0.7691942
-0.8527116,0.08341436,1.431632,-0.20950855,-0.534155,-0.12829676,-0.4419325,0.040756024,-0.5867628,-0.3632985,-0.6679389,-0.5524056,-0.08980697,0.58507454,-0.5192542,0.6427617,0.23439072,-0.09276575,0.7324703,0.05087047,0.014052108,0.02030658,0.15304089,0.04462068,0.34805712,0.011579253,-0.38878945,-0.23262165,0.20470914,0.32629693,0.67234415
-0.43009856,0.10724615,0.30841213,-0.2586785,-0.320971,0.22678173,-0.088561304,-0.022374844,0.07261455,0.32312435,0.0043827943,0.028648907,0.06305254,0.24618751,0.1749848,-0.43111748,-0.09457566,0.16226615,-1.0667354,-0.0060887486,-0.003993459,0.057243317,-0.27799162,0.12748581,0.05825482,-0.10782591,-0.43441617,0.045440715,0.4486092,-0.07671375,-1.3461556
0.03507819,-0.01256091,-0.22500426,0.00413062,0.031782757,0.16835405,-0.2675299,0.043395467,-0.12334085,-0.14014947,-0.10159377,-0.094986476,0.016859023,0.07986895,-0.10244576,0.13905692,0.22966354,0.23510805,-0.25698537,-0.03490252,0.025074728,0.035531268,-0.3150659,-0.094696805,-0.04154643,-0.11956993,0.20322844,-0.3225311,-0.30568826,0.14386149,-1.0261861
-0.21617211,-0.1964483,-0.37068513,-0.5604124,0.43941605,0.34313452,0.8540986,-0.55000114,0.88294977,-0.4201812,0.591442,0.9265615,0.5745145,0.00020616855,0.9362849,0.025642853,0.0049306243,-0.11421838,0.4443953,0.04656239,0.038077623,-0.034370393,0.16696534,-0.03376207,-0.13826683,-0.0745954,-0.44555572,0.3163036,0.047181044,0.07418411,0.63565296
0.069739,0.110300355,0.49202332,-0.040846534,0.2919663,0.046930075,-0.0519787,0.9749796,-0.40755892,1.0364287,0.19405094,-0.55418086,-0.8555916,-0.14311387,-1.0432867,1.5452245,1.2902075,-0.048715986,1.1784556,-0.009818941,0.0533673,-0.0324582,0.016943999,0.08604051,0.16872333,0.14076674,-0.04618857,0.546026,-0.2772634,0.07276405,0.13822094
0.23194933,-0.041937113,-0.015506161,-0.070504434,-0.027100196,-0.4576935,0.19818,-0.100358315,0.022591384,-0.043104492,-0.21846914,0.013458751,0.07583715,-0.39085525,-0.09845556,-0.9385403,-1.0867274,-0.14633526,0.024931861,-0.026831336,0.01105918,0.012153566,0.11007596,-0.16796353,-0.09144837,-0.15299745,0.12739985,-0.8718593,-0.21131198,0.10104879,-0.25921658
-0.16508557,0.08380252,-0.07984607,-0.5874897,-0.28927544,0.4756874,0.050344314,0.664442,-0.43867263,-0.17635316,-0.014471762,-0.43413135,-0.6429952,0.24787275,-0.36221084,0.19564328,0.1353466,0.114651345,-0.7928976,-0.005208224,0.014275037,0.062313065,-0.15315038,0.26088953,-0.06516178,0.32104418,0.53745335,0.084137425,0.879205,0.19124687,-0.5029518
0.07716475,0.03321455,0.06110322,0.033239163,0.29998428,-0.022256386,-0.5590723,0.016991286,0.09996275,0.49653858,0.17682497,0.021351967,-0.03208313,-0.20705466,0.04889629,0.49302307,0.00039817588,-0.32677147,1.8172755,-0.050670758,0.003067866,-0.050068043,0.2877842,-0.0055654505,0.1694371,0.112854086,-0.08375113,0.13744219,-0.18508841,0.07725616,1.1618243
0.056620892,-0.008211016,-0.20934881,0.10459228,-0.42638558,-0.054997224,-1.2039939,-0.108346984,0.10505099,0.46421942,0.2503553,0.14014219,0.019194966,-0.054150276,0.110461034,0.48644942,0.25538337,-0.24232095,0.7697365,0.035955206,-0.015542194,-0.053344443,0.26336938,-0.28271753,-0.15274163,-0.081673406,0.13877472,-0.4007036,0.56390435,0.017506719,0.81628066
-0.1819372,-0.06657718,-0.4241949,-0.07958534,0.19884048,0.1576405,0.62415373,0.13560303,0.07569743,-0.38724917,-0.0776958,-0.04712371,-0.093460225,-0.7323935,0.043779355,0.86540014,1.0620996,-0.05064229,-1.1914713,-0.062302828,-0.059767507,-0.036652893,-0.164782,-0.10576896,-0.1929082,-0.11094955,-0.26917362,-0.23652449,0.39529595,0.122175194,-0.7172393
0.20635104,0.053508468,-0.21831098,0.053968433,-0.071057886,0.044921916,0.15933748,0.011319739,-0.06942291,-0.36866382,-0.31853962,-0.042418353,0.06889696,-0.0064087342,0.15079027,-0.099229954,0.27987427,0.24540146,-1.2044116,-0.0125962645,-0.060670182,-0.055360235,-0.18732792,0.05800168,-0.02849169,0.013603657,-0.3301645,0.031886593,0.09054457,0.09568903,-1.3172029
0.13583213,0.0407814,0.2087247,-0.05988447,0.2433474,-0.11997723,-0.50185376,-0.1332658,-0.09267563,0.043372154,0.09622863,-0.06361795,-0.056827158,-0.23256835,-0.0657375,-0.03655889,-0.3916096,-0.058403555,1.0854858,0.035834208,-0.029273316,0.038800485,0.18952678,0.057051707,0.07711351,-0.03303424,-0.019170638,0.05379587,0.071456134,-0.16857328,1.2427477
-0.086864,-0.13427906,0.35723376,0.05554579,0.09755537,-0.5709839,0.45326918,-0.10775156,0.099955566,0.23254508,0.16671714,0.07532144,0.12458126,-0.26452324,0.19872218,-0.3917231,-0.13186207,-0.3673688,-0.8750067,-0.00638479,-0.022277236,-0.05159563,0.29657334,-0.29866713,-0.42320597,-0.026789928,-0.63241756,0.03017079,-0.016197575,-0.196074,-0.80237085
0.25608847,0.21133871,-0.46686172,0.3211864,0.025471985,0.23149738,-0.20347947,0.08132686,0.22447681,0.23946257,0.16980489,0.23871836,-0.14122052,0.48518485,0.13784379,-0.31190768,-0.1261348,0.0071119037,0.22864749,-0.0033076927,0.054258704,0.044601254,0.041516595,-0.116484985,0.21762785,0.44353908,0.32529312,-0.5611446,-0.93979275,0.22926354,0.26161712
-0.0125204455,0.17047234,0.075063,0.19502267,0.17150143,0.030599369,0.21433657,-0.016300712,0.011130093,0.05113504,0.16271226,0.03873853,0.060168605,0.06880487,0.23480146,-0.44152588,0.057974458,0.24350227,-0.40965313,0.036634848,-0.033413477,0.0543862,-0.26101318,0.1657987,-0.11107997,-0.08221835,0.09227677,0.18184349,-0.1385438,-0.43808365,-1.2929418
-0.124108694,0.12253097,0.15026838,0.07288769,0.10214497,-0.010542305,-0.0059248293,0.35824865,0.17882474,-0.12633689,-0.018122409,0.25637558,-0.31550598,0.27030936,0.017904265,-0.16151637,0.20207573,0.13349,-0.19945505,0.020291835,-0.058383197,0.05561503,-0.11373515,0.08088574,0.2252909,0.23161301,0.103009775,-0.09563073,-0.6392029,-0.07986472,-0.8705962
0.15436164,0.10135444,-0.019451143,0.087410584,0.24569707,0.019537656,-0.36611456,-0.06326234,-0.10173902,0.0023113384,0.19675288,-0.09737388,-0.00062842015,-0.37009633,-0.23019601,0.04009451,-0.22397915,-0.11732989,0.74416184,-0.014399603,-0.024361692,-0.021712467,0.21785864,0.013051219,0.16590884,0.067127004,-0.122281715,0.16868217,0.10797868,0.07677645,1.269518
-0.13420016,0.0050757388,0.45035973,-0.0038035319,-0.20197672,0.012893812,-0.14582647,-0.055157624,0.003368817,-0.085074246,-0.01324462,-0.03875758,0.073404886,0.08529466,-0.05343126,0.17328797,-0.118870355,-0.19827527,1.0462884,0.03502602,-0.004912995,0.013397597,0.21236736,0.043352805,0.16648264,-0.04311127,-0.19034648,0.04482794,0.08378832,0.09065604,1.3262614
0.17978883,-0.07535137,-0.18191543,-0.12249177,-0.2076647,-0.124296315,-0.46925804,0.02361085,-0.018104684,0.211554,-0.27381825,-0.11725907,-0.11677178,0.026895465,-0.22069742,-0.25765744,-0.17070363,0.17612992,-1.2937183,0.042283803,0.031907387,0.0050354525,-0.21054417,0.03184667,-0.004071864,-0.051357977,0.059626225,-0.16549435,0.11806179,0.086137496,-1.2778809
-0.2556766,-0.003984774,0.123844564,-0.10089402,-0.5067553,0.5142344,-0.5607657,-0.11899237,-0.31136927,0.12951282,-0.13308415,-0.37307003,0.06949445,0.022402432,0.16306664,0.39166498,-0.08471546,0.13317072,-2.5371947,0.058600686,-0.055739023,-0.00097126514,-0.13613991,-0.027325002,0.09041943,-0.057209257,0.33936656,0.35753462,0.48073122,0.095056556,1.1638557
-0.14754525,-0.17471334,0.90833825,0.55262977,-0.0006576551,-0.33235148,0.492788,0.23129763,0.2991438,-0.5712241,0.3193638,0.23283468,-0.45692655,-0.2984038,-0.21826686,-1.1111839,-1.3061073,0.138714,-0.48449188,0.030291192,-0.02002012,0.061486997,0.028819596,0.11180074,0.2656715,0.122984745,0.020596728,-0.19411367,-0.037588947,-0.1177344,0.7973166
0.362724,-0.27326715,-0.1229201,0.37884468,0.2199621,-0.59337324,-0.5350885,-0.5819162,0.15298274,-0.6804712,-0.0065981452,0.0800054,0.43526828,-0.046192493,0.23860635,-0.6810918,-0.5112069,-0.27304888,0.24645059,-0.03935112,-0.060435645,-0.03068176,0.21366669,-0.19459504,-0.16315657,-0.61661035,-0.34386826,-0.39878634,-0.4332296,-0.1518782,-0.2738743
0.4785504,0.27993232,-0.47192854,1.0389826,1.1396897,-0.5153015,0.19874102,-0.40295583,-0.031516902,-0.45847455,-0.29595223,0.030798728,0.332044,0.3610636,0.7142943,0.07010805,-0.08099346,0.21804199,0.0024198578,-0.0567967,0.04265269,-0.0068119615,-0.20030192,1.6607164e-05,-0.03403568,0.10535599,0.16304938,0.18310793,0.59360045,0.017157229,-0.10134556
0.22464553,0.08231512,-0.24845558,0.105037555,0.15641959,-0.27334917,-0.071815744,0.115042366,0.06002344,0.21998695,0.04429645,0.0847471,-0.07826097,0.0412459,0.16180193,-0.23751996,-0.55727667,-0.10301579,1.5492036,0.019828714,-0.0033018813,-0.019836292,0.1471816,0.16389485,0.0041387165,0.2862399,-0.0016469812,0.399257,-0.0074246307,-0.47001392,0.83130944
0.19892219,-0.30543128,-0.18334338,-0.73809665,-0.4945607,0.7084152,0.6967559,-0.2500275,0.23100306,0.52694076,0.12110448,0.08962492,0.30347565,-0.27040344,0.4910301,-0.3375633,-0.2952832,0.05252855,-0.26562166,0.042045094,0.033166565,-0.003962055,0.011408532,-0.04706283,-0.11133785,-0.01471114,-0.09977085,0.42863527,0.7361731,-0.4015152,0.45483434
0.028177392,-0.2530067,-0.57791924,-0.20257685,-0.02548265,0.6448571,0.7810746,0.36430758,0.30242166,0.4321062,0.51356035,0.17952865,-0.40455094,0.37575462,0.06548052,0.99760944,0.5511919,-0.07401664,-0.46621022,0.02658496,0.03376463,0.0485908,0.050874807,0.06725183,-0.18669717,0.30228797,0.124630556,0.14916497,0.43811217,-0.24005228,0.6048574
-0.5254662,0.39677182,-0.12551124,-0.072568625,-0.109972365,-0.11447907,0.28616887,-0.3473339,0.3760924,0.61724496,0.2615511,0.258029,0.40991235,-0.9210481,0.3149443,0.3451359,0.706226,-0.22894506,0.7408303,-0.019715376,0.0208631,-0.046814427,0.16769987,-0.0777471,-0.40712106,-0.06847894,-0.24891907,-0.39189315,-0.3523931,0.15995607,-0.7118746
0.027149482,-0.0056976797,-0.17215812,0.18228929,0.123025134,0.16656002,-0.34884092,-0.10761198,0.19899361,-0.43450925,0.13681623,0.1967737,0.09445936,-0.26512873,0.11106671,-0.36780936,-0.32913497,-0.034256406,0.044298265,0.046881318,0.057824858,-0.030544192,0.15916207,-0.12070193,0.030122772,-0.03814688,-0.36244544,-0.17450175,0.250271,0.026320167,0.89713526
-0.2494101,-0.21842031,-0.28113878,-0.27614984,0.2748022,0.07385704,0.43793848,-0.007889577,-0.116704896,-0.09239591,-0.17036402,-0.14659768,0.04737608,-0.026997445,-0.05060354,-0.63838166,-0.060951155,0.17763077,-1.2706203,-0.046093404,0.009239107,-0.03495074,-0.14412634,0.13798249,-0.39225954,0.12705763,0.15344964,0.23544405,0.23944293,-0.2857949,-1.0039413
-0.2820839,0.10629322,1.1249223,-0.19623452,-0.23507957,0.6847403,-0.044885647,0.2657547,-0.069478266,-0.14731275,-0.10302671,-0.09101846,-0.22917709,-0.22935551,-0.22335684,0.6397358,0.7431104,0.051927336,0.8760581,-0.014826171,0.02302681,0.032609954,-0.12862493,0.5253327,0.20271268,0.4390537,-0.03074896,0.6468174,0.50412834,0.05716338,-0.6819098
0.6626695,-0.21394904,-0.6067875,0.13434866,0.39991525,-0.7292246,-0.14938124,0.02289512,0.27830055,-0.09560068,0.4303805,0.16401136,-0.008680389,-0.3385738,0.17528863,0.26678833,-0.15108517,-0.19817656,1.0710331,0.057462282,0.011084311,-0.042366803,0.11257441,-0.065807566,-0.071654074,0.16783166,-0.124615006,0.29087743,0.1346966,-0.1600786,0.6995363
0.8815758,-0.13641764,-0.9020627,-0.0050690765,0.4766789,0.382065,-0.76354116,-0.14798233,0.012656188,-0.4925281,0.092417106,-0.057074104,0.111473456,-0.061324995,-0.37314844,0.75054955,0.39101112,0.044097975,-1.028826,-0.051170357,0.061408177,0.030042633,-0.038633376,0.002567662,-0.15048072,-0.0130584575,0.036644083,-0.1617273,0.6305076,-0.020594167,0.47460058
-0.38507333,0.26109594,0.27666122,0.18577845,0.04004199,0.11789673,0.58252686,-0.19628383,0.31022376,-0.6772285,0.1500251,0.28569278,0.07831133,0.041285563,0.2986909,-0.11370164,-0.042055856,-0.047568135,-0.22192505,0.048753567,0.053605042,-0.009463042,0.1342357,0.10336706,0.16579139,-0.121559024,-0.9249997,0.46639574,-0.19892414,-0.10072189,0.7768529
-0.10126116,0.14515305,-0.059783414,0.16157961,-0.23183654,0.12406108,0.039532185,-0.07451106,0.0032402906,-0.24094053,0.0821055,0.062128562,0.12915398,0.031217085,0.039515465,-0.0450202,0.43647,0.10950916,-0.48456228,0.033464253,-0.05094812,0.0042604804,-0.22105893,0.0915799,0.02149413,0.03804125,-0.025830556,-0.009992816,-0.09781062,0.13069345,-1.5294719
-0.18375018,-0.07664044,0.034776628,-0.08355434,-0.12830627,-0.05493877,0.20974863,-0.043178514,0.006128277,-0.19438656,-0.06906135,0.02306868,-0.05297191,0.025329957,0.19581816,-0.17510827,0.18798093,0.15614952,-0.8154781,-0.059243128,0.03808228,0.046272524,-0.27052563,0.018094413,-0.1083577,-0.059458867,-0.066025525,0.00769752,0.08734665,-0.20345247,-1.3262484
-0.014741718,-0.20462944,-0.5921222,-0.46763614,0.24181029,0.14944078,0.7218023,0.075688176,-0.020766225,0.25206983,0.05672546,0.08165844,-0.039581586,0.8048352,0.03633448,-0.05250423,0.26960513,0.12663576,-1.2954489,0.050400533,-0.029406518,-0.020717308,-0.207377,-0.12718531,-0.082679294,-0.19581443,0.18723582,-0.5601923,0.1585946,0.14973298,-0.6973359
