-1.626205,0.0013470475,1.060323,-0.5313529,0.12238099,0.43432915,1.1976588,0.24428682,0.20900051,-0.6375864,-0.033862807,0.24486065,-0.20917077,0.350558,-0.18887798,1.2012278,1.3050336,0.25681525,-1.9730793,-0.036300637,-0.032041244,-0.038763084,-0.30928025,0.33089024,0.6424418,0.3407867,-0.1386355,0.7546152,-0.062424667,0.26734307,0.5445535
0.04498905,-0.058515318,0.015026545,-0.42425534,0.17965858,-0.3803935,-0.00537122,-0.36218712,0.18507421,-0.3387384,-0.22751333,0.10568283,0.45936635,-0.62500286,-0.054672528,-0.58880323,-0.5824953,0.18371321,0.7533868,-0.01165995,0.010184862,0.014779262,-0.122755796,0.09724707,0.30553666,0.068278424,0.08017557,-0.15065908,0.39179644,0.27264538,0.25084552
-0.8230922,-0.34677178,0.31326142,-0.46577725,0.0760841,0.7676718,0.9463508,-0.8401692,-0.1685662,0.34893766,-0.66069406,-0.21772744,0.92942727,-0.13047436,0.20862524,-0.7322915,-0.7456663,-0.02310106,1.2709565,-0.020316936,-0.027364798,0.0057908744,0.007705963,0.28279388,0.63085324,0.119887136,-1.186786,0.19677421,-0.70886946,-0.022741856,-0.01633164
-0.36876613,0.52772564,0.76544785,0.49275178,0.763712,1.4008796,-0.08636922,-0.17293218,0.06955159,-2.7227473,0.12433134,0.13227835,-0.023674255,-1.0742797,-0.17691146,1.8695542,1.8730954,0.1723107,-0.84955865,-0.018429384,0.0532507,-0.060301773,-0.22984996,0.19806327,0.12016292,0.046693195,-0.10957437,0.23024184,0.114638396,0.12422507,1.8440666
0.6404147,-0.16155101,-0.38495085,-0.10215209,-0.04833881,-0.13742673,-0.26636505,-0.16128811,-0.34230596,-2.233966,0.11161813,-0.35201263,0.1587719,-0.7598294,0.051143978,1.2779759,1.2972134,-0.06588677,0.5870946,-0.002910383,0.030317463,0.017575122,0.08203378,-0.072004184,0.10936318,0.07664235,-0.12004426,0.049636807,-0.0043672933,0.031579487,-0.830216
-0.29315016,-0.17425862,0.57108134,0.14069098,0.15277366,0.25691804,0.24443299,-0.28302476,0.4613319,-2.7649686,0.19708882,0.55160475,0.3118296,-2.3461285,0.29179898,2.5803027,2.612987,-0.21070877,0.16219477,-0.048634112,0.06116137,-0.032400243,0.18031995,-0.1801044,-0.09099844,-0.30841264,-0.29570603,-0.14901666,-0.014118946,-0.13382088,-0.86191547
0.17618334,-0.31570753,-0.24384928,-0.45821947,-0.15623388,0.42652825,0.25706652,-0.49147603,-0.17251131,1.0968856,-0.32261145,-0.23409659,0.60898423,0.42534065,-0.17544487,0.373229,0.49197644,-0.0070955525,0.7652028,0.05225703,-0.054914877,0.013566427,-0.011211414,0.15191907,0.2934776,0.18705946,-0.0770302,0.04345103,0.195714,0.05475916,0.102556914
-0.14728424,0.48750028,0.3481796,0.92397946,0.27553305,-0.9317957,-0.1034795,0.20571287,0.41905504,1.5356604,0.33695006,0.3675447,-0.09001532,-0.15012762,0.058188107,-1.5682992,-1.4687164,0.3242419,-1.572749,-0.03217964,0.030637987,0.032348976,-0.2589768,0.30619094,0.291221,0.44179216,0.30358145,0.011446835,0.66877306,0.22098735,0.5255635
-0.414633,1.213276,1.6000295,1.2488128,0.75238734,0.100705735,-0.417254,0.23800011,0.16913281,0.03069216,0.46598944,0.115941316,-0.2909407,-1.5855696,-0.47999528,-0.6231233,-0.65493345,0.09634118,-0.16944161,0.023077674,0.01744461,0.045551367,-0.093100674,0.17589408,-0.13953213,-0.1983743,-0.1199434,0.27721265,-0.1533418,0.15827957,0.04231005
-0.44963354,0.36160237,1.2123052,0.56350833,0.109659515,-0.72948223,-0.010411368,-0.69173026,-0.057497866,-1.0331099,-0.463673,-0.093847014,0.5740442,0.20888813,0.26531386,-0.25905833,0.0120157795,0.4556678,-0.08761946,-0.01296512,-0.0057285354,-0.03813418,-0.43355173,0.4390688,0.44872537,0.24634123,0.2549322,0.29771557,0.10835619,0.4904226,-0.23687585
-0.8337237,0.07014007,0.431961,-0.6939278,-0.013419875,1.5078129,0.6294776,-0.4204401,0.30881718,-1.0801554,0.035522174,0.33644193,0.3032615,-0.51909053,0.47834697,-0.8763783,-0.78252673,0.039626777,0.41387722,0.05228377,0.0136483535,0.059090003,0.0721839,0.011617393,-0.26503554,-0.07730226,0.17703743,-0.045091238,0.23607826,-0.017614711,0.07459957
-0.15033339,0.12086166,-0.32746357,-0.07034533,0.2970584,0.58306414,0.32645065,-0.078437015,0.3062887,-1.375626,0.016601363,0.40724322,0.18400843,0.80058134,0.23875016,-0.18860523,-0.17464891,0.20103191,0.72527516,-0.029207028,-0.057864636,0.0038757399,-0.27903223,0.28962645,0.43097654,0.2890975,0.060239553,0.32719538,0.13031465,0.28759503,-0.69212687
-0.06831559,0.14646325,0.12112185,-0.015231072,0.56005174,-0.24060424,0.26579666,0.31215948,0.31729254,-3.2261565,0.21736287,0.33318752,-0.38319468,1.6159458,-0.13950728,1.3429809,1.407618,0.07440878,0.86634886,0.021710671,-0.059553415,-0.012388252,-0.037600074,0.008122883,0.12160935,-0.024985895,-0.08452093,0.14567398,-0.030421043,0.049966555,0.05786547
0.384486,-0.33201092,-0.088786244,-0.12475014,0.6005702,-0.62906617,0.48267892,0.26570845,0.34522173,-0.041873906,0.16737477,0.37634334,-0.34451437,-0.2719788,0.15576011,-0.53236294,-0.55019474,-0.04234475,1.0800884,0.04514496,-0.010934137,-0.020250045,0.12238354,0.06983044,0.1826676,0.12249262,-0.2872556,-0.003823779,0.0012398647,0.013387959,-1.1048275
0.32148308,0.10615744,-0.3309576,0.57314754,0.35721245,-0.7276273,0.44259688,0.28114775,0.100024715,-0.9990192,0.41452122,0.21698238,-0.41557875,0.16695338,-0.09091388,-0.7786765,-0.79595745,0.39942256,-0.3315203,0.017381124,-0.028261364,0.061226703,-0.2453947,0.14347251,0.5926643,0.23040721,0.032184403,-0.28306535,-0.14740951,0.6318036,-0.41303957
-0.31111994,-0.34581557,-0.1287447,-0.36177635,-0.29026842,-0.602366,0.7746988,0.048224345,0.2816823,2.7861814,0.009988192,0.27575344,-0.14041844,2.608254,0.055840496,-2.6519535,-2.076111,-0.14265703,-0.36445573,0.019544736,-0.02162446,0.0016277432,0.2010295,-0.1324087,-0.07179152,-0.1644993,-0.28102538,-0.33609733,-0.34840354,-0.06335561,-0.97103125
-0.6451528,0.22295155,0.6682283,0.72043186,-0.24492972,-0.872302,0.37312496,0.43504825,0.18721591,1.6110727,0.570332,0.22974394,-0.36822602,0.238925,-0.12534067,-0.61209726,-0.6319386,0.057616428,-0.12732907,-0.015953764,0.038979694,0.054601125,-0.13393843,0.1647274,0.03229431,-0.030553889,0.1708008,-0.04733591,0.6403502,0.18470727,-0.2517199
-0.2517367,0.27163664,0.5370037,0.7513143,0.6409248,-0.8338498,0.90251523,-0.13955355,-0.027876688,-1.1519002,-0.45096388,0.0008118517,0.071683206,0.5044766,-0.12683083,0.98006195,1.2395619,-0.053955916,0.4931998,-0.0102339685,0.055570997,-0.061477073,0.0640782,-0.035896163,-0.015876858,-0.24131124,-0.49789038,-0.08201173,-0.4237291,-0.031729303,-0.662202
0.55160195,0.025858514,-0.5696143,0.21749696,-0.022254325,-0.22626814,0.25812933,-0.30694404,0.8400644,0.69360745,0.4432584,0.8122682,0.27919483,-1.5358607,0.672844,-1.1695149,-1.0951387,0.23558818,0.8464868,0.048229985,-0.0046473965,0.055116363,-0.36317375,0.4336402,0.18469504,0.37373713,0.04243535,0.29844558,0.70804584,0.22329526,0.4748809
0.30669442,0.26198334,0.05138455,-0.0052856025,0.62870914,-0.17122865,0.6732895,0.58123523,0.17129467,-0.36945915,0.49504718,0.08977302,-0.52108365,0.5345339,-0.5669384,0.3766766,0.5912632,0.1383917,0.9957963,0.010369107,0.057583533,0.0074161515,-0.23963663,0.26575637,0.26531115,0.09237146,-0.119504295,0.24076942,0.16701162,0.2095316,-0.27202392
-0.09070457,0.24456519,0.59908164,0.014210021,-0.41879573,-0.39076698,0.10024423,-0.19394863,0.019954108,0.49960685,-0.38455248,-0.02212153,0.23711272,-1.0332675,-0.1833304,-0.31066176,-0.26476875,0.28490865,0.44478938,0.026427224,0.04945731,0.034546636,-0.23678184,0.45146704,0.14496845,0.31668183,-0.020626506,0.2440828,0.18262427,0.047611367,0.21491191
0.60736346,-0.6906778,0.07245251,-0.8765005,-0.4963697,-0.53517354,-0.20378725,0.0137848435,-0.44407198,-0.8371906,-0.54391867,-0.4484558,0.11117224,1.3852168,-0.44892326,0.71363384,0.9197718,-0.2534946,1.4559906,0.04430481,0.056313217,-0.0026380345,0.10643753,0.015103385,0.13300365,-0.025616594,-0.387865,-0.055308994,-0.38455847,-0.21105939,0.31298888
-0.1622021,-0.12584166,-0.15232076,-0.45266587,-0.5064341,0.85989684,-0.11928616,-0.3014316,0.31817195,-1.5381687,0.24989115,0.39575195,0.306913,-1.4600098,0.29414004,1.9109567,1.9484473,-0.29370472,-0.15411504,-0.03744945,0.024997666,-0.024149954,0.29003266,-0.26838893,-0.27657187,-0.3393715,0.028281568,-0.22745264,-0.2772095,-0.28464344,0.096383095
-0.43450123,-0.43301937,0.16458875,-0.3127192,-0.3066212,0.34162793,0.57569295,-0.94524884,-0.14771129,-1.057102,-0.48710495,-0.15839475,0.9123286,-1.6360255,0.13557051,0.1221828,0.20809048,-0.07898199,0.3660095,-0.047345668,-0.011579685,0.020326085,0.10418939,-0.15798862,0.12081155,-0.13019148,-0.1843092,-0.0950299,-0.2926628,-0.12261311,-0.7684628
0.09342981,0.29623374,-0.09827454,-0.69158006,0.5555326,0.5917555,0.5138854,-0.34970504,0.0125073185,-1.3496996,-0.14214888,0.0014103848,0.3881276,1.513991,0.09894753,0.48698515,0.6036676,0.23736285,0.37110975,0.033408515,-0.024584182,-0.038254008,-0.40828082,0.43670982,0.22856224,0.36267388,0.34031487,0.5164574,0.33968922,0.10385737,-0.20988171
-0.56054765,0.42416313,0.3123927,0.17340979,0.2665776,0.07151772,0.44329274,0.6284343,0.5955423,-0.76962155,0.8548859,0.60044664,-0.60082847,1.0309758,-0.401861,1.2106574,1.3180921,0.22300726,-0.89864075,-0.046490297,-0.039221838,0.0517667,-0.24304944,0.22438696,0.16098443,0.16342103,0.12820661,0.17139094,0.10908279,0.20960814,0.21230185
0.31055185,0.15536232,-0.23218666,0.41862008,-0.06353186,-0.9252736,-0.18859805,0.30801976,-0.2975059,0.39823905,0.036821257,-0.30974597,-0.25732878,-0.49137402,-0.39296815,-0.332208,-0.28709924,0.1384771,0.07516814,-0.010274209,0.013197176,-0.03344515,-0.09953613,0.10481484,0.09618785,0.08446401,0.054080423,-0.14318867,-0.124823324,0.11627173,0.07582826
-0.07192795,0.73343813,-0.40237632,0.19453613,0.5893939,-0.65072864,0.43349734,0.2524793,0.3451555,-1.1978185,0.42896304,0.35742036,-0.29102117,0.04738608,-0.2023159,-0.5305211,-0.25868776,0.32809383,0.4028139,-0.016418546,0.040215597,0.021950148,-0.32499728,0.46811855,0.4689828,0.30609024,0.26245645,0.62890786,0.26148292,0.19389908,0.49733898
-0.8644949,0.76869047,1.1773816,0.0022422418,0.67507493,0.6234558,0.8761199,-0.34120813,0.07008647,0.190853,-0.18905477,0.20655952,0.36012313,1.0050437,-0.042080913,1.6613292,1.8234655,0.058681652,0.17665346,0.0025441945,-0.049656413,-0.060309283,-0.13704528,0.15972243,-0.10685367,-0.06807885,-0.03324225,0.38556135,0.12132618,0.025827184,0.3424778
-0.3510736,-0.15131718,0.7224629,-0.57816815,0.029510913,1.1695197,0.15612413,0.12984975,0.13391936,0.2137197,0.2958462,0.2347881,0.024403362,0.2824228,0.0042501264,0.6505209,0.71993566,0.12585849,1.0533195,0.0054265484,0.02169349,-0.03827431,-0.26891783,0.5514521,0.326642,0.5428061,0.41389152,0.42727572,0.5533309,0.34876359,-0.18512206
-0.1696325,0.21819271,-0.1976762,0.46609664,0.961307,0.33810318,0.7639913,-0.038540263,0.271761,-2.2302344,0.30601314,0.23946504,0.055443496,0.79120517,0.13178079,0.3114721,0.28187668,0.1348894,0.6333648,-0.03877759,-0.0441249,-0.009832665,-0.17668892,-0.08561363,0.02560554,0.12205229,0.021133052,-0.20159876,-0.37337792,0.3453553,-0.7466171
-0.03971002,0.61107606,0.1611653,0.84491783,0.3363862,-0.8892893,0.18816148,-0.47028175,1.5915059e-05,0.88515294,-0.0041368254,-0.023357593,0.5017427,-0.5092939,0.14225647,-0.97304666,-0.79763156,0.14613688,0.06398696,-0.046333708,-0.010779828,-0.055307597,-0.11527129,0.32063416,-0.015838569,0.31863913,-0.17774199,0.2792414,0.23090856,-0.013746549,0.0080308365
0.5282105,-0.051542927,0.42252815,0.4725504,0.39386725,-0.46937186,0.057148445,-0.3629317,0.32191178,0.66191995,-0.45224285,0.29774392,0.49729243,0.77619636,0.46442664,0.2941071,0.4233732,0.13625713,1.7953162,-0.020180807,-0.023947857,0.026996903,-0.16116889,0.24582937,0.4137417,0.26876938,-0.24118528,0.18420847,0.27288428,0.13209285,-0.9972391
0.35948312,-0.23095945,-0.44184294,0.642485,0.008364434,-0.90440106,-0.29376164,-0.54487413,0.27404732,0.92762417,-0.22753632,0.18134087,0.6230819,-1.2322788,0.46614513,-1.5669458,-1.5104169,0.10721193,0.037762314,0.042306677,-0.012261219,0.028399237,0.004723702,0.06105449,0.2891154,0.27431247,0.30774727,-0.09278854,0.57192934,0.06638647,-0.46200657
0.36211574,-0.10547997,-0.34974697,0.06798894,-0.43834177,-0.51821077,-0.16033751,0.10352334,-0.5073321,-0.05480881,-0.16739497,-0.39217824,-0.032354325,0.88638896,-0.44620773,0.6032668,0.75038624,-0.048615247,0.4563074,0.057089366,0.032160938,-0.025712095,-0.011830878,0.024657339,-0.019593041,0.07218813,-0.16848831,0.05525093,0.29524803,0.004563484,-0.026014246
0.35389912,0.375522,0.32990995,0.5118956,0.3834063,-0.80397624,-0.46015137,0.8826794,-0.14523834,0.12292833,0.068551816,-0.11397028,-0.90738827,-1.2142422,-0.4047183,0.19046272,0.11959916,-0.007791993,1.2107928,-0.008146577,0.031579867,-0.011058234,-0.028513005,0.004245875,-0.02994751,-0.04122002,-0.10190779,-0.024733104,0.3129889,-0.018806491,0.520641
0.419783,-0.7299303,-0.1710625,-0.9521902,0.06597593,0.9108607,0.27708915,0.31037593,-0.3630471,0.31970474,0.013968539,-0.3283943,-0.12325298,0.66313756,-0.41539547,-0.5443465,-0.33298627,-0.102906466,0.835118,-0.049378857,0.03186451,-0.008967638,0.09844158,0.323046,0.41407257,0.37530044,-0.406358,0.2890602,0.102581054,-0.04773721,0.37253988
0.15660565,0.32375452,0.0095435,0.43839327,0.31230476,-0.12918067,0.4558909,0.366183,0.20492047,0.00494756,0.41639438,0.25434697,-0.40255442,0.17204912,-0.06228655,2.4417322,2.505251,0.3485299,-0.38661087,-0.05757723,0.018635362,0.052264623,-0.33556995,0.2500356,0.2953745,0.4059384,0.3739444,0.26992512,0.24329758,0.26794013,-0.11308909
-0.4277938,-0.22509678,0.5836924,-0.15206414,-0.073361136,-0.68064547,0.66579473,-0.00053564983,-0.18361601,-0.13925076,-0.3576654,-0.21092193,-0.10464996,1.1286744,-0.64933336,0.04425772,0.46628368,-0.12350469,0.76854426,0.04235623,-0.056956485,-0.036743335,0.16964978,-0.17225075,-0.2601209,-0.34577045,-0.13945569,-0.2721136,-0.20383218,-0.20677356,0.07277161
0.17725807,-0.15174322,-0.6039442,0.17439388,0.25840902,0.1379625,0.3938187,-0.45284644,0.43855742,-2.071131,0.53352493,0.45267853,0.37928167,1.7649317,0.6925052,-0.8312627,-0.9157681,0.10202585,1.0265763,-0.0010683462,0.057208143,-0.032663807,0.0027085599,-0.017279467,0.07442767,0.15103425,0.020776311,-0.017030757,0.15154232,0.11236469,-0.017147804
0.011208869,0.08485803,-0.3686587,0.62264234,0.5148282,-0.28063092,0.48566267,-0.23204708,0.7118138,-0.124931365,0.4340089,0.69040513,0.24205019,-0.05911942,0.5714567,-0.77621496,-0.42519262,0.08753145,0.19127941,-0.0204992,0.049782842,0.05060184,-0.05248667,-0.07938137,0.072855264,0.014786131,-0.20810527,-0.08218396,0.32525212,0.032400228,-0.5513588
-0.2830591,0.052272733,0.37276596,0.27093548,0.1565911,0.4432391,0.40663463,0.00046812918,-0.02000537,-1.0394071,-0.016430771,-0.08139271,0.06791641,1.3614444,-0.059739217,1.8244212,1.8903308,0.1901155,0.36512277,0.011532508,-0.019842565,-0.042613074,-0.22498555,-0.11367424,0.06039025,-0.37852982,0.31883624,0.024525179,-0.57463247,0.2942867,-0.41940087
-0.8571075,-0.17533219,0.5002176,-1.0289133,-0.6624988,0.57105166,0.40633374,-0.30310068,0.08775598,-0.74471503,-0.13317658,0.020738173,0.2540008,-0.3493351,-0.091259904,-0.27459034,-0.41566128,-0.11927997,0.19483495,0.033067614,-0.014768638,0.041482158,0.040838886,-0.10082536,0.039581895,-0.11324466,0.16690317,-0.04872494,-0.21034768,-0.06543046,0.6604807
-0.2867892,0.3311318,0.28371415,0.5543713,0.4086889,-0.64826673,0.5977495,-0.3128569,0.52172166,-1.5022001,0.101342894,0.4677121,0.34113654,-0.03235643,0.6016704,0.9291169,1.0659384,0.07801423,0.9291882,0.016251482,-0.046635956,0.03475081,-0.17420836,0.14148866,0.047255076,-0.06700216,-0.12463527,0.1572313,0.057844948,0.06206528,-0.77375555
0.16983545,0.592916,0.80521476,0.87981564,0.6430732,-0.16532557,0.12298536,-0.44957095,-0.62654513,0.44531676,-0.8116389,-0.7488513,0.49899974,-1.3111581,-0.49389496,-0.56733507,-0.5590897,0.3335097,0.26040593,0.047609508,0.017537035,0.046483174,-0.31334808,0.28179422,-0.11318126,0.07346492,0.6810829,0.053121757,0.76194906,0.18783672,0.20014246
-0.3242963,-0.02602155,-0.2686117,-0.24585144,0.32310927,0.21390407,0.2697305,-0.16383953,-0.067022406,-0.68545645,-0.12899496,-0.07602504,0.21905881,0.1918599,0.057990856,1.272108,1.4397254,0.04050289,1.1353767,-0.023766354,-0.02426999,-0.018567063,-0.090305604,0.061920352,0.1424855,0.08655053,0.16079138,0.012925848,0.05854574,0.21876556,-1.7051295
0.23227423,0.32761443,-0.11726177,0.12081817,0.5650114,-0.019820906,0.10713291,0.780621,0.7185648,-0.87522286,0.94421345,0.766576,-0.7283943,0.28304756,-0.03362695,0.8831964,1.0084486,0.23014407,-0.5578174,-0.04751262,0.02673228,-0.044617556,-0.16584194,0.11704421,0.17299977,0.008234323,0.121118054,0.22418192,0.072813764,0.24308813,-0.056625288
-1.0191535,-0.039230693,1.1028566,-0.4479837,0.14438647,0.22375901,1.0256616,-0.7063906,0.5261656,0.16083716,-0.14461493,0.6004889,0.677394,1.3724144,0.98276603,0.17895627,0.36973876,0.19070774,0.46495134,0.040952682,0.020017095,-0.021577641,-0.2415285,0.3924056,0.57817584,0.17278644,-0.36132115,0.51157737,-0.2251439,0.33380166,0.25074115
0.2833966,0.41931856,-0.48727754,0.2335984,0.46513253,0.23385178,-0.033520788,-0.7534151,0.026811559,-1.91994,-0.38982338,0.034203917,0.7319171,-0.35931563,0.35318142,-1.0118332,-0.8402073,0.37726977,1.5846231,-0.02074042,0.017723732,-0.014899015,-0.31136328,0.16357483,0.19300017,0.18659477,0.41505623,0.15407927,0.5309875,0.27563164,-0.696764
-0.046110477,-0.12412876,0.24684767,-0.56605655,-0.06721885,0.51794416,-0.0228477,-0.45779225,-0.06415522,-1.5255661,-0.35369635,-0.088504836,0.42126614,0.71030223,-0.3251439,0.9401983,1.1595234,-0.1287266,1.1081024,0.02652055,-0.034644797,0.020645492,0.094124325,0.013490971,-0.10764128,-0.11410751,-0.16909371,0.17966393,0.0073808306,-0.09487168,0.33760855
0.6533239,0.2602788,-0.45681182,1.0125666,0.81689256,-1.2401884,-0.4000512,-0.12800384,0.49182802,-0.97918,0.69174206,0.4129332,0.049147308,-0.87186265,0.118796155,-0.3509847,-0.4020454,0.14304487,-0.1722136,0.05865524,-0.016588047,-0.007871129,-0.029609485,-0.30451244,0.029379757,-0.15177083,0.21591792,-0.899335,0.14256838,0.25782147,0.26099887
-0.09349511,0.49506372,0.7416455,0.6733068,0.36751947,0.38734582,0.04823061,-0.4940191,0.22995044,1.2745368,0.09715883,0.14765385,0.53054696,-0.9111244,0.08651117,-0.35295677,-0.38342485,0.1671281,-0.44568253,0.06027077,0.025835134,-0.022252358,-0.251254,0.25762755,0.12444579,-0.050905805,0.34501836,0.1668432,0.47852862,0.106588684,0.6483257
-0.21621628,0.67214173,-0.018403541,0.5105541,0.2906294,0.9999707,-0.17937154,-0.37609184,0.12904564,-1.9402387,0.21280839,0.13173328,0.37246776,0.4382152,0.42858627,1.9721783,2.3509204,0.0024515963,-1.1344931,0.010668546,-0.016028896,-0.01877001,0.011592638,0.11475358,-0.373593,0.029396687,0.03671001,0.4570168,-0.019888034,-0.048048776,0.4820777
-0.13479137,0.8700499,1.0162616,0.6352618,0.48940995,0.1479865,0.73592776,-0.15032957,1.0515316,0.23105463,0.8957012,1.0777365,0.12675002,0.15297543,0.6582555,-0.26814377,-0.08959617,0.24460706,-0.73763126,0.031486593,-0.050782755,-0.036687523,-0.37656188,0.31042978,-0.21148153,0.3340076,0.5789645,0.5361788,0.48190343,0.57747036,-0.055942636
-0.56600904,-0.09079731,1.4682387,-0.3572002,0.08969885,-0.3075895,0.4555762,-0.17995813,0.13227515,-1.1492857,-0.06313103,0.19259009,0.17650057,-0.7613589,-0.6258754,0.8688856,0.82094073,-0.13876435,-0.19047701,-0.020119488,0.020056956,0.03019365,0.08398782,-0.14542517,-0.37461996,-0.5256521,-0.17488994,-0.20992985,-0.46493796,-0.16129896,-0.25854766
-0.7124295,0.5527015,1.1118134,0.40517628,0.6477199,0.26481155,0.31749806,-0.1166835,0.504672,-0.12766425,0.33838964,0.4218489,0.089830466,0.23022865,0.2062096,-0.19088902,-0.13912457,0.22906357,0.40624413,-0.04783167,-0.009771146,0.006319955,-0.37720633,0.40550047,0.35575375,0.13187455,0.090584524,0.6758903,0.37250513,0.3119869,0.3707441
-0.36596495,-0.2898143,0.68256116,-0.35846528,-0.2706372,0.27453816,0.059843063,-0.24396333,-0.40823847,0.37714642,-0.5527962,-0.4173691,0.23108311,-0.35821518,-0.41431832,-0.8041368,-0.75123787,0.08437265,1.8215551,0.03276161,-0.04797174,0.0043468997,-0.09201989,0.059979923,0.12508366,-0.0027562897,-0.05874226,0.18635689,-0.13572541,-0.011142235,-0.5483718
-0.088315405,0.19908348,0.55398107,0.67122775,0.14613783,-0.21293922,-0.0998206,-0.22077465,-0.003051299,1.7982512,-0.06361943,-0.09508904,0.35733986,1.6843362,-0.1736254,-0.79249984,-0.891443,0.11950727,-0.8405038,0.053844824,0.047547147,0.042846404,-0.10916995,0.2605895,0.102545805,0.16835241,0.08745642,0.27928302,0.29428336,0.06653371,0.67835724
-0.9407468,0.302775,0.47800156,0.20787835,0.039552044,1.7470832,0.49226817,-0.47641566,0.5168071,0.8549992,0.36040133,0.6146897,0.40616786,1.35721,0.2946007,1.8335365,2.0328975,0.14032847,-0.17977977,-0.032468304,-0.05381994,-0.04477381,-0.19221444,0.14859264,0.017763782,0.1786707,0.19632791,0.41203576,0.29151708,0.26745358,0.66230553
-0.32164732,0.19920741,0.7717674,-0.74785835,0.46898046,1.2925992,0.525452,-0.024780652,-0.6460943,0.067008354,-0.4026681,-0.5576341,0.12134868,0.27278996,-0.42072907,-0.05649172,-0.13225824,0.35387048,-0.25564316,0.04154946,-0.044360183,0.022076853,-0.438312,0.6415411,0.52097267,0.75444764,0.25526622,0.60560924,0.2687549,0.4920406,0.058463097
-0.04484989,-0.18313763,-0.098083444,-0.4097329,-0.043458663,0.64507115,0.36837488,0.070577264,0.3960122,-1.2864434,0.89977694,0.46531865,-0.038266733,0.73353857,0.08412993,0.12469135,0.18850763,0.08921181,0.40965074,0.009121731,-0.0049085245,0.044348955,-0.13470401,0.069559835,0.41397956,0.295938,0.04112339,-0.10795097,-0.43559858,0.2794453,-0.07516316
0.38508865,0.60296226,-0.6567494,0.69975376,0.63016164,-0.46856457,0.2971359,0.53578794,-0.14428176,-0.45955434,0.11859492,-0.22913133,-0.5123605,-0.08765162,-0.6106307,-0.36455265,-0.32101738,0.26843065,0.045317244,-0.021377802,0.019199096,-0.047707707,-0.25385058,0.33116773,0.13950585,0.3555319,0.22009136,-0.17656039,0.37824395,0.31556842,0.07435398
-0.022657065,0.2813656,0.09248878,0.9057624,0.3030707,-1.0897207,0.6298173,-0.65296346,0.20278841,-0.07417134,-0.18760358,0.11274225,0.66448426,-0.7438279,0.5338193,-0.3972645,-0.17848444,0.15133417,0.47583935,-0.03441854,0.05198942,0.017324515,-0.121675655,0.36432764,0.060251687,0.2640984,-0.20764068,0.36049265,0.36150417,0.09655979,0.020351648
-0.46939182,-0.01891026,0.25861958,0.12635487,0.3822868,-0.28730965,0.7363304,-0.5423553,-0.13013841,-0.45552275,-0.5345074,-0.051765177,0.44418296,-0.5388231,0.40300763,-0.71337855,-0.5949266,0.22251368,0.56208694,-0.06178022,-0.024660505,0.052260213,-0.20007059,0.32192525,0.5992098,0.30332804,-0.42958117,0.2809003,0.12113934,0.31271577,-0.67116475
-1.4592502,0.24142466,1.552427,-0.030436309,0.42384857,0.54165053,0.8472571,-0.14205022,0.06391689,0.39009488,0.011528006,0.121060096,0.17999072,0.5870106,0.070454925,0.7087279,0.9906455,0.2430129,-0.14945912,0.041520715,0.02930265,0.010894753,-0.2631062,0.42592797,0.6324216,-0.027195334,-0.41651374,0.5859007,-0.083452605,0.30251044,-0.51014423
0.7125608,0.44900042,-0.38308534,1.0689281,1.2242811,-1.1149828,0.24020784,-0.43081403,0.38596097,0.47458988,-0.065452695,0.41986403,0.34499088,-0.40545145,0.67608315,-1.2687514,-1.2446706,0.27784485,1.0602474,-0.056881815,-0.024624191,0.033778355,-0.27817512,0.11995038,0.39347404,0.07578882,-0.38682494,-0.5037863,0.3482811,0.26324373,0.44298348
-0.76175046,0.30835703,1.2331856,0.1604776,-0.055798516,0.134402,-0.16529563,-0.15363394,-0.19264093,0.9292978,0.0049434584,-0.17320544,0.17759146,1.2496371,-0.12487339,-0.71710825,-0.5019385,-0.03118051,0.7629147,0.03846301,-0.021920428,-0.035573073,-0.07063644,0.04217392,-0.10355715,-0.15466568,0.22997339,0.007151378,-0.29875964,0.012777945,-1.4815058
0.2424281,0.014195534,-0.56776553,0.5066024,0.35367668,-0.5658975,-0.3381438,-0.17844896,0.22577082,-1.3370789,0.19730769,0.28113404,0.22769737,-1.6954389,0.22283576,1.027806,1.11152,-0.09604773,-0.20224099,0.031989306,-0.056877747,-0.050637916,0.06538663,-0.028863786,-0.03485371,-0.083747774,-0.017504798,0.0049899784,0.39006683,-0.13542679,0.10797794
-0.20832051,0.57966745,-0.28097188,0.34886515,0.23999608,-0.0052932217,0.54865414,0.47785103,0.56315696,-0.9424269,0.76041013,0.56587636,-0.5060061,0.5221813,0.01244831,1.0810783,1.2024537,0.3583938,0.6980634,-0.014757276,-0.00981091,-0.0141210705,-0.33076802,0.1318041,-0.0031652201,0.1760872,0.40669486,0.18259992,0.10933221,0.2961074,-0.8249698
-0.6246437,0.106039986,0.22290775,-0.47695237,0.71605784,0.36286095,1.3506273,0.07983145,0.5186857,-0.735113,0.3977022,0.48417678,-0.15716875,0.294406,0.056823585,0.25399745,0.31963786,0.0364847,-0.49760216,-0.018439412,-0.047980696,-0.020828739,-0.16654494,0.2915812,0.26428372,0.1935876,-0.29426047,0.33258015,-0.18510525,0.1002187,0.25765646
-0.01350646,0.13835083,0.2195702,-0.3663472,0.2916066,0.5060474,0.9486881,0.82585293,0.03016472,-0.9884934,0.33481824,-0.023083359,-0.83093387,-0.04487972,-0.6320872,-0.14859451,-0.1049841,0.25652605,-1.234629,-0.05230601,0.04197806,-0.006152399,-0.2600184,0.52831745,0.22310254,0.55246854,0.12929064,0.10247885,0.21461767,0.3072857,0.17680767
0.31250212,0.0016561674,-0.6089628,0.1703918,0.4874901,-0.00065266195,0.060099073,-0.22495669,0.13879497,-1.0541676,-0.1360121,0.18710613,0.2289422,0.544017,0.24742717,1.5767035,1.6719244,0.17307721,0.74588495,-0.01354228,-0.042097904,-0.049027346,-0.21821108,0.36604944,0.63603854,0.42625934,-0.09964205,0.64183915,0.35276717,0.2939685,0.16001093
-0.14802355,-0.08571357,0.4622627,0.013847815,-0.22117043,-0.5552342,-0.24577552,0.2647611,-0.06760285,-0.78989726,0.011607526,-0.004646513,-0.3578621,0.12672381,-0.44539502,0.824796,0.8183244,0.17807777,-1.3104153,-0.005661428,-0.053412654,-2.5443733e-05,-0.04005337,0.07710079,0.21333724,0.16534418,0.20650974,-0.14197238,0.2773422,0.31992325,0.08074638
0.30416092,0.22021239,0.004567403,0.22789921,0.23978347,-0.22823986,-0.46001107,0.6069526,-0.26363403,-0.7735773,0.16153224,-0.28477895,-0.59670293,0.432517,-0.73200184,1.1898502,1.2552074,-0.08561922,-0.869272,-0.060979158,0.052640297,-0.017493658,0.000715995,-0.2444679,-0.38105103,-0.100867696,0.7182553,-0.28177577,0.60388124,0.08500315,-0.8876085
-0.1216722,0.29556173,0.47153118,0.65457743,-0.11337584,-0.4928532,-0.2523827,-0.86026376,0.3395055,0.12260804,-0.17011215,0.27759984,0.8715723,-0.54563355,0.3924283,-1.251325,-1.1607997,0.13601568,-0.32928297,-0.009038694,-0.058310308,-0.0025932044,-0.0891513,0.093968034,0.026549516,-0.26380613,0.2636962,0.25484166,0.5715164,0.06790954,0.6410589
0.41542342,-0.048930783,-0.5031613,0.06999039,-0.00607247,-0.38937077,-0.22050278,-0.12685558,0.5646537,0.6100917,0.53355455,0.6148271,0.22595477,-0.8130961,0.4637321,-0.4844753,-0.1946039,0.00583466,1.666637,0.03532102,-0.024709322,0.046991974,-0.11282801,0.35624194,0.24410826,0.41888592,-0.11497982,0.4692231,0.78714913,0.02637126,0.138693
0.11261979,0.17155427,-0.20326641,0.31518504,0.2533393,-0.17324872,0.6324951,0.08909573,0.087834716,-1.1306823,0.1904998,0.08063937,-0.079115845,-1.0074395,-0.16926032,-0.67550784,-0.55130774,0.4245648,1.1459928,0.017693095,0.006073177,0.011368133,-0.38549528,0.5955841,0.5535675,0.55917203,0.02832859,0.41431883,0.42109695,0.3238434,0.21124765
0.30749592,0.30547196,-0.5072907,0.44081694,0.47481722,-0.8004274,0.6547859,-0.4844819,0.60175455,-1.0839137,0.105789326,0.626017,0.38848883,1.1780372,0.58169484,1.3670592,1.6271654,0.08022918,-0.43324676,-0.0062584653,-0.025166795,0.021100543,-0.051360942,0.0077145374,0.086198434,0.022058127,-0.112223595,0.108249605,-0.033881232,0.07918125,0.52348834
-0.07962438,0.039668694,1.3767214,-0.06900091,0.39118156,0.5024845,0.7461496,0.21179381,-0.54923075,-0.11374995,-0.18482937,-0.5100107,-0.11666424,0.7088826,-0.7253474,0.25458038,0.44891047,0.2957225,0.5996051,-0.015084475,0.054887146,0.048680194,-0.28676564,0.51547104,0.41849735,0.43473524,0.35229847,0.06539305,0.3349034,0.4256817,0.053239733
-0.74718064,0.44951576,0.6006788,0.5067339,0.20578043,-0.21602498,0.48591775,0.39924136,0.653381,0.44914383,0.5127043,0.6207287,-0.35321236,-1.1927413,0.10560219,-1.1220983,-1.1500161,0.285973,0.16056861,0.055995576,0.018935397,-0.03274843,-0.26580554,0.49393216,0.11734093,0.35816336,0.11805193,0.77021605,0.77102447,0.14905585,0.43011382
-0.16035035,0.011954531,0.6916303,0.23624317,0.3087982,0.118653364,0.26248974,0.16040005,-0.24497135,0.25475997,0.11608179,-0.24815965,-0.16587831,0.57854044,-0.23942845,-1.4001385,-1.2580584,-0.07323095,1.6616787,-0.05794903,0.031410612,-0.010652602,0.08766971,-0.11126929,-0.015793582,-0.1738889,-0.1405841,-0.16065612,0.016917324,-0.096771024,-1.3111098
-0.04868619,0.4001103,-0.26392555,0.30158123,0.7015928,0.88482654,-0.09477526,0.34081903,0.43765068,-1.1350126,0.8913788,0.48398286,-0.26337683,0.96154916,-0.2370816,1.0603667,0.9430394,0.25696078,-0.5997174,0.035527527,0.05366326,0.058224022,-0.25182128,-0.15865709,-0.09320056,-0.18163225,0.70015985,-0.114244565,-0.26527876,0.26951164,0.45865855
-0.7600356,0.48172432,0.901911,0.25140047,-0.0716062,0.26365522,0.60089284,-0.19596657,-0.013659034,-0.10430749,-0.15419264,-0.0589805,0.22563642,0.1257525,0.35677192,-0.54699033,-0.73045295,0.35991842,-0.010084271,-0.022334188,-0.054194413,0.04654979,-0.3706225,0.37916076,0.33708978,0.37041,0.5651522,0.3926471,0.30194655,0.47797358,0.5395647
0.32395452,0.0005400962,-0.538015,-0.37637997,0.22400042,1.2456735,-0.18774515,-0.40144077,-0.14100021,-1.310161,-0.03266078,-0.12797955,0.32314968,0.442831,0.32810187,1.643441,1.8016552,0.12476738,-0.17990476,0.0551586,0.01849071,0.06243989,-0.1266559,0.20838283,0.13357395,0.3004977,-0.011233073,0.3217173,-0.08303536,0.09408961,-0.04069308
-0.18113536,-0.0898417,0.50785494,-0.27584338,-0.04207265,-0.22949806,0.30837116,-0.2400048,-0.70045507,0.42808732,-0.71593285,-0.61122924,0.209319,-0.78266615,-0.5632815,-0.27831674,-0.2140569,-0.07597285,0.87333286,-0.053613104,0.038271815,0.0013031662,0.08663187,-0.14700033,-0.2660933,-0.23130146,-0.16910864,-0.095447406,-0.30198073,-0.12722436,-1.0293466
-0.08396519,-0.104793854,-0.6315608,-0.010131293,-0.08837412,0.23655288,0.7582044,-0.20281437,0.3229338,0.2458181,-0.0042530713,0.28963098,0.24568139,0.27693784,0.20726311,0.688934,0.8970604,-0.13342825,2.0967371,0.050854743,0.025330327,-0.005766928,0.0145114325,0.07834954,0.42250794,-0.05218556,-0.5260125,0.2497919,0.073029205,-0.0053349687,-0.4148119
0.28399244,0.35187244,0.8320408,1.0468762,1.3739043,-0.104770765,0.58983195,-0.2720162,0.26367062,-0.88875943,-0.21447493,0.3258927,0.3580101,1.2600203,0.33140558,1.5675143,1.5415214,0.04182093,0.18956251,-0.024343155,0.035152927,0.025126554,-0.07372592,-0.10331194,-0.25078708,-0.42177054,-9.023039e-05,-0.16769338,-0.19522992,0.24913831,-0.27916148
0.043854874,0.012185401,0.15971936,-0.2432757,0.55016214,-0.09590422,0.15664047,0.73563045,-0.4546091,-1.3819827,0.005436349,-0.40716675,-0.6809618,-0.4333371,-0.77701354,1.4456289,1.4072324,0.10508631,0.9057124,-0.006847739,-0.041202635,0.029398717,-0.1561835,0.18304162,0.27599782,0.057545368,-0.039008345,0.19904357,0.08808581,0.083133124,-0.19053218
0.19894317,0.0028174766,0.628806,-0.16159783,0.31812936,-0.15322839,-0.05851287,-0.17015852,0.06722665,-1.1533911,-0.3246035,0.032720264,0.18743017,-0.9376148,-0.09113278,0.92129564,1.0484135,-0.1442095,0.17659758,-0.035512887,-0.020555861,-0.042345166,0.006923735,-0.029224085,-0.024133088,-0.090116724,-0.3038373,0.11257858,-0.18905978,-0.044756718,-0.5644959
-0.7856968,-0.12190387,0.0964935,-0.039104436,0.33657473,0.47357628,1.1555768,-0.40455464,0.9199217,-1.5884717,0.5616435,0.8573851,0.34634817,0.83953667,0.51014006,0.91449624,1.2159184,-0.038426097,0.67406416,0.015899554,-0.0058561936,-0.059359685,0.019096045,0.049370874,0.17438291,-0.0030041889,-0.49364364,0.19385979,-0.17656139,0.0065413783,-0.44965294
0.10896798,0.10135517,0.46894306,0.20774901,0.1469443,-0.3101766,0.37177688,-0.1948371,-0.34545004,-0.14820886,-0.4583222,-0.36085448,0.17862284,0.67489785,-0.36072063,-1.5142862,-1.4599899,0.29905933,0.2771741,0.05580718,0.058695942,0.05249662,-0.3240177,0.5003235,0.43645078,0.46567047,0.3107554,0.27473393,0.2669702,0.3260576,-0.9778738
-0.4460265,0.18198618,0.5262618,0.24095957,0.30967692,0.060513016,0.43231532,-0.5144498,0.17873666,1.1403931,-0.16959429,0.23973328,0.4504152,-0.08962853,0.43224367,0.066360496,0.2526249,0.1394254,-0.053972535,0.005442731,-0.020490594,-0.003589876,-0.19291744,0.38531318,0.36495364,0.29611674,-0.28930774,0.56823844,0.5682397,0.048212502,0.37048265
-0.042476706,0.20043723,0.2957033,0.63179713,0.59161043,-0.44200543,-0.08607098,0.28450385,0.27656227,0.49368942,0.4545763,0.26234385,-0.36294,-0.45887703,-0.048969872,0.2284912,0.3690986,0.09549096,1.0384463,0.060373873,-0.026115611,-0.027580984,-0.1080539,0.1969084,0.052469727,0.14080073,0.3036311,0.16146024,0.50076884,0.14276424,0.4557492
-0.45353723,0.37935728,-0.061691154,0.62923616,0.18524688,0.052819643,-0.05967,-0.5660348,0.30765918,-0.3006955,0.16865735,0.3048432,0.5788102,-0.5384847,0.2523487,-0.108984254,-0.034526404,0.15884848,-0.24813901,0.03792639,0.019198753,-0.007428415,-0.17945798,0.11784667,0.22490932,-0.10685706,-0.07348643,0.46545348,0.6456475,0.12234357,0.544328
-0.7585291,0.1905877,-0.0089735035,0.0783698,0.12131218,0.04480731,0.5873685,0.060123667,0.63403374,-1.1331362,0.33980972,0.62569684,-0.13461778,1.3746799,0.1435443,1.1533647,1.3172828,-0.10075003,-0.85024434,0.040611304,0.0381606,-0.0137813315,0.07099125,-0.033463325,-0.24206948,-0.18957688,-0.22899963,0.0561483,-0.15831141,-0.09138532,0.9342115
0.12744163,0.026940284,-0.19949132,0.649042,0.38302723,-0.19931746,0.2708572,-0.67347026,0.16276088,0.058024853,0.085443094,0.17948441,0.55946743,-0.57718164,0.42195415,-0.39740258,-0.35589492,-0.1124717,0.863604,0.033251964,-0.052073903,0.05262588,0.020697525,-0.22073087,-0.19483972,-0.395254,0.06774951,-0.24687096,-0.16220546,0.017234888,-1.3036427
-0.55118686,-0.22980903,-0.1330656,-0.5504567,-0.27580512,1.2294888,1.2781466,-0.44904745,0.55491173,0.8673335,0.22254018,0.5583999,0.49727717,0.8770117,0.40874484,0.75585204,1.1473112,0.20899244,0.08256489,0.04035783,0.051682547,0.050361983,-0.29285917,0.38373432,0.5403597,0.4402487,-0.030200822,0.5742471,0.33110684,0.2759483,0.4786615
-0.42409658,0.11241859,-0.006663263,0.05392334,-0.73525095,-0.13324323,-0.27902502,0.04472411,0.09642279,-1.1502435,0.2962757,0.15642253,-0.0714872,0.9572713,0.03355173,0.19077514,0.18236117,-0.32818782,-0.76950085,0.047157712,0.026589021,-0.03725473,0.30332255,-0.38225198,-0.53178215,-0.33105555,-0.2700641,-0.32836187,-0.5094756,-0.22540994,0.48851112
0.3639025,-0.3346164,-0.6213898,-0.09071142,0.4126451,-0.7441232,0.34292245,-0.20840615,0.13612564,-1.5774505,-0.036453757,0.11410602,0.2457454,-1.1737069,-0.2744277,0.32365766,0.47686163,-0.05118073,1.0594509,-0.037267208,-0.033639535,-0.030639715,-0.019193923,-0.0025161768,0.08329564,0.100486904,-0.07809961,-0.25184205,0.23282318,0.031209534,-1.4829162
0.39201754,-0.054547124,-0.33411932,-0.31445068,0.24991818,0.115941525,0.290583,0.419911,0.11783225,-1.1132977,0.26527515,0.12059654,-0.43524146,-0.7110275,-0.5379319,0.6098809,0.5889864,-0.034458246,1.4432869,0.059169784,0.0018562078,0.0034381077,-0.029887037,0.038715314,0.028071117,-0.0075341733,-0.13011701,-0.061371103,-0.102525085,0.032565195,-0.73501134
-0.30139226,0.1610482,0.15780608,-0.42939308,0.61075187,0.4169717,0.9135626,0.11215254,0.21450892,-0.89985293,0.16246542,0.24320206,-0.055161927,-0.0029483547,0.22016145,-0.45008618,-0.28574598,0.24507639,-0.5539781,-0.03364698,-0.041316047,0.028631106,-0.3260061,0.5731713,0.06137857,0.42016068,0.5290726,0.47931767,0.6898468,0.021960033,-0.007773232
-0.032124385,0.11813227,0.18103932,-0.26439476,0.21863514,0.26110706,0.22238666,0.046267003,-0.35440236,-0.734587,-0.34550324,-0.2584168,-0.076294795,0.2865569,-0.5912508,-0.16776516,-0.12517723,0.20950203,-0.82642794,-0.041902594,-0.0022218376,0.023016654,-0.22767393,0.25140205,0.42180723,0.20636174,0.029434124,0.58954835,0.26250085,0.2861369,0.7295535
-0.10528682,-0.13238992,-0.15325844,-0.56297266,0.0261731,0.70493466,0.23744889,-0.4540207,0.06863713,1.1985285,0.0882644,0.05119309,0.52414614,-0.099366166,0.2261437,-0.99712276,-0.8663571,0.069380805,-0.69944525,-0.05009225,-0.054466784,-0.03499557,-0.16094378,0.3156342,0.4280649,0.323822,-0.085725844,0.3100632,0.24356277,0.1619733,0.0682029
0.07784659,0.5752501,-0.21880962,0.060023278,0.57287776,0.47869566,-0.027406212,-0.34191984,-0.10381021,0.16881314,-0.07313237,-0.14752513,0.42478204,0.39136854,-0.011632997,0.40188822,0.41986203,0.31207436,-0.14155488,-0.05646234,-0.0022091493,-0.03032916,-0.32319972,0.38267007,0.2035844,0.20277674,-0.09298134,0.49907964,0.10483,0.13451144,0.36381003
0.057015814,-0.21118203,0.3082463,-0.19908385,0.15706183,-0.55893207,0.3371789,-0.22369036,0.048317276,-1.5089449,-0.31535766,0.1255524,0.22752206,-0.99548125,-0.008772122,-0.8976764,-0.7609276,0.24941549,1.2596579,-0.030796364,-0.0112770125,-0.057734713,-0.2295251,0.52053684,0.8443166,0.39437395,-1.2157726,0.30810663,-0.41426855,0.09238606,0.14910951
-0.9747364,-0.16943711,-0.27560216,-0.4471032,0.083614014,0.9559237,1.277717,0.182492,0.7531902,-0.7317164,0.49742627,0.7752506,-0.18880452,-0.46674502,0.25384235,-0.45259222,-0.07014605,0.12484494,-0.63221365,0.0026245043,-0.0572081,-0.05993616,-0.20083033,0.16227753,0.27726912,0.10362323,-0.05159916,0.1623279,0.22552544,0.11712733,0.0602254
0.13697603,0.17173441,-0.006433261,0.27184853,0.05493884,0.41299608,0.085485816,-0.0075517963,-0.055375505,-1.6456335,0.34209514,0.012378917,-0.008013164,-0.023979077,-0.40234956,1.7820005,1.7365726,-0.114198655,0.72835284,0.053621218,-0.052551717,-0.020368807,0.11366364,-0.06893004,-0.2602468,-0.35308117,-0.22145157,0.07326047,-0.01899662,-0.14944424,-0.05770499
0.31482965,0.17241828,-0.20289014,0.022252394,-0.08571835,-0.53716224,-0.45448634,0.25649786,-0.25794342,2.405834,0.35568082,-0.28441793,-0.370348,1.2896054,-0.26993853,-2.2357008,-2.1098514,0.19217299,-0.7312767,0.012199864,0.050630942,-0.0048482567,-0.16047253,0.21068601,0.2042101,0.30567247,-0.06144192,0.069268644,0.21979639,0.10490302,0.23685373
0.0037627064,-0.037219666,-0.8205642,-0.58284587,0.36084506,0.68808407,0.4121476,-0.2439922,0.6464359,-0.82694596,0.37304902,0.68545616,0.16043594,0.5106981,0.70226616,0.81959534,0.9012706,0.18551147,0.48975104,-0.0602867,0.03132087,0.05942551,-0.18752486,0.2118504,0.3043022,0.35496897,0.37023583,0.006199866,0.04847373,0.28278655,-0.8047862
0.26723617,0.040323667,0.023867618,-0.06982771,0.06347716,-0.63366544,0.4436145,-0.046065457,0.22264303,-0.7479847,0.07359039,0.22767332,0.13300781,-0.026329832,0.2901432,0.013172597,0.31049806,0.12432285,0.2693849,-0.013701871,-0.028529428,-0.024464719,-0.2217977,0.386389,0.190115,0.2889075,0.024889588,0.02377805,0.38882855,0.088814095,-0.3634441
-0.22790629,0.1801033,0.0060609817,-0.43815133,0.9669963,-0.074008435,0.5541462,0.129224,0.37215066,-0.7042164,0.28086245,0.30448383,-0.14572598,0.38627496,0.10835774,-0.36088133,-0.16281493,0.3166449,-0.5870559,0.028766014,-0.0485505,0.049255088,-0.2755604,0.39855006,0.032244533,0.22221251,0.6383913,0.52399594,0.82755804,0.086928695,0.19569667
0.08413974,0.44360828,0.08209363,0.50551015,-0.12435449,-0.7331858,-0.04918388,-0.38695136,-0.42668778,1.3637578,-0.4878295,-0.40213403,0.37859815,1.0454077,-0.40405497,0.58590555,0.63430595,-0.09546604,-0.5283182,0.053432986,0.055312082,-0.0267018,0.006881605,-0.1049449,-0.29728094,-0.24270678,-0.05498563,0.07754532,0.20934491,-0.07301592,0.59793407
0.27537853,0.20764345,-0.26129586,-0.05167304,0.3691269,-0.41407278,0.21401554,-0.6128131,-0.31350034,-1.2376097,-0.40554616,-0.22399871,0.64938796,-1.5237364,-0.1677729,1.459863,1.4405637,0.15199202,0.9018519,0.019108519,0.045981146,-0.03611485,-0.13476853,0.23008743,0.15792683,0.13230436,-0.10200939,0.28037867,-0.07421994,0.09854223,0.6442239
0.5621406,0.27999023,-0.13979284,0.05327953,0.07165018,0.3852366,-0.65535575,-0.15261033,-0.331143,-0.79262525,-0.054166332,-0.24328661,0.17789783,2.2459102,-0.34895375,2.11408,2.0997524,0.043837935,-1.3694015,-0.0011758134,-0.004443221,0.013024807,-0.009476001,-0.43820077,-0.40113705,-0.4153933,1.8819156,0.17858583,0.46178964,0.19132859,-0.14926063
0.0020042523,-0.10010917,0.34881285,-0.8841832,-0.4486866,0.9366565,-0.7867153,0.21965395,-0.39209482,-1.6224624,-0.3568554,-0.413481,-0.20558257,1.3834738,-0.4688012,0.49533784,0.4637464,-0.112307236,-0.19288288,0.010933481,-0.051027454,0.06105429,0.14621861,-0.018294893,0.070836194,0.20841324,-0.23913932,0.13687807,0.019974925,-0.11190419,1.1840577
-0.34200114,0.6788855,0.79309154,1.3777802,1.0655409,-0.62998265,-0.23316328,0.2119143,-0.0077339676,-0.6547892,0.40657586,0.047901478,-0.2766419,-1.2025238,-0.016841082,-0.26802313,-0.14559928,0.4624459,-0.5009712,-0.03848706,0.039642975,0.024068475,-0.4893135,0.4641316,0.17743056,0.33685023,0.6713165,0.3422436,0.989867,0.42906344,0.25366446
0.18705623,0.2917071,-0.23819466,0.6291042,0.31973696,0.28829825,-0.2563518,-0.08986483,-0.039618492,-0.9876279,-0.11650894,0.09234334,0.0246766,1.8311023,0.10880938,1.9063607,1.92204,-0.06897306,0.72849876,0.041937552,-0.018579066,0.030612126,0.07990209,-0.20958489,-0.26571223,-0.33348063,0.2371188,-0.24031582,-0.17652549,0.11392065,-0.3307419
-0.053150978,0.034344357,-0.118536144,0.334778,0.40684292,0.2744619,0.5237272,-0.43231067,-0.37231517,-0.7025068,-0.08405638,-0.30761328,0.51170033,0.9085792,-0.16027263,1.342916,1.3886151,0.16251114,0.7484765,0.032971002,0.03432835,-0.013652362,-0.17785941,0.026816057,0.54793864,-0.003102977,0.33458444,0.48365098,0.39082265,0.28147033,0.39149052
0.19216906,0.25164106,-0.83997965,-0.14994629,1.027672,0.09810681,0.8435019,0.5225919,0.7261105,-2.1322017,0.5923628,0.74441683,-0.5358785,-0.29132146,-0.20958956,0.77554613,0.79158133,0.1350493,0.058867868,0.03861682,-0.0090788305,0.039842173,-0.18352497,0.08274869,0.27568927,0.107932605,-0.28756267,0.018277157,-0.32669204,0.14590363,-0.9007051
-0.120990045,-0.4282034,0.28449693,-0.43434387,-0.31119302,1.0490218,0.19760707,-0.737291,0.06573147,0.29842532,-0.2945772,-0.0002512477,0.8407319,1.0252088,0.4725784,-0.29726106,-0.17697798,-0.07588329,0.48460156,-0.048429616,-0.029475294,-0.061340906,0.040778793,0.09130611,0.29076153,0.040876474,-0.00090623344,0.028434321,0.06939219,-0.16020201,0.35695162
-0.32295448,0.2152105,-0.05231556,0.35316736,0.3968219,0.13508195,0.48339957,-0.5169266,0.34988293,0.082601294,0.12023403,0.40421072,0.48051444,-1.8666475,0.51205844,-0.029113062,0.03202341,-0.05218438,1.192183,0.039415553,-0.026628792,0.029170431,-0.09653878,0.21168068,0.18930325,0.027478626,-0.5830197,0.2297445,0.0634574,-0.050986674,0.30124095
0.3484936,-0.6326062,-0.61213636,-0.26624897,0.10691645,0.46137187,-0.2585594,0.025535213,0.4956214,-0.3883099,0.6736716,0.54243296,0.010940579,-0.14933185,0.42573062,-0.8359394,-0.9198659,-0.0042396365,0.47537264,0.016005613,-0.012715533,0.02799119,-0.018687952,0.055228196,0.7311843,0.21650942,-0.24126455,-0.36781135,0.07293567,0.1482841,-0.31909883
-0.20346898,-0.03931485,0.13150598,0.282496,0.14832656,-0.2810008,0.23889878,0.18544747,0.22785263,-0.09688745,0.22253303,0.24443546,-0.08509096,-0.51399493,0.2394285,0.5340555,0.015913166,-0.10986944,0.27883425,-0.044141784,-0.050413452,0.04976494,0.10408246,-0.083728194,-0.113759026,-0.13523963,-0.112777844,-0.17842141,0.07119791,-0.041545425,-0.99629354
0.039744806,0.8018142,0.4777249,0.9805669,1.4490274,-0.71365696,0.46203086,-0.28643155,-0.2853227,0.55610406,-0.46824124,-0.20065878,0.39430666,-0.7327222,-0.2451144,1.0866531,1.2135177,0.09485045,0.33227962,-0.057551168,0.04086615,0.053854704,-0.18652278,0.20844583,0.032593265,0.09116825,-0.20305501,0.17411707,0.46048778,0.09436926,0.34204042
-0.92912245,0.35961,1.6461325,0.21411146,0.30513522,0.80066335,-0.0760887,-0.2313039,0.25963578,0.20273927,-0.008874066,0.23666953,0.2607639,-0.13516277,0.07646629,-0.19166152,-0.1462245,0.02833071,-0.86398935,0.043787487,-0.018827856,-0.0007653311,-0.060410228,-0.119617514,-0.16118388,-0.3287549,0.27669698,-0.08067296,-0.22527605,0.15409946,-0.6649935
0.7238339,-0.299148,0.03700419,0.40359825,-0.32691813,-0.22441378,-0.3546862,0.029836481,0.0859654,-0.1549558,0.090897776,0.04436088,0.06731329,-1.5694703,0.26162347,0.6529358,0.66183513,-0.015999988,1.5213672,0.019358508,-0.039606042,0.026302174,-0.05080985,0.19698156,0.17117077,0.22476798,0.08332051,0.14632383,0.23715599,0.04076872,0.004196507
0.022560688,0.16738713,0.34723973,0.0929561,0.05001354,-0.3224103,-0.15075532,-0.12726305,-0.48269257,-0.54263246,-0.5251081,-0.38541237,0.142415,0.17622963,-0.26394466,-0.22546922,-0.07174586,0.1131047,0.23013186,-0.0107469335,-0.020156823,0.039636217,-0.20080814,0.23650093,0.26460072,0.15471372,0.2536736,0.35585985,0.006413929,0.17066272,0.9632791
-0.35497072,0.1778062,0.08673773,0.12594186,0.06507728,0.23507343,0.057634793,0.12305157,-0.03816571,-0.042559456,0.43407422,0.06648448,-0.1656898,0.4309965,0.10764651,0.76266205,0.8003549,0.19331291,-0.8906748,-0.044392623,-0.054003432,-0.05741497,-0.16112371,-0.0054633473,-0.00040565882,0.2578738,0.2895335,0.028620025,-0.15300548,0.3921343,-0.14273725
-0.05253537,0.5401697,-0.37311128,0.7874834,0.74333936,-0.35339952,0.54345584,0.099713586,0.05841292,-0.4894772,0.040626343,0.035126545,-0.020575544,-0.21505286,-0.19726183,-0.35280457,-0.43582612,0.2546491,0.24616162,-0.025229968,0.008742124,0.017514184,-0.25011626,0.30893525,0.13267319,0.34704256,0.31703988,-0.18367207,0.4058423,0.3312708,-0.036389776
-0.3839609,-0.36178946,-0.0026490397,-0.4941373,-0.6701093,0.5215437,-0.50966954,-0.5523538,-0.4837411,-0.05455121,-0.58639383,-0.53168994,0.6022597,-0.41550684,0.24785109,0.86332035,0.88772035,-0.3312841,-0.2256566,-0.020231597,-0.024924472,-0.02309563,0.2648921,-0.395398,-0.4048584,-0.5680921,-0.22130403,-0.40662238,-0.22091742,-0.30649814,-0.13950455
-0.36939505,0.19319347,-0.178168,-0.022569677,-0.12540305,-0.06456355,0.5496319,-0.060617916,1.1259038,1.0365741,0.5215312,1.2170635,-0.006760951,-0.5924694,0.8865507,-0.6351917,-0.46467564,0.17741627,1.0065836,-0.040176883,0.047669753,0.05552414,-0.1805992,0.38887203,0.28609365,0.26301387,-0.1892404,0.43839434,0.22979814,0.17673449,-0.3568181
-0.09687084,-0.13810602,-0.44465634,-0.7815328,-0.1340484,-0.41413584,0.71268207,0.24605794,-0.12368916,0.19819514,-0.1766155,-0.050350048,-0.13423839,0.9675268,-0.48646998,-0.9119364,-0.9284644,0.13176244,-0.13688377,-0.0026695132,-0.0587345,-0.037407406,-0.109409735,0.18622401,0.2571082,0.1160057,-0.153107,-0.319773,-0.5753478,0.15828979,-0.95356065
0.26607248,-0.37834263,-0.14859363,-0.012983195,-0.52974385,-0.27496508,0.37429008,0.16944422,-0.23643465,-0.98640656,0.05629981,-0.25132877,-0.096425176,-0.99757546,-0.35304904,1.3648902,1.517302,-0.059856918,0.4853517,0.02251868,0.040393077,0.009646237,-0.06154708,0.01698731,0.06887677,0.04481244,0.14468297,0.12712634,0.09052133,0.08494394,-0.3269986
0.15222171,0.44727248,0.7934605,0.3223391,0.6607888,0.33117563,-0.046662573,0.13805534,0.067641556,-1.7438807,0.27277115,-0.00020869469,-0.12352729,-0.6991153,0.21032135,-1.2771769,-1.0112915,0.3960266,-0.93457174,-0.027984515,0.04930675,0.0047972947,-0.39943075,0.35861722,0.16244482,0.3761552,0.5758697,0.5127367,0.7300011,0.3704599,-0.70294785
-0.6415478,-0.007574367,0.7132141,0.18265112,0.15089683,0.26064518,0.76568073,0.3100673,0.11650593,1.1633999,0.24296267,0.08937885,-0.26301846,1.116154,-0.098910585,-0.96425325,-0.9924897,0.1532765,-0.65318507,-0.05521503,-0.050687104,-0.035893112,-0.13682804,0.12979577,0.07853055,0.056967776,0.08072469,-0.045704454,0.17343418,0.21877457,0.2826019
-0.22310148,0.7183169,-0.2891586,1.0467352,0.84375733,-0.87696445,0.16772325,0.0909567,0.27789858,-0.12450508,0.4364469,0.31618905,-0.26588988,-0.2262894,-0.008750999,-0.042324968,-0.0189919,0.24353577,-1.338803,-0.024129786,-0.0026571974,-0.030785322,-0.15466647,-0.029379847,0.16235739,0.09143591,-0.15251112,-0.096101865,-0.46083125,0.2914327,-0.2202241
-0.34322858,0.2005722,0.3468465,0.011684496,-0.26012757,0.39020705,0.35259786,-0.47776735,-0.3078126,-1.8415948,-0.36906,-0.2277207,0.42409924,-1.0322548,0.2490978,0.88261735,0.84659106,0.25199625,-0.6033405,0.044128314,-0.04491014,-0.03707119,-0.34134173,0.2991416,0.30283833,0.25309566,0.34033552,0.5785648,0.5798701,0.2861264,-0.037991386
-0.56264675,0.01616861,0.4411398,-0.01851254,0.43003717,-0.255511,1.1959999,-0.09131236,0.20153525,-0.9297331,0.19554773,0.18105145,0.015493935,-0.9245006,-0.47329256,-0.20119734,-0.041801296,0.05993917,1.0006547,0.030921645,-0.012021728,-0.027757466,0.012927292,0.07832449,0.035024036,-0.12888128,-0.3859084,-0.01806306,-0.42002794,0.016847705,-0.96368074
-0.84101516,0.31010434,-0.04990775,-0.22318862,-0.017603049,0.7943089,0.7605235,-0.38750604,0.39693075,0.2942509,0.08597834,0.34762567,0.46296412,0.20051987,0.6392316,0.35136425,0.51743686,0.32890224,-0.19889553,0.04200916,0.02166874,-0.00029030442,-0.3371769,0.27333084,0.3991085,0.23280294,0.18779112,0.27406767,0.50258416,0.2574409,0.5262105
-0.5787466,-0.11978061,-0.36346927,-0.6037329,-0.13135864,-0.11806742,1.0734838,-0.24925505,0.7238884,-1.4391203,0.4440039,0.7631983,0.29157785,0.5876263,0.28189662,-0.508624,0.06734081,0.036531318,3.1322763,0.037195235,-0.030378073,0.0027755722,-0.11870868,0.11598803,0.16244368,0.028505756,0.052494902,-0.03808327,-0.3090111,0.15867297,-1.272441
-0.1263742,0.33116418,0.66095227,0.45361504,0.063255355,-0.35685772,-0.19400701,0.3895098,0.07550861,0.07347994,0.5455776,0.073578835,-0.37951913,0.80007833,-0.5924597,-0.38890213,-0.089045845,-0.16835672,-1.5357357,-0.054495633,-0.020579025,-0.014913924,0.029630136,-0.12944071,-0.43650964,0.12323938,0.81112283,0.014586977,1.5552455,-0.15832798,0.45690313
-0.25507984,0.04048946,0.054345787,-0.035565868,0.3513389,0.343821,0.36899337,0.41701636,-0.44182885,-0.48044887,-0.21952519,-0.4748586,-0.4239516,0.32700408,-0.20879166,1.0563285,1.2558404,-0.011642753,-0.26354462,0.055808425,-0.045007415,0.0014740229,-0.057907358,0.10749999,-0.13745917,0.016106207,-0.055055615,0.42060804,0.035527896,0.1532122,-0.7157986
0.03343754,-0.07595598,0.16358566,-0.23305124,-0.53754205,-0.07559624,-0.46087205,0.025715115,-0.23026803,0.42622763,-0.37281126,-0.085405245,0.123729214,1.0412781,-0.15797286,0.48267797,0.48722938,0.024010964,0.48743752,0.04326094,-0.057660885,0.03822749,-0.05832444,-0.027329698,0.2609199,0.10394851,-0.016538138,0.046664275,-0.097803,0.11313733,0.10014893
0.27090433,-0.3707297,-0.70856047,0.25016412,0.26907083,-0.5354525,0.5199855,-0.56197184,0.54204065,0.660006,-0.0041429917,0.5614925,0.6020533,-0.4072705,0.92207205,0.35542148,0.5882663,-0.034782153,-1.4848787,-0.025573872,0.035560563,0.02879022,0.039537475,-0.12741187,-0.18682589,-0.10828653,0.1970094,-0.28801784,-0.3722796,0.0957803,-0.28825256
-0.2365429,-0.07346724,0.54672635,-0.21067537,-0.088978015,-0.13495384,0.22924775,-0.2898035,0.26637894,-0.25795984,-0.046148404,0.31177467,0.33688664,-0.3164221,0.26749873,-1.0373847,-0.77071005,0.13043934,1.2877809,-0.0069076642,0.062241867,0.04681202,-0.14425296,0.51891726,0.547791,0.24196512,-0.7203931,0.46083894,-0.018207984,-0.0950835,0.07643392
-0.3967537,-0.2061464,0.33371654,-0.10767304,-0.16533893,0.27859408,0.47390026,-0.11070209,0.18718508,-0.117881395,0.13761783,0.18703955,0.07620336,0.6880104,0.04963019,-0.45462558,-0.2762075,0.17023161,0.4067333,-0.03459602,-0.0048299804,-0.013245903,-0.16814269,0.29851922,0.5396881,0.08619139,-0.08577767,0.19854152,-0.11445372,0.16276665,-0.5932148
-0.6281714,0.87949914,0.10071437,-0.057552397,0.2032683,0.5834701,0.45687172,0.51762336,0.34163472,0.41072622,0.54639703,0.37252036,-0.365908,0.05966814,-0.5161237,1.6423635,1.6944262,0.20829567,0.48130465,-0.034406804,0.007985517,0.03129801,-0.32699808,0.5277553,0.035354465,0.29631132,-0.09520745,0.4689146,0.12317921,0.11121312,0.72992706
0.0025585692,0.25856063,0.03813012,-0.0019117605,0.29575533,-0.22297297,0.0015141534,-0.12540495,-0.09066891,-2.2652013,-0.18268229,-0.17335424,0.08372104,-1.4366007,-0.19819574,1.1765764,1.2384999,0.2704672,0.59150565,-0.059008382,-0.056323215,0.039299257,-0.21511842,0.2627348,0.2615041,0.23774266,0.23465265,0.5226207,0.4482043,0.14579304,1.2787651
-0.11673386,0.02850692,-0.3144744,-0.61290234,0.10526593,0.5609684,-0.16989538,-0.3032054,-0.24164796,-1.3317161,-0.038024355,-0.1912239,0.3734685,0.8108482,0.020264423,-0.28610104,-0.16806522,0.19897883,0.45717588,0.024734467,-0.013780743,-0.048211247,-0.21250731,0.094882235,0.09615403,-0.04125639,0.5097327,0.28655544,0.33133894,0.13662967,0.26209846
0.22497815,0.31640503,0.0024076954,0.8170594,0.48258364,-0.5718641,-0.25340477,0.21742731,0.0872475,1.3034576,0.25862494,0.026406432,-0.102113955,-0.6179715,-0.20716754,-0.4300288,-0.33049792,0.27874565,-0.23567355,-0.05711355,0.045232147,0.016404808,-0.40677917,0.37948972,0.3656349,0.3618931,0.2747017,0.2046953,0.94297874,0.4698038,0.32578713
-0.33715948,0.021491101,0.6075238,0.25344086,0.49264583,0.49193323,-0.2789787,-0.34382877,-0.031242928,-2.085335,-0.41776416,-0.06968224,0.2600386,-0.25822756,-0.20010407,2.4741986,2.5255237,-0.2964476,-1.5248178,-0.05090852,0.0372013,0.013547987,0.37253085,-0.286589,-0.5338974,-0.4751673,-0.28402892,-0.19657436,0.06765754,-0.13560565,0.050836295
0.014955135,0.08396729,0.2089137,0.19664657,0.31923324,0.07490222,-0.1300168,0.16406259,-0.6397234,-0.10726801,-0.56623507,-0.5856664,-0.1203966,0.7567799,-0.562304,1.7429191,1.576048,0.031667575,-1.4197824,-0.04226827,0.032074198,0.02950836,-0.03885728,-0.15311633,-0.29413626,-0.15440321,0.63621604,-0.12949356,0.6661952,0.26335087,-0.35436234
0.18631253,0.75167644,-0.013114718,0.3382091,0.67444736,-0.6679108,0.17520483,-0.5269341,0.16705695,-0.1363307,0.08437648,0.15452197,0.4253907,-0.048985634,-0.26301897,0.19101945,0.31804147,0.28689778,-0.041937064,-0.037882425,-0.05703541,0.0518189,-0.2510465,0.12595615,0.07471368,-0.08716245,0.32276252,0.22456723,0.5065812,0.22367723,0.81043583
-0.6206587,0.42908138,0.82584554,-0.29262954,0.1543869,0.66217935,0.34697205,-0.108536616,-0.037850566,1.0792183,-0.23785718,-0.08459263,0.11825252,0.29313087,0.06637429,0.11901763,0.13418786,0.19439809,-0.56393474,-0.009243138,-0.025004297,-0.05300554,-0.26250488,0.45651358,0.25023848,0.19653262,-0.07034894,0.32609215,0.2625821,0.28418645,0.4749823
0.081504606,0.47565684,0.28523448,0.53378075,0.3193872,-0.50217247,-0.01749667,-0.49648365,0.42860964,1.3408412,-0.09449888,0.5402291,0.47965133,0.3500507,0.7553026,-1.6633958,-1.2864206,-0.03771751,2.0425553,0.037311226,-0.027471028,-0.043099724,-0.02130613,0.12578927,-0.14741701,-0.19445091,-0.34219995,-0.005649065,-0.23483352,-0.059571773,-1.0002584
-0.028426932,0.06136323,-0.23636502,-0.057592653,0.34477723,0.37543404,0.65882355,-0.069268696,-0.07671914,-0.734374,-0.14707416,-0.09440259,0.06170843,1.2730156,-0.144571,1.1490728,1.3970338,0.055515897,0.99103814,0.024835102,0.017802209,-0.029893756,-0.0717191,0.2501439,0.3597722,0.09847587,-0.32216522,0.3818416,-0.14303263,0.13246356,-0.1642113
0.11914259,-0.13455647,0.6190623,-0.34236065,-0.5525287,0.2344992,0.38136196,0.13990471,0.26700866,0.8011899,0.3471699,0.205198,-0.13430202,-0.4379672,-0.12802006,-0.30059183,-0.064559974,0.09498783,0.96349967,0.0073473677,0.051791653,0.0439569,-0.15398802,0.15932547,0.38241822,0.059935063,-0.3405585,0.04256512,-0.23936576,0.090632446,0.54722625
-0.020375967,0.32449132,0.34644374,0.4871157,-0.048863016,-0.41818705,-0.5106353,-0.115079865,-0.14706597,-1.2945017,-0.058811877,-0.25915575,0.21453929,0.34098765,-0.15513301,-0.9365658,-0.71826595,0.16622986,-0.3704532,-0.034752898,-0.0029267147,0.012410194,-0.19738573,0.38014483,-0.024512097,0.32899463,0.40608436,0.6661048,0.48223534,-0.10250508,0.022637019
0.16846709,-0.32333595,-0.6592787,-0.19914046,-0.65676177,-0.9450459,0.03249963,0.2863935,-0.10456888,0.32711828,-0.05764124,-0.062166654,-0.28016508,0.76862246,-0.3414226,-0.5096632,-0.5857893,0.04337866,0.08163694,0.047211967,-0.003375128,-0.060745336,0.03662359,0.0021540616,0.051335473,0.061445665,0.016928669,-0.22491837,0.13064836,-0.023962507,-0.08188743
0.07178026,1.1219156,-0.13171534,1.2635741,1.0646117,-0.42701438,0.8534016,-0.058357812,0.2880726,1.4815265,0.5477763,0.2314253,0.07416714,0.10792003,0.10250461,-0.124098755,-0.027760096,0.2120178,0.31664678,0.041279033,-0.015355498,0.055293836,-0.21924989,0.21644352,-0.18651907,0.05033596,0.14090675,0.08923967,0.21529505,0.12882657,0.17723733
-0.09836285,0.007807655,0.7814569,0.5133275,-0.23203099,-0.63251024,0.08258495,-0.52700776,-0.19452661,0.45499995,-0.4442369,-0.25597787,0.45590532,-0.10255447,-0.29559094,1.0895427,1.2072377,-0.11088115,-0.53438514,-0.044280134,0.058705598,0.050330743,0.1789826,-0.20196758,-0.23161522,-0.30075675,-0.07658528,-0.34850857,-0.1831359,-0.015649136,0.13870458
-0.13829331,0.119698636,-0.09309971,0.23951438,0.18012014,-0.5541657,0.40238518,-0.28727698,-0.10330583,0.48723313,0.13692145,-0.07273761,0.24281393,-0.8853779,-0.11859173,-1.1665436,-0.99074143,0.34802148,0.10160646,0.031004436,-0.054607943,-0.062271297,-0.34132293,0.3461041,0.46589124,0.44098398,0.21813495,-0.023561828,0.42004433,0.22447823,0.43703106
-1.3850509,0.28031322,0.7324095,0.07392808,0.33643076,0.95096093,1.1480682,-0.11967575,0.95251495,-1.876566,0.726291,0.9574873,0.069875985,0.9287734,0.4093429,1.3822738,1.6692299,0.2414838,0.57115626,0.036124863,-0.03428497,-0.051728614,-0.2490924,0.26366153,0.22630575,0.16398548,0.14358628,0.5838537,-0.18228729,0.3074567,-1.0824211
-0.23111488,-0.16016735,-0.39489713,-0.3753589,-0.02768041,1.0477113,0.40237674,-0.2171981,0.18800348,0.30518708,0.16943046,0.17770967,0.3133203,0.770765,-0.015972707,0.24369977,0.24709892,0.20629637,0.3731359,-0.025967345,-0.03390771,0.0035081804,-0.1862132,0.30072767,0.36241293,0.39923477,0.17952931,0.26687467,0.39492473,0.30330598,0.30401233
-0.34776527,-0.1986021,0.74709934,-0.79867023,-0.6085189,0.3716992,-0.015865197,0.7368055,-0.2619814,1.5865469,0.06063446,-0.2005982,-0.59039956,-0.5503939,-0.67768306,-0.57491654,-0.38725758,-0.07819869,0.6098789,0.027913556,0.012466341,-0.01252801,-0.020419464,0.17562677,0.10874348,0.19898403,0.17074081,-0.24336882,0.096403375,0.19799602,-0.490316
-0.38164195,0.25949365,0.46424267,0.6241088,0.49861622,-0.09042317,0.75103396,-0.3070794,0.32629526,0.68269855,0.13065699,0.36209235,0.19930938,-1.3725814,0.49373376,-0.9948402,-0.8593798,0.1976298,1.0289783,0.012544699,0.009532273,-0.043142505,-0.1629877,0.32270432,0.48445025,0.32303965,-0.9005595,0.47016868,-0.08699921,0.007576942,-0.11566902
-0.19786093,-0.23053382,-0.047577735,-0.081668235,-0.48139256,0.1726252,0.33431637,-0.6971264,-0.102665246,-0.19257498,-0.11370029,-0.07532683,0.72408974,0.18332292,0.0748396,0.9172739,0.9517425,-0.10465324,0.45687607,-0.039988756,0.036100753,0.05231087,0.14936927,-0.1901273,-0.08349933,-0.08180099,-0.122598976,-0.14325176,-0.28394207,-0.1873492,-0.40179962
0.24050158,0.74270475,-0.14890902,0.921978,0.56136197,-0.22469288,-0.09087708,-0.38330513,-0.054030024,-0.16501506,-0.56850874,-0.05610401,0.41141033,-0.099093474,0.35291973,0.36841464,0.4113904,0.18948609,0.20538378,0.020475216,-0.011926092,-0.015640356,-0.2746557,0.17482655,-0.039664574,0.15377137,0.27264366,0.18714644,0.44842693,0.27217612,0.039504614
-0.6926286,-0.18510754,0.5899203,-0.3426188,-0.41777065,0.080412194,0.29711378,-0.24859284,-0.049742844,-0.69844306,-0.06526475,0.009382511,0.32723382,0.40078837,-0.2324546,-0.57281226,-0.37394047,-0.018561102,0.9313996,-0.0047601014,-0.02211129,-0.040124483,-0.07604338,0.034843557,0.08912884,-0.07074804,0.23964503,0.08983345,0.17891662,0.0068162913,-0.32325566
0.011475576,0.812456,0.2218371,0.79343075,1.0545435,0.5875087,-0.050476298,-0.011526049,-0.07668174,0.5143415,-0.21117304,-0.17181674,0.057001125,0.9636215,-0.1404666,0.60077,0.8592433,0.4875007,-0.8544616,-0.010418795,-0.0344878,-0.014200322,-0.46071255,0.5393529,0.31450278,0.6331141,0.55696106,0.6428678,1.0660057,0.42436668,0.70568585
0.8151596,0.13782497,-0.08360122,0.16558991,0.23770474,1.3100091,-0.80079377,-0.0033584202,-0.48540348,-1.586116,0.042684376,-0.46938804,0.0044021783,-2.1482666,-0.52528155,2.8759317,2.9452794,-0.09799289,0.83281523,-0.0361465,0.022482544,-0.03939805,-0.018982843,-0.05325536,-0.20306212,-0.12722187,0.22253792,0.08732991,0.31489468,-0.048465934,0.32533643
-0.29840377,0.05047632,0.8068998,0.07888358,-0.18858233,0.085871994,-0.32649285,-0.37750947,-0.030687243,0.96274084,0.035217866,0.070238926,0.37700412,1.5538683,-0.090572454,-0.16496453,-0.03627924,0.18823797,-1.4536215,-0.061188027,0.020793512,0.012989372,-0.11008352,0.0916278,0.2526105,-0.060416143,0.24635218,0.23967111,0.43474582,0.02051151,0.7253648
-0.041208617,0.17761025,0.10092218,0.43712294,0.04127673,-0.6634143,0.39594108,-0.21518373,-0.050611902,0.44107533,-0.027460825,-0.030402923,0.13778819,0.19678408,-0.0441928,-1.6576475,-1.458354,0.30105326,1.8008261,-0.053485356,-0.062292382,-0.029060408,-0.4198623,0.55554307,0.7286543,0.390776,-0.35303736,0.6315058,-0.04999866,0.3139364,0.58023614
0.020343414,0.7544455,0.8124345,0.9885861,0.37593317,-0.4720406,-0.06713091,0.023795465,-0.54733413,0.276942,-0.3144134,-0.6002873,-0.009186665,-1.0844212,-0.37172878,-0.6030264,-0.44448555,0.18366344,-0.35763508,-0.054060012,-0.013871297,0.060282074,-0.21154805,0.20954898,-0.14054465,0.21313575,0.3555768,0.224842,0.39230588,0.28893498,-0.20920683
-0.48871765,-0.40254378,0.43467915,-0.4531954,-0.73677146,-0.8284249,0.08310743,-0.4452513,-0.48277748,-1.921183,-0.68511623,-0.4662427,0.37215492,0.7115694,-0.41617343,-0.93696177,-0.7003346,0.09088984,-0.44056204,-0.031067409,-0.042791113,-0.0067344606,-0.112365335,0.19386014,0.21713091,0.124841236,0.4342774,0.24031298,0.19458885,0.09747384,0.20904645
-0.70905185,0.24301529,0.7954078,0.21663661,0.5957509,0.275416,0.48546624,-0.6060144,0.4607469,0.49493912,-0.057535768,0.44288072,0.6021932,-0.9750526,0.38690454,-1.8176018,-1.6543652,0.14091904,0.73371667,-0.058455065,0.030147195,-0.044698387,-0.092403404,0.06296125,0.024413088,-0.08055631,-0.06186962,0.08855254,0.08305975,0.01834012,-0.86918724
-0.29447716,0.0005073942,0.31224203,0.27979818,0.32266012,-0.15903579,0.36230206,0.058095254,-0.7996857,-0.6605053,-0.2880686,-0.7834147,-0.10020046,0.38413316,-0.82757545,0.18539599,0.2809322,-0.03583439,-0.5554527,0.015434556,-0.033838674,0.03325849,0.10798023,-0.22933473,-0.2014397,-0.30522835,-0.04995225,-0.5917792,-0.6621747,-0.033719536,-0.98509383
-0.66609275,0.41379243,0.92539203,0.2183688,0.4346417,-0.288018,0.27424675,0.14151005,0.4284776,-1.0497307,0.35636273,0.35303518,-0.07349084,0.8507325,0.24548985,-1.0603476,-0.8298883,0.39146182,-0.18799205,0.038090758,-0.0041967332,0.06112121,-0.39862597,0.4419542,0.124780476,0.17122617,0.44883406,0.39991602,0.5230404,0.32250986,-0.11207993
-0.22509901,0.027161561,0.6353786,-0.4009643,0.48118716,0.5095986,0.21297944,-1.2240292,0.09271516,-1.0336379,-0.7299985,0.09003402,1.2199652,-0.8121561,0.035583533,0.078951225,0.15486665,-0.018031804,1.0612725,0.04844089,0.05644813,-0.055859327,0.0073200613,-0.07893582,-0.1555799,-0.31506464,-0.08047445,-0.18308443,-0.058044553,-0.10587807,-1.6420478
-0.7811131,0.40255278,-0.023351291,0.60401607,0.49349284,-0.05208329,1.3690664,-0.19464837,0.6736012,0.5412946,0.0037065449,0.703583,0.2121491,-0.3232004,0.5335421,-1.2641839,-1.1778603,0.12366815,-0.6378349,-0.012721725,-0.0061730817,0.062489577,-0.18585472,0.3257576,0.051936265,0.15326436,-0.49081552,0.4106365,-0.3773109,0.069694735,-0.033431344
-0.7232767,-0.19097753,1.7875055,-0.20498413,-0.43178916,0.07659568,0.6988835,-0.5823841,0.37200263,-0.0700848,-0.48331308,0.32278153,0.5835787,0.05813957,0.029570635,0.59155566,0.7322193,-0.07292894,0.6495211,-0.0076229125,-0.036620468,-0.0071800277,0.050435677,0.04095785,0.2117758,-0.29038918,-0.3981704,0.17176676,-0.69507056,-0.082740895,-0.6550401
-0.55098474,-0.05847931,0.2465817,-0.15793392,0.8660731,0.8876175,0.5725336,0.3652682,0.21935172,-1.3182516,0.61489236,0.32140824,-0.3676676,-0.41719535,-0.07951442,0.16554959,0.18774693,-0.011857672,0.8069405,-0.013296038,-0.062231086,0.044062376,-0.05730168,0.30324528,0.30088103,0.33489078,-0.13366441,0.19945721,0.33348218,-0.033033904,0.94455624
-0.12240889,-0.06752237,-0.7598947,0.42597163,0.044417124,0.29605588,0.30260503,-0.34441966,0.16932541,1.0147232,0.5209032,0.09634226,0.29887965,-0.34943375,0.2416034,-1.3153648,-1.1378349,-0.09227353,-0.035328053,-0.018231496,-0.008306041,0.061498366,0.034811378,-0.24212518,-0.36372143,-0.12787019,0.3727786,-0.37950853,0.032757852,-0.019299585,-0.45325282
0.12922512,0.07401268,-0.35092324,0.21245046,0.48535433,0.4707593,-0.2411599,-0.6614679,-0.6231294,-0.8356659,-0.7760232,-0.5846756,0.698794,-0.58899045,-0.37858042,-0.6255358,-0.46427986,0.0866715,0.3609051,-0.054264523,0.040815033,-0.031525277,-0.06554243,-0.012341926,0.09158916,0.055609126,-0.024887104,0.2683327,0.39449152,-0.08455094,0.5304015
0.68569905,-0.118021734,-0.015997346,0.06285964,0.41818225,-0.39804754,0.33162823,-0.34578338,-0.18897852,-0.28147927,-0.50345445,-0.20366062,0.39051095,0.9517589,0.081620894,-1.4132384,-1.2113789,0.416854,1.1582354,-0.05123365,-0.010285184,0.03412003,-0.38025168,0.6625815,0.8123303,0.62188596,-0.0643994,0.45632508,0.3453649,0.26376668,-0.10096221
-0.048523273,0.14815198,0.6940665,0.26717994,0.4850794,-0.82939976,0.4142131,-0.45820042,-0.14277615,0.19505043,-0.29049703,-0.051120333,0.4895357,1.7128485,-0.05065401,-1.4633428,-1.3600688,0.30424693,1.1573205,0.004869394,-0.0018046275,-0.007403396,-0.30900532,0.3109817,0.33474278,0.2390416,0.08860486,0.34537134,0.3884838,0.2701997,-0.22469744
0.18509491,-0.0088847885,0.21611963,0.16646916,-0.047913354,0.21824647,0.308094,-0.61690795,-0.4898577,1.4130795,-0.61106443,-0.4714528,0.6472712,-0.30377096,-0.28125986,-0.17289096,-0.1660345,0.13672936,-0.22976509,0.0061822534,0.046493024,-0.040752172,-0.14830515,0.14875004,0.19115373,0.17826013,0.38781643,-0.04336749,0.574301,-0.020887392,0.56091684
0.16727108,-0.13607487,0.0035804315,-0.2947914,0.24448778,0.19459708,0.75384927,0.119345725,-0.09361733,-0.14025205,0.063808136,0.040784582,-0.13067217,0.8317974,-0.31169283,1.0315515,1.2578956,0.13320193,1.4342241,-0.017927013,-0.05594536,-0.03734465,-0.24242003,0.46828932,0.6317756,0.41032758,-0.13034898,0.29012245,-0.07492535,0.30798137,-0.942474
0.9779617,0.30476904,-1.0511663,0.53621644,0.90176505,-1.0450226,0.24542394,-0.45294964,0.40486768,0.5520328,-0.13393661,0.40438277,0.45955843,-0.22782288,0.6770087,-0.40345764,-0.26381558,0.22467297,2.0604782,-0.0011323392,0.038917847,0.04382176,-0.3160222,0.31071886,0.3612882,0.522551,0.30279443,0.060663585,0.8738588,0.33627352,-0.20282994
-0.64246535,0.055340394,0.6259386,-0.4619128,0.52000844,0.54921293,0.80973524,0.07486226,0.27575496,-0.2253018,0.22993694,0.17057866,-0.06282174,0.33978218,0.18968618,1.03843,1.1506509,0.24243544,-0.5604086,-0.061325572,0.046209686,0.0015481263,-0.23731917,0.600141,0.4596671,0.5272777,-0.32432085,0.709809,0.14179043,0.30728808,0.73119426
0.18740256,0.121455684,-0.17774002,0.16739845,0.3084723,-0.20464022,-0.046762753,-0.40729815,-0.3135239,0.4782438,-0.44501406,-0.36983034,0.43636313,0.46212482,-0.14336085,-0.19514106,-0.25553077,0.16019283,-0.5367968,-0.015553586,0.008283578,0.007866122,-0.20869853,0.12642504,0.28990424,0.25086784,0.15156241,0.3238257,0.23650602,0.08849029,1.3512524
-0.094724484,0.23468971,0.4689546,-0.009806521,0.9142776,0.35816768,0.1162121,-0.084224686,-0.026754627,-0.47746542,0.036391243,-0.05175488,0.03278846,-0.9949465,-0.09942444,-0.7419463,-0.581988,0.14527623,-0.37519282,-0.010873266,-0.05186397,-0.03272582,-0.25995758,0.47581378,0.14375874,0.28608063,0.018914904,0.5387059,0.26841095,0.07260969,-0.038596924
0.6885124,-0.17836508,-0.2911193,0.09684301,0.2785269,-1.4893305,-0.091591254,-0.075027764,-0.029858546,-0.0065742056,-0.23305418,0.0011077622,0.10024935,0.13667522,0.14990862,0.7943237,0.8885609,-0.06559594,0.8645758,0.031069502,-0.028460026,0.019740023,0.12010342,-0.07447214,0.1905251,0.058607213,-0.20279397,-0.094772294,0.075263865,0.021802252,0.011377728
-0.17284968,-0.42941722,0.47159085,-0.83979285,-0.06633032,0.84805053,0.48022988,-0.4530013,-0.24922346,0.84188753,-0.6496581,-0.20384148,0.45063484,1.0327675,0.056282688,-0.07329116,0.18341333,0.10053703,0.02322905,0.027791306,-0.058192506,-0.0011285469,-0.13974595,0.299263,0.56489295,0.36105123,-0.12018232,0.1691366,0.21639898,0.21341419,-0.5184743
0.6911965,-0.2845913,-0.35471895,-0.1453768,0.46987522,-0.84853727,0.115459874,-0.25341877,0.15317677,-0.07009678,-0.23474355,0.075860314,0.36865637,0.26629743,0.21492879,-1.0150033,-0.7440002,0.114089146,1.1327775,0.021108031,-0.04164838,0.030556478,-0.040324334,0.12874725,0.362644,0.16786198,-0.31101802,0.022908866,0.2222131,0.05677684,-0.4220482
-0.27808595,0.17121527,-0.09167816,-0.18941031,0.39490715,1.3994066,0.67015415,-0.0452913,0.36803657,1.0017081,0.331174,0.36828563,0.120294295,0.3715988,0.09877064,0.6111063,0.7582747,0.08151284,1.2501065,0.061980635,-0.017935105,-0.0017165914,-0.19660632,0.30843934,0.18095812,0.31077528,-0.2251186,0.501189,0.11961165,0.07664347,0.21759033
-0.42454314,0.5125074,0.15045513,-0.3420873,0.6072993,-0.016050022,0.99631387,-0.051686842,0.14765684,-0.2666603,-0.12733054,0.27064425,-0.0362798,0.7485449,0.20400766,-1.5755165,-1.3359582,0.27036607,0.09549727,-0.015686497,0.03266719,0.022108816,-0.32593155,0.5244478,0.32487264,0.4564272,0.14465447,0.06622999,0.10993866,0.38417894,-0.6970034
-0.0021582695,-0.26627064,0.21647042,-0.13042293,-0.3510556,0.06669439,-0.17945434,-0.12509184,-0.2038496,0.21380952,-0.25051096,-0.1858659,0.2032184,-0.42803764,-0.38049942,0.78593904,0.80852836,-0.0058252215,0.5687921,0.038929828,0.03089197,0.029058553,0.035759497,0.019630795,0.035566628,-0.12493689,0.29449353,-0.045614757,0.31348285,-0.10957738,0.17887525
-0.22708955,0.13785899,0.26166368,-0.25646153,0.28050485,-0.058181413,0.42719606,0.7466577,0.24498907,0.4455735,0.7173208,0.27099532,-0.72147304,1.8144015,-0.22879505,-1.3969117,-1.2239906,0.20812464,-0.7148008,0.06139335,-0.061060183,-0.060096964,-0.20637926,0.26153868,0.055926528,0.39755017,0.12593034,-0.02548222,0.13445815,0.23382835,-0.5444062
-0.31219327,0.1603422,0.2967071,0.10382693,0.2870924,-0.2512601,0.24286926,-0.5295992,0.45036665,-0.73888844,-0.055237114,0.4370034,0.53726274,-0.72773844,0.46503377,0.17768803,0.28061092,-0.12118756,1.3055073,-0.04067827,0.054812185,0.06232947,0.027046798,0.037478738,0.0040037544,-0.21476403,-0.35385528,0.44947192,-0.29360396,-0.1323249,0.13903522
0.27788025,-0.27355742,0.86511415,-0.0649828,-0.5415674,-0.4812836,-0.0015493698,-0.18955043,-0.061162572,-0.49853444,-0.05937275,-0.12602517,0.10436419,0.17257541,0.04531902,0.30923203,0.12230439,-0.24185622,-0.217011,0.060988218,0.049801886,-0.027180463,0.25925702,-0.2723779,-0.3048331,-0.2863049,-0.20254366,-0.33712858,-0.2767348,-0.24257626,1.042598
0.06133946,-0.14816229,0.42143756,-0.108677916,0.75230414,-0.06754384,0.09370738,-0.058956366,-0.35851452,-1.5326135,-0.32060692,-0.3090581,0.09832563,-1.6014711,-0.28977323,-0.32043976,-0.02619076,-0.12862213,2.9776533,-0.011817105,0.056062974,0.055176497,0.14664441,-0.123862,0.051926818,-0.36459753,-0.16678888,-0.2011237,0.013252474,-0.16856132,-1.1683081
-0.07612683,-0.8257964,0.21226634,-1.0557786,-0.39778984,-0.2463483,0.3838299,0.20133948,0.19629766,0.7101712,0.37222713,0.27409098,-0.18953495,1.3703959,0.014853916,-0.95288724,-1.1666125,-0.07279391,0.1331401,-0.0400476,0.031563185,-0.0288973,0.13071732,-0.1090063,0.027836183,-0.07592232,-0.1758203,-0.4810057,-0.2147742,-0.12562379,-0.96058786
-0.47899142,-0.08820753,0.6148832,-0.12251847,0.16751857,-0.6842128,0.9938534,0.4508588,0.3586077,1.3367193,0.36096668,0.39268127,-0.48610955,-1.5048804,-0.1608537,-1.5955237,-1.440946,0.18793704,0.43614283,0.009528749,0.015309133,-0.04068049,-0.19118473,0.36746582,0.45029572,0.22388943,-0.44490004,0.1333408,0.013623756,0.12457053,-0.062091213
0.460211,-0.2958842,-0.85537404,-0.2646492,0.058721244,0.06743392,0.2423845,-0.100563124,-0.71759546,-1.0011266,-0.39278713,-0.69691473,0.12397447,-0.5739445,-0.5821731,0.7541504,0.7693696,-0.08116024,0.7754179,-0.038890116,-0.046800137,0.02458749,-0.025950223,0.13859814,0.2858764,0.18289427,-0.1611708,0.10945711,-0.0069531715,0.059839003,0.50620425
-0.0025951846,0.71596867,-0.026746035,0.32874358,0.38557515,0.2764062,-0.095778205,-0.53782564,0.4207776,-0.516683,-0.05582461,0.45426333,0.5045082,-0.2560974,0.48450884,0.106809855,0.34062153,0.13588743,-0.2760867,-0.05928234,0.0405792,0.025111884,-0.121440336,0.0700097,-0.18283498,0.0060290373,0.046735413,0.24705191,0.1287847,0.038838863,-1.2392234
-1.5462601,0.46664682,1.3979716,0.10836246,-0.03072461,0.7543029,0.36132282,-0.38638097,-0.24004546,-0.15776151,-0.41754395,-0.17561862,0.49996054,1.054488,0.031779792,1.183859,1.505857,0.050936893,-0.52063566,-0.041153252,-0.01226975,-0.04933594,-0.17625415,0.30607405,0.040412944,-0.15446058,0.12598747,0.54917824,0.031000363,0.12426237,-0.6489501
0.38563627,1.3539238,-0.04279466,0.9877703,0.71355665,-0.26737174,-0.27328902,-0.8976094,-0.0023441303,0.39979365,-0.39025807,0.009542475,0.9877835,-0.33637854,0.42290205,0.056608025,0.14793377,0.15287307,-0.972475,0.01746343,-0.028342627,0.024499893,-0.13409284,0.13816553,-0.23739617,0.19046295,0.22132918,0.013848997,0.7573077,0.12291247,0.98540306
-0.2510637,0.18404752,0.25681174,-0.59670305,-0.14944737,0.30246016,0.347948,-0.24292606,0.03868359,0.15636946,0.298102,0.11580547,0.27280337,0.6286197,0.18668906,-0.43633014,-0.41208622,-0.14295803,0.5903635,-0.029214814,0.026017375,-0.04407134,0.14155199,-0.2150119,-0.26723802,-0.2280104,-0.17884596,-0.34702933,-0.917103,-0.1979237,-0.18030806
-0.16459294,0.34083456,0.09755585,-0.0581582,0.56551164,-0.33565348,0.40571895,0.10900953,-0.34709165,0.40240237,-0.029120667,-0.3359251,-0.1862853,0.46146813,-0.5110737,0.15009111,0.12689984,0.1857581,0.82989645,0.0041126907,0.028523862,0.05245924,-0.18476164,0.23022448,0.22119904,0.14170294,-0.17567599,0.037895817,-0.19668566,0.22744806,-0.927947
-0.3508466,0.11795749,0.3820533,0.05290469,0.50647044,-0.19468284,0.5337621,-0.13820854,-0.1463006,0.3030227,-0.25421935,-0.17091163,0.09370797,0.43783933,-0.089821644,-0.22337513,-0.06771165,0.18629238,-0.04977289,0.028244078,0.01954513,-0.01621876,-0.17345197,0.24087647,0.09657966,-0.05413162,0.20980854,-0.12479335,0.7963229,0.07749064,0.48734236
-0.09943376,-0.20760672,-0.12701683,0.047662027,-0.041722253,0.47504523,0.8133464,-0.33181232,-0.4118976,0.33783042,-0.65792745,-0.50324875,0.46249944,0.5127497,-0.3371691,-0.03256402,0.026866294,0.21242528,1.1827455,-0.011704095,-0.049853712,0.04338839,-0.22318166,0.46251416,0.80792564,0.3765434,-0.2967129,0.221573,-0.078415565,0.08232376,0.5658307
-0.38748232,0.26412225,0.6352463,0.74512506,0.052022718,-0.57441896,0.4218428,0.10493037,0.4242106,1.1902299,0.43086177,0.4006298,-0.054874863,0.026245108,0.25447628,-0.3108776,-0.19989371,0.17774643,0.03902321,-0.061841935,-0.028674297,-0.04145184,-0.11369642,0.1453531,0.120578416,-0.13722153,0.35065025,0.10642803,0.88775164,0.19122967,0.23615624
0.00024887983,0.19450417,-0.23888078,-0.25322828,0.2723628,0.38324857,0.013853177,0.18914202,-0.30912232,-0.4904173,-0.14886057,-0.30134386,-0.12622443,-0.545787,-0.09770021,0.1875383,0.37187704,0.30500627,-0.32565054,0.016638897,-0.059216566,0.0077029094,-0.29592064,0.43052548,0.49461177,0.52136904,0.03778464,0.40074494,0.4715659,0.2714613,0.32296088
0.2022068,0.071577154,0.03804279,0.14920807,0.041562505,-0.47628233,-0.3751238,0.14805049,-0.37832996,-3.0184793,-0.18754047,-0.3357693,-0.14192738,-0.2280846,-0.47921404,0.9391927,0.850484,-0.1313977,-0.270985,0.03383252,-0.02318298,-0.04845281,0.14027235,-0.052937184,-0.17344534,-0.05339213,-0.16619231,0.22201072,-0.15396388,-0.15729822,1.3964884
-0.60762876,0.09038051,0.7678081,-0.106751926,-0.18938832,0.042756803,0.26340643,-0.41030324,-0.020953499,0.6571107,-0.08070476,-0.017023928,0.48090056,-0.51897657,-0.13269255,-0.615604,-0.42663965,0.22338589,0.39504606,0.010513395,0.01917746,0.0016204938,-0.2543244,0.2899028,0.40297773,0.21417622,0.11751086,0.27506226,0.24209684,0.17683712,0.48277146
-0.10637306,-0.45199627,-0.7257439,-0.81752527,-0.19376326,1.0079007,0.76529706,0.13411035,0.4393212,-2.0297258,0.5570202,0.38546962,-0.08406268,0.39531434,-0.024455633,1.1644778,1.2834629,0.08434851,2.0332115,-0.062296443,-0.017118014,-0.021245152,-0.20349959,0.30774125,0.5368056,0.27238047,-0.011641619,0.23168272,-0.31842133,0.09471427,-0.37307027
-0.851422,0.4006749,1.0013105,0.11446247,0.28288752,0.0236172,0.6295819,-0.4068918,-0.08065158,0.06028279,-0.122259684,-0.116128795,0.36405835,0.10015284,-0.13865656,-0.7771869,-0.6315577,0.34702203,-1.0893602,-0.04086352,-0.025997557,0.047498092,-0.39568868,0.30751064,0.23841403,0.16568242,0.1158976,0.80502284,0.45351702,0.4133064,-0.20390835
-0.25574267,-0.04638774,-0.15816319,-0.07564653,0.2709348,-0.6337024,1.2058473,-0.12584558,0.20883152,-1.3712223,-0.0081784045,0.20972198,0.20539561,0.53255814,-0.008936411,0.90839237,1.0339644,-0.100783736,1.0773537,-0.040972047,-0.019901432,0.034001857,0.12056678,-0.05144205,-0.10489865,-0.0090494305,-0.1996836,-0.2019556,-0.12215171,0.013320474,-1.4972728
0.12692578,0.21327768,-0.05664165,1.3797206,0.6423546,-0.72561276,0.20820093,-0.032934096,0.3382561,0.23449643,-0.18582933,0.31475544,0.09527035,-0.30833164,0.10916663,-0.037767597,-0.022702578,0.16687538,-0.25839433,-0.03754449,0.045456342,0.011901602,-0.18785974,0.22346643,0.384702,0.25611174,-0.06639687,0.017301314,0.3536416,0.16668747,0.5170921
-1.0187533,0.1645859,1.5690687,0.079609916,-0.09765889,-0.57774806,0.6421284,-0.21174103,-0.1904839,0.56306565,-0.20929076,-0.17622541,0.3293633,0.67442787,-0.04752778,-0.9585289,-1.0613065,0.09527768,-0.6585184,-0.04022041,0.050860763,-0.0106141195,-0.095676534,0.24252924,0.23136485,-0.15094084,-0.40161967,0.19318141,-0.5480303,0.16463456,0.38928294
0.10837516,0.26063684,0.17210943,0.27377573,0.32936966,-0.40036902,-0.0026553893,0.15494922,0.3479259,-0.15358052,-0.09943238,0.34655255,-0.13006118,0.5143711,-0.17250851,-0.93146825,-0.92820734,0.0685379,0.17027585,0.047808625,0.008493267,-0.0326949,-0.004832572,0.0810298,0.15681224,-0.004027483,-0.16907798,-0.06768977,0.015022671,-0.09682053,-0.061464135
0.10929504,-0.2521672,0.35764733,-0.23214284,0.064607054,-0.45849016,0.3770873,0.0525682,-0.085814945,-1.3037013,-0.06433887,-0.08485121,-0.008260946,1.4007593,-0.60982347,0.51859385,0.81547064,-0.0593326,0.6206635,0.054004185,0.06145625,-0.011770263,0.008366543,-0.012838867,0.14105244,-0.085167564,-0.15562023,-0.19089812,-0.1303863,-0.05349157,-0.8973215
-0.20043722,0.7032694,0.20858975,0.6268035,0.8007709,0.3580412,0.28545746,-0.045113906,-0.17206049,-1.2004225,-0.20518626,-0.0776489,0.06577767,1.0840683,0.030577572,0.006672689,0.065489106,0.6894788,0.059406333,0.041983187,0.029796422,0.030858815,-0.6976671,0.6919836,0.6201034,0.67260796,0.83782786,0.7059911,0.90732765,0.75170857,0.78701353
0.49170205,-0.09195812,-0.8554234,-0.36427084,0.12095836,0.44519165,-0.10008121,-0.079900555,0.13718346,-0.4093663,0.18919884,0.13287444,0.15121078,2.2403436,0.3438274,1.446661,1.4359021,0.06152763,0.17816582,0.0130343065,-0.051891737,-0.047060765,-0.03673298,0.13028152,0.41029796,0.33812872,0.14645584,0.08647859,0.47592255,0.09361366,-0.62196046
-0.014197809,0.043303844,0.17072581,-0.31540045,0.18879743,0.40145102,-0.035779063,-0.05898979,-0.2976974,-0.7614477,0.05708273,-0.1681966,0.14089257,-0.5236393,-0.13567299,1.0061593,1.0691324,0.19487694,0.6252003,0.017673612,0.019383758,-0.016163595,-0.14284942,0.31184912,0.0907344,0.35404277,0.30027804,0.0810032,0.23748533,0.143533,0.80338764
-0.46219313,-0.11691967,-0.29571775,0.1650563,0.3188722,0.30380163,0.16649798,-0.09074271,-0.1785192,-1.5141522,-0.051775336,-0.122782186,0.0014436964,-0.71710664,-0.09006721,1.1946895,1.5807335,-0.27030385,1.6724463,-0.05491426,0.04243446,0.037044868,0.21156105,-0.29393554,-0.30647755,-0.34772557,-0.19192375,-0.098716766,-0.09856761,-0.19783506,-1.5714589
0.103399634,0.1481008,-0.4320257,0.09589987,0.10528285,-0.27112335,0.17523499,-0.56171936,0.3778988,1.4262879,0.10843777,0.44947654,0.6500516,0.024866035,0.77815914,-0.24293971,-0.1606237,0.11129937,-0.32353354,-0.016154304,-0.0031468123,-0.042500734,-0.13301764,0.11518018,0.19568692,0.25020027,0.110516086,0.043319535,0.11608923,0.088245526,0.33413333
0.143718,0.069930516,-0.41050002,-0.42406073,0.6016903,0.2640759,1.201802,0.12824523,0.46877193,-1.6087594,0.33609802,0.55718786,-0.21627505,-0.50020254,0.26053083,0.41095677,0.4761852,0.23657438,0.27507445,0.012722835,0.02976992,0.025613531,-0.18209039,0.32603073,0.2469031,0.32332593,-0.12594327,-0.17605762,-0.020377288,0.24663916,-0.0024838462
0.08796355,0.07334144,-0.5548317,-0.21182221,0.050069146,-0.28804857,0.09181595,-0.19880553,1.0812327,-0.62984586,0.7163951,1.0437971,0.08349093,-1.3530225,0.6270104,-0.3599643,-0.2733298,0.17050649,0.47198015,0.024796076,-0.04756055,0.013570853,-0.20089917,0.26525503,0.27879864,0.17870414,-0.03074282,0.3445379,0.22076575,0.14947899,0.64759946
0.06591912,0.066304505,-0.023538781,-0.08066025,0.15842533,-0.016217759,0.70733845,-0.28316692,0.36089998,-1.195448,0.16094911,0.44187087,0.2840333,0.109426774,0.1942203,-0.5304161,-0.37975612,0.084164925,0.38035986,-0.00018063188,0.013667151,0.040826373,-0.063596345,0.13702174,0.154892,0.01586854,0.032450538,-0.030179972,0.07022125,0.12286949,0.25696608
-0.24626051,-0.08486983,0.5804166,-0.07803536,-0.16454339,-0.5844271,0.5268095,-0.45141023,0.16706443,0.60855454,-0.48604494,0.15633494,0.52353305,0.3740145,0.5158011,-2.1291943,-1.9515512,0.2635084,0.059896804,-0.05130905,0.05442263,0.010588385,-0.20463803,0.36207932,0.47930232,0.30517447,-0.059223857,0.03785652,0.15470637,0.34099308,-0.43058017
0.16280062,-0.14873476,-0.27280864,0.15561378,0.5698672,-1.0210586,0.73102075,-0.83089244,0.18608592,-0.07420381,-0.36755887,0.30849656,0.7609685,0.07546078,0.5495143,-0.90455663,-0.46606857,0.02691956,1.0660802,-0.020912938,0.053153448,-0.03975656,0.06548964,0.09506497,0.18299389,0.14061432,-0.6502797,0.23333947,-0.13357791,-0.031985547,-0.51057017
0.5449434,0.110652804,-0.024063857,1.0604199,0.8913971,-0.027178692,-0.14575985,-0.4162869,-0.32734475,0.4598467,-0.5729082,-0.26491258,0.6009858,0.13252588,-0.25533074,0.008985425,0.0051861317,-0.10578766,-0.25351462,-0.049319386,-0.009023577,0.010378286,0.09990698,-0.3248396,-0.23205101,-0.46961346,-0.25008473,-0.48367086,0.3303072,-0.016463025,0.5417767
-0.53176963,0.30115008,1.0268459,0.13120952,0.14622036,0.38923404,0.10002314,0.41428548,-0.28213638,0.34892005,0.10882624,-0.21834075,-0.3059793,0.6639239,-0.6174721,0.5115437,0.6292378,0.36967096,-0.583023,0.035906717,-0.043958694,0.027047008,-0.37444085,0.43355277,0.2751257,0.3076455,0.22884732,0.55044687,0.16125293,0.2985771,0.31578952
0.85678923,-0.037600208,0.75439036,0.62762827,0.09246663,-1.2898637,-0.7392802,-0.20052135,0.26997623,-0.23956212,0.26043385,0.34178674,0.1880463,-0.86393905,-0.0713227,-2.2657797,-2.289768,-0.061408695,-1.0776885,-0.04333274,-0.058357388,0.0033039302,0.15658581,-0.04953168,-0.009440459,0.07589902,-0.16312034,-0.33832574,0.15247793,-0.093480095,-0.54142493
-0.21158542,0.62753785,0.3637509,0.65704894,0.24980505,0.05922974,0.029485201,0.4976829,0.49957746,0.29716945,0.61172485,0.4495519,-0.4473143,-1.6227094,-0.19182597,-0.5642099,-0.34146932,0.21114483,-0.21912976,0.04581654,0.029870562,-0.0042725652,-0.2718091,0.32049423,-0.22087178,0.11715962,0.18211515,0.41903213,0.550098,-0.013314033,0.16494904
-0.18591033,0.20269822,0.039810564,-0.08153353,0.32109886,-0.48242462,0.40523288,0.1906799,0.05175885,-0.4305061,-0.023334673,-0.020964246,-0.057555184,0.5836754,-0.17325264,-0.5956063,-0.38802814,0.2802101,0.35234863,0.054937117,-0.005612761,0.059323646,-0.26394358,0.59019524,0.3731767,0.36488014,-0.17631033,0.527053,0.3196468,0.07680039,0.054215617
0.61018056,0.050911553,-0.33167493,-0.4064339,0.44489583,0.08119808,0.18923628,0.44571877,-0.12556405,-0.53808784,0.0876633,-0.08265471,-0.37373003,0.9994401,-0.5590997,0.79847246,0.8503925,0.11142591,1.8719026,-0.05588059,-0.007576041,0.060836397,-0.117491804,0.29254532,0.4728197,0.2516697,-0.2673522,0.10255545,-0.27092624,0.11936697,-1.2772647
0.06560926,0.019128252,-0.42288432,-0.5688269,0.6739974,0.84176654,0.8692683,0.5551711,0.19832817,-0.7074738,0.54084814,0.2765956,-0.5817249,0.54072237,-0.10201775,-0.71586555,-0.65466386,0.17510322,-0.025049843,0.05256857,-0.021839142,-0.03460373,-0.23011638,0.42358798,0.34745085,0.5621321,-0.14348821,0.28871807,0.3360662,0.13562846,-0.09487561
0.054408103,-0.07764992,0.12061249,0.06787097,0.45112434,-0.0954344,0.48949167,-0.09560056,0.6234968,-0.46559295,0.23339804,0.6287185,0.17804414,-0.014412841,0.37661457,-0.36703795,-0.28948823,0.2457027,1.2794882,-0.01922749,0.032227926,-0.01108025,-0.28790987,0.31466556,0.44635987,0.2093893,0.012742068,0.08911045,0.0062318626,0.30981776,-0.009936984
0.049031947,-0.13652717,0.4181079,-0.5268957,0.27177903,0.55787975,0.3295434,0.07569505,0.16627215,-2.106696,0.21753,0.24524853,-0.03936578,0.8763326,0.012905119,1.4999095,1.6128491,0.23613848,1.3685207,0.0088531,0.044573627,-0.020197622,-0.2609266,0.5201623,0.45311296,0.4178659,0.17379622,0.53880787,0.5767041,0.40646568,0.31664938
-0.2546773,-0.06276933,-0.084571004,0.037798107,0.30906892,0.079484254,0.48294845,-0.37697938,0.3913138,0.694499,0.101527244,0.36137903,0.3411331,-1.504585,0.57638586,-1.1752515,-1.0399854,0.14985622,0.47028583,0.044750378,0.0379038,0.031374,-0.10231858,0.43290573,0.37505335,0.49611068,-0.6043634,0.49948546,0.46185943,0.0016543106,0.5382038
-0.103230804,0.20872587,-0.042891122,-0.0856024,0.3069447,-0.10948881,0.12060842,-0.17349233,-0.0057367305,3.0052984,0.015688127,0.054528672,0.126776,0.11460296,-0.7637952,-0.5616878,-0.48899508,0.24881852,1.0713192,0.0033942387,-0.010231033,-0.013626434,-0.21631898,0.14125103,0.049263116,0.18667634,0.7917317,0.3461292,0.6065038,0.21508643,0.10282788
-0.04314827,-0.108605444,-0.22795518,-0.047736153,0.23563105,-0.011804806,0.8891811,0.3415534,0.19732885,-0.58476025,0.35420743,0.18109114,-0.2907173,1.5965563,-0.3682729,0.556634,0.6302411,0.17139117,1.4197086,-0.0544933,-0.057673663,-0.014271103,-0.31241798,0.36750656,0.26219782,0.25747296,0.36564946,0.62555397,0.743605,-0.021566952,0.19952366
-0.5060565,0.029367797,0.1640548,-0.082247525,0.095408596,0.9591916,0.7896477,-0.13651997,0.55791664,-1.2236046,0.53537303,0.6420026,0.19846588,0.5573016,0.37131748,0.49224752,0.7374518,0.15864204,0.94757926,-0.02683863,-0.049076647,-0.05416885,-0.2349478,0.42041385,0.5466757,0.2864911,-0.24323218,0.98882645,0.15948881,0.21074781,0.33429968
-0.3449529,-0.10768988,-0.45446268,-0.64518726,0.20268354,0.29371467,0.87477255,-0.031149384,0.2565368,-0.8811616,0.21112402,0.35408163,0.023204517,0.017950969,0.0072505604,0.29963094,0.28903493,-0.14081609,0.403556,0.00780835,-0.002850391,-0.033226736,0.15732627,-0.042378366,-0.17944321,0.026980797,-0.39324173,-0.23744623,-0.30539075,-0.13083227,-0.7663731
-0.3498017,-0.04281006,0.28860602,-0.37480673,-0.14296432,0.28323737,0.045983683,-0.8548368,0.17927355,-0.5496216,-0.14721808,0.119668834,0.94336694,0.7244916,0.469133,-0.8019495,-0.6549615,-0.07327005,0.10401778,0.030003622,-0.049552947,-0.026058465,-0.016736705,-0.098178305,-0.29347625,-0.35681447,0.48655567,-0.045220077,0.44946298,-0.11416287,-0.43770537
0.09699982,-0.32317448,0.3089897,-0.64317423,-0.46114275,0.7347175,-0.16607492,-0.4663078,-0.024203274,0.29517105,-0.33156502,0.0052165724,0.6588632,0.5231759,0.14852218,0.5202051,0.6391787,0.10089731,1.778787,0.047814444,0.053093873,-0.0037432164,-0.15172479,0.494816,0.52770257,0.46313772,-0.12739173,0.44378296,0.37749282,0.22971617,0.014436617
0.10169845,0.2418564,-0.6430831,0.06789435,0.3915714,-0.4436947,0.114847995,0.045554962,0.4687744,-0.8397894,0.32090026,0.5105978,-0.028808413,-0.28040963,0.114858985,-0.06641765,-0.08723777,-0.013669875,-0.8679573,-0.04140766,0.004581757,0.020200282,0.08679901,-0.12375634,-0.38229778,-0.15357278,0.2699101,-0.33574137,-0.16493712,-0.11598109,0.33757833
-1.8387078,0.6491073,1.2530288,-0.1392325,-0.07144279,0.92743295,0.8043745,-0.63173735,0.39450076,0.43252125,-0.13063808,0.45353386,0.6987117,0.2468227,0.5096295,-0.41151306,-0.12051505,0.2377501,0.26289058,0.058115974,0.011285804,0.034340285,-0.27025482,0.2476045,0.12914084,-0.11066985,-0.052209377,0.11490075,0.019353712,0.16183648,0.17088212
-0.34123772,0.66688377,0.45672083,0.67791384,0.94009763,0.15520072,0.27824044,0.19390938,0.2956447,0.00398938,0.20815596,0.37093374,-0.14665176,0.19975327,0.024098273,0.33013836,0.41687086,0.49834144,0.12382764,0.02728276,-0.05446516,0.037985057,-0.5560622,0.4452378,0.49171683,0.32924166,0.23831384,0.6253547,0.71184516,0.47849363,0.5652113
-0.07894281,-0.36759433,-0.28596345,-0.47123808,-0.08480748,0.6093644,0.2626653,-0.76207525,0.21893254,1.2849095,-0.02634188,0.18496917,0.78382754,0.45365173,0.5971031,0.24638325,0.45386606,-0.104275465,0.6578439,-0.06062951,-0.047113597,-0.03212416,0.10138029,-0.22667184,-0.020952811,-0.07285401,0.13257828,-0.059338197,0.37598804,-0.13463187,-0.95221686
0.1120415,-0.08056426,-0.11511757,-0.22809535,-0.42032474,-0.24027975,-0.10490287,0.029079292,0.11592933,-0.048952702,0.17878252,0.014951477,0.018303767,1.399973,-0.1018306,-1.2644498,-1.1661223,0.34753817,-1.0993145,0.013274856,0.054784283,0.021410123,-0.26907417,0.1783967,0.14083369,0.42664593,0.9139407,0.07391619,0.8321293,0.22685106,-0.2873444
-0.4601317,0.3157919,0.94702905,-0.26573592,-0.310272,0.79668504,-0.25342467,-0.35499132,-0.48088762,0.00416088,-0.47431886,-0.42021644,0.40245533,0.40030342,-0.09698105,-0.31085858,-0.06545747,0.17604584,0.27573198,0.04802318,-0.024302125,0.006371692,-0.20326799,0.32187393,-0.2200177,0.12452778,0.30372745,0.55954933,0.4477702,-0.13377619,0.1250798
0.115030244,0.64990646,-0.07319596,0.4439727,0.21690927,0.06272823,-0.17537059,-0.39999986,-0.085499965,0.5297098,-0.134799,-0.0809727,0.44476086,0.46977168,-0.43089837,0.33001485,0.48418787,0.18136197,-0.1964171,-0.04481352,0.04524204,0.026729457,-0.21427837,0.20222437,0.054253303,-0.07713451,0.23020773,0.5380656,0.5345216,0.057955038,0.81092334
