0.30258945,0.5458685,-0.40503642,0.30281347,-0.50488144,-0.021594895,0.8696612,0.14525425,0.09046223,-1.029079,0.4303923,0.059395317,-0.25559768,-2.1586215,-0.026164882,-4.084599,1.3603417,0.21693644,-0.4079706,0.031973585,-0.05026771,0.01507844,-0.19972649,0.27024576,0.075857475,0.473115,0.095152825,0.12431106,-0.31296706,0.12788564,0.25764298
0.44521153,0.3046965,-0.66515476,0.071189985,0.103263676,0.565556,-0.2355246,0.17629118,0.015188451,-3.7718487,0.10495615,0.17749225,-0.16400756,-0.4518448,-0.03018174,0.57634413,-7.1608186,0.072517455,-1.4148047,0.011557065,0.044489138,0.035683706,-0.043645795,0.06323725,-0.062268987,-0.34902737,0.014791324,0.6269668,0.7332105,-0.15560307,-0.6095886
-0.8837789,-0.103459105,1.4471166,0.42370605,-0.2878364,1.0085636,0.9484083,0.5520541,-0.38974035,-0.03193753,-0.1897454,-0.4589061,-0.56178397,0.24460112,-0.73804194,0.28757057,-3.0118754,0.06460428,-1.1169058,-0.03865046,0.047899567,-0.044356354,-0.051073395,-0.07503184,0.101022966,-0.1396811,-0.1446256,0.70388216,-0.38909152,0.0039889026,-0.17357478
0.6445154,0.20626436,-0.7169966,-0.53562725,-0.19834267,-1.3213108,0.95561653,0.22891244,-0.02489585,-1.2872845,0.007518083,-0.056396715,-0.20630538,-1.4064089,-0.21092536,0.44060138,0.86527944,-0.29393137,-3.7952123,0.020478487,0.01826413,0.022023857,-0.029711941,-0.09679626,-0.31471914,0.15178475,0.8148834,0.02327733,0.996178,0.27770126,0.20370646
0.50165737,0.54342216,-0.042484485,0.7350475,0.15581836,0.33600816,-0.1133133,0.3267062,0.15664345,1.0501664,0.18552954,0.079476126,-0.32980385,-0.58701134,0.26272497,-0.882562,0.9637241,0.44642234,2.2626193,-0.020656139,0.0601089,0.015773162,-0.10276848,0.25673634,0.39385524,0.18042225,0.5668477,-0.20001246,-0.10525562,0.36719057,-0.063153364
-0.3949878,-0.14643407,0.08974633,-0.28466296,-0.4453233,0.7774597,-0.376075,0.17092884,0.17595972,-2.5348618,0.10507401,0.046624582,-0.033661626,1.1969709,-0.19850561,-0.32311,2.3365424,0.19723058,-0.10104291,0.029211573,0.04206255,-0.016184166,-0.28710154,-0.049976304,0.4229736,0.37771738,0.054857146,-0.07900944,0.7941216,0.68295276,0.63417566
0.6757768,0.8120455,-0.44183123,1.6808867,0.96985906,-0.7439405,-1.5928785,-0.23563775,-0.14576417,-0.14865342,-0.043803114,-0.06984684,0.29620835,0.7612925,0.18114579,-1.0824721,-2.4921978,0.085990734,-1.082447,0.044448577,-0.059051976,-0.039504625,-0.027532905,0.2965299,-0.4886764,0.19861779,-0.13831146,0.17862721,0.73259854,0.020941123,-0.031175014
-0.116503075,0.16858225,0.42125612,-0.044594985,-0.39164454,0.0012123187,-0.15664902,0.051421456,-0.3163022,0.854398,-0.6227104,-0.37530863,-0.16426495,1.7528214,-0.56727946,-0.90440154,1.8459893,0.22275838,0.1250396,0.057950243,0.039057434,0.0073586255,-0.14270273,0.2272786,-0.017380156,0.20219103,0.28222194,0.33570257,0.63534796,-0.05334034,0.43041614
0.19089656,0.17034903,-0.5257115,0.52421254,-0.6895976,-0.68719655,-0.11347532,1.099131,0.49008808,0.28373793,1.0237764,0.3064182,-1.1272471,-1.5392469,-0.4195625,-0.95042497,0.2885702,-0.01798208,0.6396466,0.033978187,0.06021548,0.036497198,0.044305965,-0.17099358,-0.054088093,-0.17138915,-0.28365758,0.24653617,0.11492245,-0.110617585,-0.058604162
0.3499778,0.14851756,-0.18118875,1.1656629,0.21002623,-0.73197424,0.2729313,0.027811432,0.27226612,-1.2907907,-0.07165144,0.3124052,-0.14055367,0.5297496,0.048329853,-1.2703588,1.8738601,0.22178197,1.5446168,-0.044424504,0.052279286,0.04612699,-0.19398654,0.025993446,0.44636628,0.0074100415,0.2635742,0.02884017,-0.36527246,0.12338181,0.26283434
0.22877045,0.009647082,-0.4664449,-0.8600281,-1.2914839,-0.058238793,0.3874343,-0.063274495,0.3852905,1.5124629,0.12851784,0.3050002,0.09360042,0.7321812,0.10407959,2.214072,0.86842984,-0.09014022,-1.2199398,0.050360702,-0.027127594,-0.0024812073,0.075220086,-0.05967367,-0.2709649,-0.009143408,-0.2429528,0.31858543,-0.16291721,-0.13578765,0.70687574
-0.45558086,0.04376588,0.44217807,0.031421054,-0.7345869,0.3668486,1.040922,0.20448346,0.3803802,-2.6909382,0.48500064,0.46850234,-0.30791676,0.9846668,0.20491359,-1.045671,-2.2753875,0.34628773,-0.123608775,-0.009540372,-0.0069525614,-0.027315415,-0.20858009,0.5066416,0.1730678,0.15712899,0.12671731,0.37387568,0.16391927,0.11698411,0.7989839
0.12169962,0.26336718,-0.2412243,0.73882985,0.13611802,-0.42359477,-0.2293581,-0.7703822,0.4194841,1.4307196,-0.21694824,0.37835518,0.71737534,-0.15547551,0.71051836,0.34673038,-0.4117445,-0.08899496,-1.0790092,0.020806976,0.0005021915,0.060867727,0.089818075,0.079316735,0.0006611629,0.29936424,0.28597307,-0.31315628,-0.019318817,-0.14732215,-0.09015475
-0.8606568,-0.4732408,0.53034455,-0.6739307,-0.27937508,0.97052413,0.7663539,-0.176879,0.10280878,-1.3494567,-0.08586927,0.109568715,0.1250864,0.55897146,0.03873791,0.18367028,-1.1638478,0.17389615,-0.095133364,-0.043435365,-0.007718034,0.0062641576,-0.13338237,0.066902556,0.35019255,-0.17713922,0.13040993,0.38366568,0.23415142,0.16124883,-0.116965085
0.5751779,-0.8005445,-0.2126367,-0.35364246,-0.690441,-0.5602305,0.0578192,0.72907954,-1.1572301,-0.6588635,-0.19394958,-1.1761816,-0.78757066,0.9662083,-1.3932283,0.56159645,0.23800951,-0.08191362,-0.5146288,0.052378356,0.04305505,0.0098856315,0.048941236,-0.15869808,0.32245958,-0.07041987,-0.004725319,-0.07022691,-0.026181078,-0.079680875,-0.05174834
0.5006869,0.489431,-0.6099314,2.0095022,0.56043035,-0.3315138,-0.6700244,0.015083309,0.04128657,-0.8141763,0.008628267,-0.047782354,0.019747097,1.1563388,0.20753954,0.28971627,-0.020270122,0.1638605,0.86956525,0.01927486,-0.0043986216,-0.019465014,-0.09695406,0.04596501,0.6326861,-0.09244205,-0.16923489,-0.25899658,0.5451194,0.23328525,-0.65659106
0.78439105,-0.1280222,-0.22034603,0.8774594,-0.81184846,-0.43085104,-0.35207853,-0.16719232,0.054817233,0.74545115,-0.15687923,-0.05808965,0.1630793,-1.9526786,0.41102272,-0.67450094,3.0097523,0.09547789,1.0673035,-0.050360233,-0.03023079,-0.033871636,0.009043225,-0.1326622,0.43011573,0.20991002,0.18291725,0.32382202,-0.34296927,0.24547796,0.39006972
0.6674712,-0.40179276,-1.4740841,-0.34203753,-0.29568344,0.25205103,-1.0494365,-0.1932743,-0.49333918,-0.7556298,-0.15989316,-0.37620842,0.1430867,1.5621307,-0.3195275,0.42240766,0.78365254,0.024821064,0.18843938,0.020953722,0.03364996,0.018054694,-0.029050115,-0.08155949,0.46806926,-0.003026232,-0.34168777,0.107685216,0.83502984,0.2875586,0.5351432
-0.2282407,-0.043087676,0.9505758,0.1943884,-0.5195071,0.51395273,0.86709374,1.179966,0.41632426,-0.9971593,0.90780216,0.36509246,-1.269789,0.33551028,-0.30463737,-0.502075,-1.4304924,-0.111496314,2.0108027,0.026295245,-0.050408915,-0.0013025999,0.17591077,-0.20315917,-0.0039392877,-0.12376141,-0.06223719,-0.65852994,0.049377505,-0.105300225,-0.7360932
-0.40971163,0.6569681,0.48898232,2.0059454,-1.1290152,-0.9287621,-0.03345705,0.362992,1.3213018,0.22425328,1.2138748,1.2425088,-0.35438794,-1.9659723,0.65929675,-2.183731,-1.0955701,0.120406315,1.8766421,-0.005146906,0.04426475,-0.04877297,0.0619218,-0.17603423,-0.10788713,-0.34831434,0.1107755,0.0108998595,0.015816694,-0.4032184,0.024480702
-0.12328078,0.22383943,0.7372228,1.4046516,0.25518593,-0.48170984,-0.48183754,-0.020305349,0.79531485,-1.3907512,0.64384574,0.85552126,-0.26451278,-1.9197105,0.6359003,1.5291016,-0.99806005,0.11595216,0.60688335,-0.02227714,0.040610515,0.045563646,0.0092458455,0.122178644,0.060539585,-0.31519637,0.0237513,-0.0683023,-0.27789247,-0.19799866,-0.38242757
0.11234898,-0.9504717,0.35370976,0.0044166003,0.67096496,-0.36836332,0.76723915,-0.21090078,-0.051779635,0.5381888,-0.097662196,0.035138838,0.36176243,0.5317872,0.28803146,-0.5562692,-0.34832448,-0.01780077,-1.5203007,0.0068785846,0.003918223,0.04909222,-0.01959775,0.16890785,0.29093248,0.3697562,0.030975783,-0.4884158,-0.6934794,-0.3098432,0.361383
-0.3979986,0.8574945,-0.2783688,-0.48912984,0.26202825,0.29942548,0.57756805,0.049818914,-0.79734606,-1.0003765,-0.410906,-0.81074464,-0.009357605,-0.05761387,-0.5003291,1.099612,2.3251934,0.28366786,0.8984932,-0.047436573,-0.056954533,0.056471586,-0.21831623,0.012493579,-0.14611115,0.01880484,0.5062817,0.7714671,-0.02265273,0.23006423,-1.107134
0.7208107,-0.38966757,0.07297936,0.4176003,0.28884688,-0.018157177,0.13340108,0.30976272,0.42968106,-0.14131407,0.573851,0.37365443,-0.26040092,-2.9230556,0.23247388,0.57887596,0.95445436,-0.0066192416,-1.3583666,0.03804575,0.01164268,-0.007380724,-0.014437632,0.027518352,0.21550943,-0.05086693,-0.20740576,0.47646838,-0.11801973,0.036509655,0.09217627
1.0797193,-0.30170807,-0.864907,0.47675642,0.4132678,-0.9317439,-0.26069292,0.040580615,-0.47114336,0.9807388,-0.25252596,-0.52442783,-0.039673302,-1.2315379,-0.4028075,1.9698076,-0.98261416,-0.2602374,0.410295,0.061275944,-0.012908168,-0.025893167,0.22834636,-0.2943177,-0.21307202,-0.332206,-0.29299757,-0.29904428,0.34676313,-0.3191078,-0.68894
-0.95262504,0.70444137,1.2048128,1.4573252,-0.5173452,-0.30719066,-0.23035769,0.45787814,-0.81619185,0.14638102,-0.047085784,-0.7213437,-0.36628512,1.2191782,-0.30056316,-0.5593827,-0.11120308,0.2598929,2.2939856,-0.04306951,0.036169372,-0.009837426,-0.082484245,0.163295,-0.34972095,0.034816463,0.31333223,-0.009642369,0.4940219,0.267646,-1.1945188
0.7454272,-0.05432596,-0.77440727,0.6009836,-0.07140994,-0.6437059,-0.17844255,-0.95499325,-0.98347384,0.06406032,-1.4704264,-0.99930763,1.048296,0.082902215,0.035256978,0.36784604,1.2110779,-0.023223743,1.6873796,-0.023307301,-0.007790506,-0.049739555,-0.024793888,0.03219733,-0.033530787,0.18581414,-0.30730426,0.1093409,0.31097373,-0.26078594,-0.753587
0.78909874,0.40749016,-1.6900122,0.9305062,0.9987256,-0.61021006,-0.3607565,-0.39550728,0.20105703,-0.52600974,0.080601655,0.20075147,0.34664947,-2.107492,0.5835079,0.03743404,-1.1382391,0.13493627,-0.59282,-0.047342017,0.036874115,0.023863971,-0.129431,0.17876033,0.35093993,0.27192685,-0.15014623,0.060970653,1.0187346,0.09934473,-0.19435504
0.012248658,-0.55451417,-0.19953209,-0.49422538,1.333561,0.9965046,0.01538932,-0.40750074,1.0324633,-1.3080653,0.46970585,0.9922181,0.2745471,-0.7949985,0.515324,-0.9526989,1.1242268,-0.18219718,-0.7209949,-0.05813647,-0.05855684,0.01711601,0.10351815,-0.088630915,-0.055224344,-0.23064385,0.03940465,0.024871772,0.16255644,-0.07363104,-0.27666348
0.6839254,-0.36421278,-0.8908138,-0.77173257,-1.0923951,0.5051877,-0.697847,0.95649695,0.044864953,0.25064918,0.38122517,0.111508116,-0.814922,2.6669302,-0.4048389,-0.26018542,1.7719784,0.29875064,-0.26406023,-0.044512987,0.013252914,-0.0025571734,-0.15387152,-0.06672187,0.35394862,0.33014917,0.19864896,-0.16817738,0.50374115,0.070132814,-0.1586888
0.5966497,-0.04633047,0.34660888,-0.12377302,-0.5318326,0.18717325,-0.04871677,0.3239504,0.34058267,2.3623798,0.39436275,0.15530282,-0.41462907,-0.1464621,0.31261498,1.5005468,0.48170194,0.44925234,4.913518,-0.031781085,0.049988255,-0.034372367,-0.14439017,0.06595119,0.095172144,0.12251751,-0.1877571,-0.45447686,0.8224498,0.17688498,0.18123585
-0.29527786,-0.08830978,0.4134241,0.15425988,-0.8607264,0.04286204,0.42977783,-0.27703124,-1.2613941,0.2563004,-0.8820484,-1.3056937,0.20782998,-1.9615101,-1.0787486,2.409726,-3.0357523,0.13722622,0.49711075,0.006297514,0.005917847,-0.051485747,0.0055706664,0.09629872,0.20675656,-0.120002806,-0.2005498,0.3811326,0.13226786,-0.51984096,-0.19265851
-0.5065279,0.18618615,0.20871632,-0.18200147,0.06917256,1.1368148,-0.71854484,-0.80246836,0.08231974,-1.1454083,-0.47341797,0.21091907,0.7132392,0.655657,0.5072856,0.28900406,-0.13633099,-0.03131125,0.9621583,0.024577692,-0.02294293,-0.040072955,0.033617154,-0.08774819,-0.04180009,-0.44115517,0.026257502,0.5471718,-0.09093447,-0.22542624,-0.75844204
0.4854635,-0.11722176,-0.7995171,-0.69991374,0.1976193,0.6323467,0.19022736,0.16444741,0.18027855,-2.0640771,0.4138104,0.14991981,-0.1774178,0.0958575,-0.040966235,1.66366,-0.89790636,-0.09776211,0.208861,-0.011712544,-0.03591696,-0.01267539,0.08891891,-0.2584886,-0.17586483,0.1022284,-0.070551604,-0.20896724,0.08357505,-0.2398568,-0.708174
0.49068883,0.044727065,-0.3973682,0.12952058,-0.02072878,-0.00015402057,-0.49692285,0.90358275,0.2947893,-1.9910913,0.8226202,0.43048167,-0.6264003,0.4026782,-0.09223762,0.79605997,-1.1214532,-0.09979065,-0.43804574,-0.02064158,-0.061335653,0.038082533,-0.0868377,0.16481139,-0.07445203,0.20945394,-0.1762728,-0.044850722,0.66010594,0.121658385,0.69269454
-0.04289142,-0.1658448,0.02739659,0.087820165,0.31394544,-0.24480529,0.65938365,0.40280226,0.19578293,-1.6177657,0.44858474,0.33107603,-0.39441165,-0.56473136,-0.3559157,3.0661347,0.09006844,-0.006936049,-3.216563,0.04018271,0.017717808,0.054142453,-0.11694871,-0.089509174,0.029127894,-0.04607409,0.06470996,0.26358634,-0.6124984,0.20599763,-0.42172024
0.114117734,-0.047948174,0.38655108,-0.28315514,-0.33058268,-0.6337361,0.95921206,-0.122766614,-0.06920072,0.58903104,-0.3137914,-0.058313146,0.15546703,0.38352695,0.32822254,1.135425,0.8900606,-0.003913526,-0.74784476,0.04153274,0.03634824,-0.015944235,-0.047476146,0.0047469176,0.28530505,0.27649614,0.2750299,-0.06425713,-0.3145232,-0.15651706,0.13802812
0.10838344,-0.73295146,0.34151375,-0.21310955,0.43617845,-0.004853369,-0.57172453,0.022599053,-0.21421523,-1.0541016,-0.27125952,-0.17325807,-0.09671232,-0.46025985,0.050575927,0.7533107,-0.58921736,-0.69417024,0.28663847,-0.055314735,0.023201168,0.033341236,0.49854603,-0.67040795,-0.3954389,-0.6418906,-0.55876744,-0.8174787,-0.06908413,-0.35715535,-0.43688357
-0.37430218,-0.10994434,0.16996169,-0.026978059,0.3934923,0.47221726,0.23948862,0.11693862,0.95629054,2.4802852,0.52861077,1.0253744,-0.04778239,-0.5944403,0.7125144,0.59896284,-0.529338,-0.049929444,0.17557676,0.019629486,0.015423015,-0.06203594,-0.040572878,0.14773905,0.27612793,0.25828856,-0.059474852,0.3336321,-0.27798024,0.10444409,-0.38006368
0.1572709,-0.047609467,0.77148986,1.396852,0.16454946,0.6220475,-0.07990821,-0.07485437,0.20041399,0.5054541,0.23315586,0.1607162,-0.2134039,-1.3230022,-0.18866375,1.0833458,-1.2697701,0.39087766,2.2216809,0.037339203,0.024964854,-0.045649976,-0.2467642,0.25908285,0.4745986,0.02559691,0.23192266,-0.11807007,-0.06006985,-0.25460574,0.5138839
-0.092372954,0.08672445,0.9163534,0.035495557,0.28327757,-0.29370382,0.35106003,0.6147842,-0.42794007,-2.1617627,0.40694338,-0.34054014,-0.5666877,0.53261876,-0.7585024,0.010068178,1.2865787,-0.1432723,-0.35008636,0.049950965,0.010539427,0.046276882,0.028440746,-0.14330353,-0.0929145,-0.010738461,-0.42908818,-0.5157352,0.20935462,-0.120482996,-0.41911057
-0.50453687,0.617675,0.26193294,0.75197136,-0.5679288,-0.17612727,0.45153353,-0.14779787,-0.03473609,0.40184543,0.11960224,-0.2407492,-0.20256619,-0.4259279,-0.011883496,-1.4348277,0.36329904,0.4920222,1.774677,0.062436074,-0.05066792,0.041596815,-0.18219079,0.3773145,-0.19546227,0.03901868,0.21053617,-0.40798596,-0.22575663,0.7224247,-0.88087153
0.3387617,-0.16534038,-1.1872091,0.008333316,-0.28630635,0.4552974,-0.3685164,0.32108793,0.1974776,0.007329383,0.5763583,0.09342417,-0.26603267,0.91801107,-0.16641845,2.6824665,-0.8557217,-0.043546367,-0.616586,-0.06174036,-0.02597107,0.04854057,0.0150237605,0.012748791,-0.26741666,0.08649675,-0.37522388,0.6660924,-0.17013344,-0.5051739,-0.40823925
-0.15851755,0.066250525,0.19003445,0.030188615,-0.8533168,-0.5431038,0.03679625,-0.21575606,-0.5042283,1.3230083,-0.74262726,-0.60999656,0.13720989,-1.3164866,-0.24563454,0.14261542,-2.380673,0.16150704,-1.594142,-0.051205568,-0.0170319,-0.011498071,-0.11503227,0.08999475,0.44251356,0.2168914,0.19942333,-0.330127,0.0343809,0.0828543,0.045684066
-0.3143562,0.70120275,0.47929114,0.47348934,-0.14203547,-0.9984473,0.95061135,0.043043982,0.46414602,-1.0104538,0.31789315,0.48103714,-0.17651772,-1.9070383,0.26077172,-1.0129578,0.58675504,0.33240426,0.1584275,-0.00061456114,-0.0068858266,-0.012845442,-0.021943456,0.21012774,-0.6863365,-0.35212725,0.013012107,-0.25261566,-0.4084017,0.07814415,0.4311374
-0.314171,0.8942739,0.4668415,-0.025383543,0.28423515,0.11001443,0.8290133,0.73203224,-0.21667576,-1.747242,0.599962,-0.16016263,-0.94486636,-0.09226086,-0.50711787,-0.51560354,1.3993433,0.08567468,-0.33164245,0.0055818036,-0.0070982426,0.013052478,-0.18250808,0.028200207,-0.4263856,0.10040268,0.13826226,0.4461672,-0.04328031,0.50732327,0.019151347
1.0161724,-0.011348756,-1.964679,0.553453,-0.6333441,-0.3572716,0.30410883,-0.2986546,0.29504648,0.5056014,-0.030898128,0.33936664,0.33498192,-0.595045,0.38967592,0.40818703,-0.804507,0.07430711,-0.16513552,0.044283226,0.03791924,0.03362812,-0.12874259,0.03497272,0.25022212,0.5821979,-0.05028314,-0.055218544,0.56777495,0.3103145,0.12569502
0.060579486,0.55378723,0.20622496,2.0772355,-0.13453175,-1.5230861,-1.190914,-0.36898062,0.37338263,-0.7560643,0.2803741,0.47522593,0.2715543,-0.9860009,0.64387923,0.5917617,-1.9411668,0.02672405,0.7315612,-0.053357974,-0.005143471,-0.016371854,-0.034126025,0.07400065,0.320175,0.16246796,0.05603091,-0.17000486,0.01356221,0.02593696,0.23948504
0.4650022,-0.14409152,-0.4606629,-0.7547258,0.75004345,1.2358044,-0.34696516,0.16242239,0.2342266,1.0945863,0.13588029,0.16469844,-0.06777677,0.4752118,-0.06954833,5.257023,-2.059566,0.18567377,-0.60754055,0.03391201,0.00019776076,-0.029895365,-0.23827545,0.10778789,0.20838487,0.1501332,0.02889472,1.0449916,0.33245826,0.14943634,0.33575934
1.0710771,0.42124176,-1.1831295,-0.3187032,0.39225507,0.37789124,-1.0410372,0.33533242,-0.35044718,-0.3445914,-0.018640412,-0.34091216,-0.38184893,0.21723722,-0.6736546,0.7510536,0.41732347,0.07593392,-0.055952497,-0.048007317,0.0021179095,-0.04819385,-0.03217608,0.026006935,0.27662224,0.06894342,0.2688117,-0.36394072,0.95848006,-0.0034234046,0.52097744
-0.11173083,-0.7706862,-0.679582,-1.8774046,-1.0535128,0.15194784,0.29899913,-0.08573685,0.22915623,-0.92951435,-0.01875232,0.23148952,0.14621122,-0.9391617,0.18113089,0.9900419,1.6760373,-0.17333809,-1.2122208,-0.0030698702,0.04614812,0.034750193,0.095469154,-0.033985794,-0.48837128,0.27201343,0.22780968,0.5077648,-0.18409696,-0.032511357,0.52576447
-0.8832768,-0.21624546,0.10648705,-0.7887252,-0.7667397,0.36656806,0.6093134,-0.15348607,-0.5041856,-1.5601698,-0.1427148,-0.43976587,0.17626846,0.5000775,-0.06882274,-0.8023176,1.546419,-0.12799475,1.5636151,-0.008073822,-0.002062589,-0.052376628,0.076260135,-0.17778307,-0.70039916,-0.11870905,0.225588,0.056831967,0.22261816,-0.16682158,-0.26489767
-0.081828214,0.85957706,0.26266342,0.20287831,0.5679724,-0.55297273,-0.11359676,-0.53038883,0.26644942,-0.9046589,0.36875236,0.35866523,0.2852047,-1.8317213,0.487003,3.479344,-1.280779,0.17624484,2.191381,-0.02283343,-0.035318837,-0.056420825,-0.052175097,-0.07023269,0.0071678306,-0.33355534,0.35228977,0.45976007,0.25512335,-0.3925461,-0.2668421
0.21045317,-0.1763356,0.22033852,0.9370745,0.29539245,0.079981774,0.433314,0.4141685,-0.19859494,1.6849304,-0.37485266,-0.25057152,-0.273255,-0.42039773,-0.12051949,-1.137507,-1.2507837,0.38288936,1.1597111,0.028534226,-0.00613492,-0.04682386,-0.12505133,0.28032532,0.32305312,0.1286038,-0.2908658,-0.05164434,-0.33837727,-0.17175676,0.8907534
-0.22026947,0.02555018,0.109546125,-0.3214687,1.0751399,-0.5036274,0.9302853,-0.50338703,-0.1633792,2.9157102,-0.40888897,-0.11604039,0.43636042,2.0098383,0.13876422,-1.272886,3.7716773,-0.26619273,1.9867823,-0.0179336,-0.0015230998,-0.0516821,0.24131157,-0.15901385,-0.23994568,-0.22933803,-0.35710913,-0.15382202,-0.058237065,0.055514663,-0.10246007
-1.7863036,-0.31714487,0.40917584,-0.6052283,0.047502533,1.8678771,1.5017722,-0.1656888,0.4030691,0.8301648,0.20627761,0.24429382,0.2367953,-0.29132715,0.19441837,0.16167098,1.3082914,0.21493012,0.9693711,-0.01991181,0.05005184,0.024290197,-0.1485819,0.2560706,0.6432469,0.28937146,-0.027855068,0.20145552,-0.08176057,0.20771515,0.14160733
0.19972043,-0.037045654,0.71624404,-0.12208982,-0.05126115,-0.67982644,0.205289,0.8269048,-0.6448992,-2.1237829,0.26366657,-0.66178316,-0.8821911,0.17169741,-1.0312787,-0.32476717,-0.14901169,-0.17453511,1.17268,0.05698061,-0.016116321,0.011392184,0.13950416,-0.14461674,-0.15688418,-0.06106022,-0.06523575,-0.9394323,-0.19561848,-0.029900119,-0.73334944
0.345451,0.21982291,-0.5891061,0.5510415,0.7576339,0.5474202,0.64033735,-0.7701305,-0.8637464,-0.92878175,-1.0714791,-0.9564887,0.73966944,-0.15596399,-0.0014397162,0.0766864,0.8678489,0.02572689,-0.43375033,-0.005511321,-0.04980576,0.005319439,0.00195613,-0.008971244,0.05195088,0.18329607,-0.066043966,-0.01608988,0.42869884,0.07756647,-0.6383813
-0.06334422,0.298148,0.38034773,0.40028295,-0.4973594,-0.04028744,-1.0424922,-0.28945592,0.03455598,-0.672482,-0.09354464,0.04720984,0.20075537,-1.0920031,0.43198425,-0.16539802,1.5147501,0.1408323,1.1103228,0.012468435,-0.052870095,0.020378344,-0.03019947,0.07911483,0.30075753,-0.11766487,0.519913,-0.1491893,0.909082,0.09812058,-0.014625149
-1.5734793,-0.6235466,1.7060946,-0.5823403,-0.27814114,0.8445146,1.3375045,-0.07521032,0.24549742,0.6162886,0.43531042,0.20934594,0.13956039,-0.87758917,0.19492757,0.39563698,0.1540652,0.14820261,0.80702233,-0.0051536337,0.0103207305,0.041677997,-0.1776928,0.27925256,0.41216826,0.15642232,0.24417467,0.12598781,0.28886005,0.2577731,0.2807546
-0.1170688,0.71502453,-0.67551166,-0.090313695,1.1271081,0.38057512,0.45142558,0.45912513,0.8105767,-1.0033259,0.9582409,0.9873636,-0.4927065,0.38287738,0.37817755,1.0105056,-0.16025291,0.13480265,-0.40336642,0.015679665,-0.035054952,-0.028667748,-0.04589653,-0.008817698,-0.108730726,-0.09043342,-0.076341696,0.3611912,0.13054106,-0.3948455,0.15383506
-0.24853055,-0.60731,0.23554806,-0.14757057,-0.93891954,-0.11280759,1.8649639,-0.073351234,0.08708808,-0.37820402,-0.21612814,0.0039385557,0.20119113,1.3395815,-0.041762333,1.0217471,2.1811502,-0.44589046,-3.2663932,0.055602632,0.03262721,0.006458424,-0.05049517,-0.12438283,0.22713588,0.37952107,0.094696105,-0.5921303,-0.11381331,0.6093124,0.83652955
0.29298145,0.07881444,-0.7882211,0.5258711,0.5896996,-0.7514921,-0.105524495,0.49437028,-0.29616204,-0.1472362,-0.16590035,-0.2971803,-0.2781475,1.3476161,-0.28935176,0.5431234,-0.010723833,0.12619233,0.07065656,-0.013470933,0.014505267,-0.055592544,0.06969053,0.007078451,-0.09277142,-0.16567114,-0.18305594,0.14352077,0.15590721,-0.35285944,-1.5416359
0.3592301,-0.1448956,-1.0508378,0.052658767,0.03387408,-0.46737233,0.44219446,0.12458256,-0.8968904,-0.2669735,-0.45797038,-0.773441,-0.051990066,-0.32119778,-0.5530411,-2.0107996,2.9522622,-0.19613886,-0.14819118,-0.00574407,0.049525857,0.057078518,0.112848595,-0.14180902,-0.37982866,0.06616311,0.1525201,0.056855395,0.1801436,0.094566785,-0.1677411
-0.035274196,-0.42112902,0.4066143,0.17635567,-0.014762197,-0.51109076,0.74534756,0.4596354,-0.34579912,-0.39075264,-0.31935313,-0.17772609,-0.39529142,-0.09298666,-0.28099364,-0.349401,0.23224671,-0.18915932,-1.8544765,-0.035069577,0.061943337,0.010895617,-0.008316672,0.0069180317,0.09076661,0.107363895,0.54519254,-0.59414345,-0.31753582,0.2469603,-0.1437652
-0.4011018,0.31121263,0.2801124,0.9022718,0.46227553,-0.8060922,0.54981905,0.3457438,-0.8853838,0.6038431,-0.03345829,-0.79880553,-0.26718527,-0.7307767,-1.070254,-0.7527378,-0.119025834,-0.010695197,-2.2946582,0.041960068,0.015869178,-0.03472217,-0.053817358,0.024484485,-0.14542091,0.07056162,0.451389,0.68938166,-0.2457133,0.08809132,-1.3416271
0.43271852,-0.038911916,0.36389318,-0.21039934,0.06935606,-0.43263176,0.29308942,0.8807139,-0.27548987,-0.17869455,0.38883382,-0.29174614,-0.8523129,-1.4105648,-0.49384162,-1.029748,2.5555239,0.02182434,-0.61344373,-0.03907615,-0.049614325,-0.057656936,-0.030270757,0.21988109,0.029304855,0.12442483,0.09657718,0.016417243,0.36180452,-0.20860657,-0.10332334
-0.26084474,0.2967255,-0.24842326,-0.46860746,-0.21657039,-0.3489234,-0.34230193,0.12639719,-0.109918974,1.0965922,0.119119264,-0.20901173,-0.15556405,-0.52645135,-0.1892189,0.3202301,-1.6513774,0.18250155,0.6911574,-0.044297665,-0.012116805,0.045042142,-0.04860661,0.140585,-0.23564984,0.107315876,0.46064106,0.36425442,-0.11397279,-0.08987728,0.38864604
-0.24537171,0.034256767,-0.58118796,-0.032299764,-0.0110034505,-0.091558054,0.47157112,-0.13397989,1.137873,0.013689749,0.41118598,1.1593571,0.23401166,0.4569125,0.87585914,-0.20063466,-1.6178564,-0.061129842,-0.93886465,-0.043705836,0.038571797,0.03066504,0.083303206,-0.16851678,-0.226066,0.056369253,0.18378076,0.06043995,-0.29906312,-0.08366092,0.3920089
-0.6022204,-0.19894706,0.6024892,0.47975034,0.42656484,-0.33774614,0.70324117,0.8270628,-0.05319197,0.37946385,0.19473495,-0.05073019,-0.9415422,-0.42135078,-0.6159568,-0.6058376,0.40205795,0.0033376853,-2.6635642,-0.042213358,-0.050631665,-0.03711474,-0.13816713,0.18482485,0.015359707,0.54761785,0.48176065,0.34949365,0.23061489,0.27570847,1.0531895
0.11196802,0.74565876,-0.784214,-0.79871017,0.6498292,1.6008949,0.5223375,0.27365556,-0.18383121,-0.55281365,0.08395874,-0.12815952,-0.30828416,-0.6847922,-0.11028954,-1.7049776,0.11013079,0.25885212,0.81264436,-0.005469583,-0.023375385,-0.046418726,-0.18291569,0.16108122,-0.20829096,0.20249888,0.29054302,0.42692947,-0.18104842,0.21135283,0.2821428
0.043983173,-0.2563944,-0.02336152,-0.06364745,-0.15895683,0.25857452,-0.1441517,-0.2521238,0.07090098,-1.0278157,-0.36290327,0.045007415,0.1758687,-0.665286,0.05510942,0.29411852,-1.0147005,0.22188622,-0.7755225,0.019398198,0.04489045,0.0114304125,-0.15072036,0.09260504,0.28225642,0.35613164,0.43633053,0.22893737,0.3074758,0.012247489,0.37505904
-0.13499896,0.33287263,0.4529653,-0.198465,0.37517115,0.14092836,-0.83719665,-0.7285549,-0.8013027,-0.77809525,-1.1845978,-0.7517754,0.7229883,1.0051173,-0.0965751,1.6249133,-0.82091016,-0.1645803,1.0169299,0.03520278,-0.0370927,0.030197911,0.11854971,-0.066401064,-0.6018269,-0.26716548,0.16336311,-0.31690657,0.34690285,0.07952162,-0.5071212
-0.011410133,0.0035980458,0.0059832637,-0.9542017,-0.24365559,0.3705278,0.067072995,-0.07424223,-0.1689889,2.5547214,-0.054715905,-0.13934582,0.1268456,2.1114,0.07320991,2.3083746,4.91127,0.2569203,1.6693331,-0.05354131,0.037773147,-0.0030688867,-0.29643622,-0.07594038,0.24906133,0.36251032,0.18326025,-0.034713738,0.3790318,0.49044898,-0.2393662
0.21330701,1.1712914,-1.0918077,0.13703008,0.15136549,-0.744722,-0.4772156,0.24151686,-0.34555537,-1.3519902,0.1701485,-0.20556557,-0.17401467,0.91097194,-0.35109627,0.32666585,0.5266305,0.071952455,-0.9374592,0.02652312,-0.02909407,-0.012495175,-0.17423871,0.061025325,-0.36879754,-0.07955263,0.3941525,-0.2625926,1.3215238,0.12746125,0.61480886
0.43211707,-0.7748562,-0.9421863,-0.13059339,0.48015994,-0.16736008,-0.54337656,-0.39253148,0.11798196,0.3086427,-0.40481555,0.20476364,0.2958366,0.8534081,0.5368879,2.588323,-0.26162237,-0.022023022,1.4581865,-0.02246958,-0.03246601,-0.026512764,0.037727144,0.09330313,0.41767737,0.5172894,-0.089790076,-0.057543475,0.3054099,-0.03277109,-0.4400684
-0.79440236,0.8317187,1.5153887,0.43697643,-0.26021165,0.9311315,-0.49439007,0.54675376,0.056579746,-2.3546355,0.45845202,0.026727876,-0.49234942,-0.059601553,-0.37240538,-1.5499774,3.3967328,0.2899473,0.19495505,0.045890942,-0.045198552,-0.039654814,-0.21816261,0.14286298,0.23733239,-0.0963068,0.028735332,0.6341377,0.124289334,0.22832794,0.31010148
-0.35792953,0.36763614,0.33840793,-0.7082524,-0.08793774,0.61240065,0.46733293,0.14677401,-0.06466827,-1.1030266,-0.17419049,0.00752069,-0.10521126,0.74021083,-0.3944473,-0.41375747,1.7473892,0.09748989,-0.76518506,0.0023333058,0.034540527,-0.03273727,-0.082960404,-0.0004209373,-0.07353901,0.006805199,0.50119126,-0.4988605,-0.25491455,0.21967168,0.20189953
-0.04983962,0.3813604,0.12556593,-0.6223133,-0.25489107,0.20189312,-0.025751607,-0.073299125,-0.30240726,0.16290677,-0.22647582,-0.10842626,0.2258641,1.5885612,-0.043722596,0.075706914,0.27603266,0.37335902,2.0014136,-0.046424873,-0.057152845,-0.011233039,-0.15034115,-0.024256984,0.19699517,0.0024470473,0.37618506,-0.09312185,-0.15600221,0.3219164,-0.32699284
0.0005403102,-0.04136494,0.36743364,1.6649312,0.13731934,-0.44376397,0.06516584,0.73974496,0.21633084,-1.0489212,1.1347929,0.11851356,-0.92769516,-1.6172156,0.19103146,0.9788505,-1.2210778,0.13595362,1.8794228,-0.0028990954,0.017914921,-0.00093242526,-0.038655274,0.036679797,0.3824353,-0.13605542,-0.3154234,-0.3194353,-0.10504336,-0.117738925,0.24284747
-0.11682323,-0.23997998,-0.2860753,-0.5490535,0.59627724,0.5456421,0.033687226,-0.6918975,-0.49336827,-1.3643178,-0.85571957,-0.43996584,0.673068,0.54972905,-0.204759,0.085277535,-1.2972999,0.47420508,1.2818638,-0.013220258,-0.031335093,-0.048312776,-0.13059482,0.2916824,0.35102344,0.052933987,-0.6334669,0.5199078,-0.23421842,-0.13329715,0.011527271
0.08395951,-0.2433097,-0.30746782,-0.42612928,-0.112516895,0.086984314,-0.2699383,0.26209915,0.12911302,-0.34812018,0.048930626,0.05401484,-0.21407771,0.6451486,-0.1851739,1.3705456,1.064723,0.23635226,1.1363115,0.03967517,0.05688913,0.020562917,-0.18838665,0.10771357,0.2884297,-0.15688539,-0.011589148,0.24075845,0.40044975,-0.08023136,0.036362365
0.057424508,0.81468546,0.03820312,2.1028936,-0.85776275,-0.8285078,-0.40699625,-0.39902437,0.29531252,-1.0818628,0.034888975,0.09638335,0.46714365,-2.0860868,0.5669877,-3.635328,1.4536967,0.43001887,2.440534,0.006297067,-0.049334176,-0.013706513,-0.123462215,0.14133555,0.85143244,0.01802021,0.38214096,-1.0375086,0.48440686,0.45952386,0.096518636
0.1453367,0.24726301,-0.25191703,0.55471045,1.5822318,0.5058752,1.0182754,0.39035422,-0.64045453,-0.40659562,-0.18417649,-0.6075379,-0.41834244,-0.23017007,-0.79236513,-0.11257271,-0.21093768,0.21585281,-1.5639662,-0.0061349943,0.061532922,-0.05149883,0.005554585,-0.16494088,-0.5233146,-0.24368699,-0.13449565,-0.13393585,0.22656675,0.05438808,-1.7562939
0.067323685,0.09738868,-0.9842247,-0.06716322,-0.23973832,-0.17844152,-0.0024674959,1.6452092,0.15118097,-1.3397858,1.5381767,0.26691297,-1.645468,0.26600486,-0.7320894,0.090681046,-0.0021106438,0.07927586,0.5233616,0.056219332,0.059537098,0.040421076,0.05724359,-0.24358642,0.3157217,0.005542222,-0.10832945,-0.4305625,-0.21930273,0.21163337,-0.1044389
0.19200255,-0.19307312,0.22025242,0.054806206,-0.17555489,-0.013251381,1.5314168,0.6988528,0.11215987,-1.4447474,0.4449552,0.11747542,-0.72455907,0.36200824,-0.42284065,0.06732584,0.9434908,0.1287796,-0.3912578,0.0008544177,-0.045687914,-0.061393537,-0.21963254,0.06687815,0.5110315,0.15357922,0.15399921,-0.1775672,-0.18383178,0.07510242,-0.17590591
-0.00020848421,-0.7974391,0.31282544,0.09248806,-0.2886906,0.07785449,-0.26100293,-0.63295984,0.30901518,0.16001476,-0.30450833,0.12674662,0.52984285,-3.198603,0.7530614,-0.8479678,0.7666467,-0.11709297,1.5437202,-0.04830815,-0.06066627,-0.0032863617,0.099176794,0.07544438,0.5163703,0.13560288,0.14097254,0.21399574,0.46494776,-0.06624714,0.29859322
0.54973227,-0.14670542,-0.44698125,0.006564425,-0.4886789,-0.060740653,-0.7815098,0.18839265,0.19011182,0.30104873,0.38954088,0.14053698,-0.35133833,1.6047158,0.37432483,0.88798517,3.6471386,-0.1883157,2.3728826,-0.045207873,-0.0019653812,-0.05677183,0.1839078,-0.17752554,0.21662039,0.22992902,0.12548459,-0.28300232,0.23611103,-0.20428437,-0.022790615
-0.093770474,0.92095596,0.10279584,-0.15239523,0.8344359,0.23560536,-0.45183727,-0.073750995,0.5121565,-0.84090894,0.08781938,0.56371105,0.018620253,-1.4105169,0.44638556,-0.8293686,-0.77544343,-0.035452947,-0.88806987,0.006580293,-0.055765383,-0.004690841,-0.053290077,0.32230747,-0.50848746,-0.1370317,-0.3112606,-0.07444991,0.007198854,0.11827865,-0.59698886
-0.31337574,-0.13601941,0.42437825,0.3645698,0.31365776,0.25302652,1.5908866,-0.38648722,-0.007106286,0.60043234,-0.33632457,0.093495496,0.51265234,0.58172303,0.29969308,1.1032072,0.32988662,0.18254505,0.16114637,0.019666843,0.052849844,0.020411141,-0.17403391,0.09619109,0.26163614,0.11240029,-0.32251394,0.47298726,-0.014697676,-0.00017253737,0.3221973
-0.36753654,-0.2472379,0.37437674,-0.45511332,-0.27960774,0.5406976,0.6068587,-0.4467496,-0.5157584,0.42705113,-0.75681317,-0.4884731,0.28682372,1.6198374,-0.0886627,2.322721,5.0617547,0.01641428,1.8827075,-0.012915134,-0.033475928,0.046996437,-0.10618098,-0.10071824,0.42434755,0.0044934787,-0.0033842581,-0.8314296,-0.5795617,0.62621117,0.84302926
0.99863523,-0.14046362,-1.0982951,-0.38734195,0.009260098,-0.6385114,0.29364443,1.2097352,-0.22588174,-0.21596538,0.47716197,-0.14040633,-1.3411396,-0.47022387,-1.1038753,0.7093704,-1.800492,0.12136698,-1.6870692,0.01800225,-0.04667469,0.018616132,-0.13736324,-0.017776435,0.3837182,-0.0401175,0.27372473,-0.38034177,-0.15001942,-0.15567505,0.062405325
0.437585,0.99061745,-0.53926796,1.9330586,0.016718937,-1.1253055,-0.029634977,0.5311043,-0.2637935,1.8304749,0.16491027,-0.2482646,-0.6139546,-0.63868374,-0.43892413,1.0525936,-3.2064774,0.45949697,-0.22276899,-0.0018117577,-0.026941068,-0.008674547,-0.25949687,0.34513783,-0.34517726,0.17689219,0.27428728,-0.029550053,-0.10414785,0.10137454,-0.32031408
0.1906039,0.25107312,-0.008728813,2.620372,-0.4566393,-1.3013529,-0.3492374,0.60418236,0.21005973,0.95668864,0.58164746,0.1385478,-0.41744784,0.012307923,0.062416203,-0.43414554,0.018350296,0.12564483,0.14341518,0.048566453,-0.02037102,-0.02164606,-0.07409156,0.109017596,0.7951028,-0.07438831,-0.20103154,-0.52811277,0.4843928,0.15745366,-0.9523842
-0.25448835,0.17226978,-0.02742645,-0.069137305,-0.686643,0.025379565,-0.0894539,-0.0954223,0.4297581,-2.4593554,0.2109225,0.38367936,-0.062856495,-0.06696547,0.36620256,1.8711059,0.17602482,0.20607947,2.437552,-0.038267195,0.019016944,-0.05096264,-0.064721316,0.12400057,-0.03561887,-0.026155641,-0.032969512,0.43613654,-0.38007984,-0.008683857,-0.067796774
-0.3924531,0.11258389,0.46291524,-0.33002782,-0.691736,0.58920026,0.17322645,0.32284692,0.42506042,2.3863406,-0.0039340397,0.4037034,-0.21915102,-0.29928198,-0.16710313,0.102621816,1.1262851,0.07565732,0.91665775,0.022677913,0.061266534,0.04362891,-0.08887425,0.087806515,-0.027203728,-0.08501733,0.11645726,-0.07854489,-0.4628158,0.24685289,-0.15851079
-0.83867323,0.0071665514,1.7758998,-0.2152489,-1.1621994,0.83383924,0.5077923,-0.03215348,-0.06870348,-1.268227,-0.18947288,-0.12524293,-0.074703,0.23675781,-0.13263763,0.28485906,-0.648666,-0.030045351,-0.53703755,-0.0536305,0.0619993,0.048513427,0.06532735,-0.036093455,-0.45174277,-0.029357176,0.017417695,-0.17078207,-0.076155566,-0.04183928,-0.10681132
0.78090644,0.27165172,-1.1735352,-1.0696,-0.01751675,0.07796896,-0.82514375,0.25920972,-0.47725832,-2.0642047,0.073504314,-0.42038813,-0.15180314,2.3720524,-0.55290365,1.4562094,1.7671461,0.038650893,1.5475664,0.03947775,-0.019645609,-0.010281973,-0.037631046,-0.22961888,-0.20498303,-0.1455267,0.15815318,0.8045094,0.36340442,-0.34489137,-1.1908456
-0.008285852,-0.6549881,-0.12551168,-0.005772477,-0.3415383,-0.7498837,-0.21598497,0.31210166,-0.14476544,-1.5765172,0.20319703,-0.06493411,-0.32317373,0.31484452,-0.05844978,-0.13497509,-0.020480929,-0.14389314,1.0201064,-0.018774867,-0.002305165,-0.03201493,0.21032415,-0.25331792,-0.16590779,-0.24783458,-0.60100883,-0.20871234,0.29236603,-0.35340542,0.73482156
0.041215546,-0.7138115,-0.41540387,-0.05167656,-0.21504304,0.047829747,-0.30942085,0.35572785,-0.26041043,-1.2549373,0.08215989,-0.2457131,-0.33730116,-0.7900778,-0.19368903,0.10658026,0.32104996,-0.121590406,0.1425319,0.044167317,-0.059869826,-0.042071924,0.10689098,-0.107389964,0.19489749,0.26419136,-0.1772114,-0.401003,-0.17315704,-0.18444602,-0.72689044
0.054870896,0.025889162,-0.14170763,0.17913859,-0.71108305,-0.42860872,1.8343805,-0.7038644,-0.06761514,-0.73108333,-0.24770443,0.046402294,0.6747101,0.7866216,0.6363948,-0.7989306,1.5403577,0.39031056,2.7721767,0.06109047,-0.029216126,-0.055977367,-0.20798692,0.16431971,0.24491921,0.34081313,0.5822426,-0.059058566,0.21212457,0.6299618,-0.91011786
-0.18354739,0.038828306,0.60205114,0.32221836,0.22582726,-0.07969333,1.2368318,0.35462916,0.44377196,0.17596085,0.66720283,0.53807694,-0.38364068,-0.59294283,-0.059625242,1.7833772,-2.2843726,0.093066186,0.22924283,0.004053548,-0.022963151,-0.056330286,0.0025021085,-0.008128473,0.23308265,-0.26633686,-0.041541263,-0.24027106,0.15124859,-0.32754946,0.64600885
0.0482565,0.81748855,-1.1052105,-0.061162353,0.48038906,-0.35755238,0.27036956,-0.66669726,0.3693557,-1.1083654,-0.016325926,0.32452905,0.51359725,1.0205138,0.3051014,-0.56061643,2.5002022,0.3093644,1.3624173,-0.06217257,0.057288915,-0.023124337,-0.27639395,0.21902615,-0.08646346,0.15770374,0.16879427,0.87255734,-0.13243787,0.46527642,-0.58302706
0.0698428,0.0031745888,-0.31628382,0.15027095,0.10203453,-0.19676922,0.71956545,-0.051374644,0.0034066155,-1.2038728,0.16501097,-0.0033865864,0.13422462,-1.4878331,-0.04088757,2.7303367,-0.541043,0.3338469,2.0251124,-0.040249042,-0.006542884,-0.059808843,-0.28397512,0.33120513,0.4288561,0.46185288,-0.117422864,0.56442416,0.10695547,0.077776745,-0.31588966
0.43529654,0.47759086,-0.41592187,1.8056061,0.56590694,-0.6730345,0.5871694,-0.40893874,0.10093652,1.7466197,-0.6476356,0.13191995,0.42422605,-0.21713547,0.6355799,-2.722246,1.5132926,0.53036267,3.1310248,-0.042016454,-0.041158393,-0.0033948794,-0.16949141,-0.00759582,0.6192125,-0.053958632,-0.12174345,-0.7003332,-0.43894282,0.29691193,0.056823377
0.68894297,0.055014126,-0.481819,-0.55919117,1.4396884,0.27992877,-0.17626461,0.33575952,0.44327372,-0.9791586,0.6526641,0.5161817,-0.19858007,-0.70532805,-0.37684667,1.2922467,-0.11904283,-0.15413712,-3.14123,-0.0039052218,-0.051137604,-0.047761463,-0.09293607,-0.11267425,-0.011707006,0.010165027,-0.06098293,0.70668465,-0.21824133,0.04791254,0.73158973
-0.18311094,-0.70915866,0.42081553,-0.02648009,0.035215426,0.51938206,-0.114746705,0.16441877,-0.5596977,-1.2603613,-0.2575866,-0.45710808,-0.17539194,-1.1605495,-0.58696187,2.5388486,-1.3301363,0.29754233,1.9204462,-0.028709233,-0.04586584,-0.0024658367,-0.14305079,0.26965123,0.16537257,0.29308465,-0.059367213,0.4764331,0.66486895,0.13654028,-0.1385657
0.5470067,0.19772293,-0.6270043,0.050190255,0.5843632,-0.54585737,0.5716268,0.43804634,0.59567666,0.27170107,0.40880644,0.4908323,-0.4164209,1.7190112,0.040695116,3.180909,-1.3573221,0.024875602,-2.6718721,0.03415855,0.034371756,-0.05559031,0.026111363,0.19073562,-0.44315487,0.15756163,0.18490951,-0.042743634,0.13528211,-0.02284177,-0.07961868
-0.22658762,0.069093235,0.15502281,-0.69501776,0.18880227,0.52110916,0.29245564,-0.34944585,-0.047473527,-0.53529894,-0.09926383,0.033768255,0.3240887,0.20821102,0.3481881,0.5796347,0.5283045,-0.51577187,-1.040895,0.0013986528,0.024744518,-0.044984058,0.17219134,-0.19732009,-0.2598777,-0.3914091,-0.21099925,0.025268365,0.5962882,-0.08708647,0.4349664
0.023061132,0.706443,0.44224766,1.6301115,0.61457676,-0.3852338,-0.04747228,0.0010816959,0.21247675,-0.07382189,0.5554288,0.23786971,0.10710345,-0.55090016,0.107048936,-0.33616465,0.7585094,-0.21016422,0.14647382,0.007548645,-0.027427137,-0.016973041,0.19747567,-0.51893353,0.03993592,-0.77630633,-0.25301644,-1.1774828,-0.09632348,0.10525368,-0.3640414
0.49516767,0.37838694,-0.11959546,0.89561117,0.742105,0.017583286,-1.3812239,0.6893583,0.053111095,-3.1217718,0.6462534,0.20489205,-0.592585,1.1505193,-0.26031604,-0.1159529,-3.293587,0.4179105,-0.08664562,0.019994117,-0.029799461,-0.045988403,-0.3989368,0.4769352,0.06146909,0.29820156,-0.16855264,0.4501558,0.8289297,0.35640216,0.5740557
-0.43133417,0.11781157,-0.21209717,-1.3264807,-0.930555,0.04050758,1.4853882,0.20210217,0.6787426,0.14612858,0.6834438,0.66399366,-0.09016114,-0.50399894,-0.048923828,-0.7330692,0.79503065,0.40358242,1.5734396,-0.04485645,-0.058399722,-0.00500679,-0.11747828,0.41156617,-0.28986844,0.36063832,0.7257679,0.027144408,0.2885835,0.38586104,-0.68185097
-0.29844996,0.36020577,0.40143126,0.3031041,0.28285483,-0.29390097,0.9716435,0.47878247,0.6931772,0.1673736,0.8065919,0.7033673,-0.32787436,0.06965822,0.24392346,0.9767323,-0.445475,-0.10164779,-1.8152118,0.056854807,0.05582258,-0.046509564,-0.10660779,-0.054449223,-0.346029,-0.11555553,0.55631864,-0.24929465,-0.03522431,-0.051710367,-0.5208038
0.5264777,0.6226158,-0.86428314,1.5070047,-0.88766086,-1.5430322,0.12005057,0.37489802,0.035329625,1.9475121,0.23454416,-0.06207998,-0.37001997,-0.9490326,-0.1172261,-2.5266309,0.0026660757,0.33199424,2.769266,0.049337663,-0.004500322,0.019189224,0.01693686,-0.18886928,0.36446628,0.0444182,0.5699156,-0.5908424,0.12042341,0.05684576,-1.2678249
-0.14152683,0.21712424,-0.050205283,0.13637576,0.8208326,0.5572188,0.4117975,0.17184332,0.34637326,0.8904573,0.555202,0.3193673,-0.16302556,0.18962358,-0.2595447,1.6197894,-0.031438474,0.06536118,-0.52589285,-0.01922173,-0.0021388084,0.015083753,-0.18195546,-0.041653294,0.24555781,-0.1334588,-0.012253178,0.36959574,0.9324108,0.12629609,-0.946846
-0.011330095,-0.26972726,0.032861818,-1.4850984,0.22255965,0.59359515,0.3575144,0.44541183,-0.7877641,-1.8494343,-0.28491357,-0.7204525,-0.43039164,0.46234378,-1.1467185,-0.3106405,0.075785175,-0.26468694,-1.7871991,0.054420717,-0.031709515,-0.05385405,0.12627614,-0.19104259,-0.09479333,-0.17041947,0.034890052,-0.23230934,-1.0174899,0.0637995,0.42202988
0.07830871,-0.32760063,0.5579925,0.18549028,0.17992498,0.28066894,-0.108123414,-0.1197622,-0.101884715,-2.1244833,-0.06056579,0.00465042,0.18663369,-0.25156468,-0.092853785,0.20857462,-0.2662667,-0.4709018,-3.133309,0.037256822,-0.056846015,-0.004023619,0.10277666,-0.31782094,-0.13276836,-0.4645312,0.002229341,-0.55154216,0.27226895,-0.270669,0.2166867
-0.57693976,-1.3282129,0.53178084,-1.6570497,-0.08064413,1.9094174,0.18339816,0.66107124,0.11181884,-0.7061086,0.7483888,0.09799975,-0.81171995,0.04039575,-0.54741937,3.2610352,-1.245131,0.0019678425,1.474524,0.0134809315,-0.033001624,0.009045944,0.18908899,-0.20857814,0.4345686,-0.38837346,-0.13170347,-0.04235794,-0.3273356,-0.6005429,-0.2301414
0.24085328,0.008944052,-0.12180649,-0.27906552,-0.30690056,-1.2663932,0.1087986,-0.008305299,0.75455856,-0.60649127,0.97110677,0.8012226,0.056701507,0.4541484,0.5413322,0.9054097,1.3930855,-0.025579935,1.0190903,-0.033117265,-0.02518586,-0.012089714,-0.04442848,0.31158963,-0.08863529,0.32867476,-0.3061721,-0.005540613,0.11480709,0.16972157,-0.3408639
0.19112507,0.19144605,-1.0233605,-0.8528409,-0.92576605,0.7786968,-0.7700963,-0.726572,-0.17750612,-0.2839772,-0.55973876,-0.2881927,0.72573704,0.6887867,0.37043145,1.2254137,1.6914104,0.16391423,2.0694685,-0.014018394,0.045027718,0.014892362,0.024132755,-0.048671328,-0.31977332,-0.06407066,0.27595028,0.5587892,-0.1027907,-0.08314157,0.36339298
-0.22832617,0.019332577,-0.23183589,-0.2916832,1.6920881,0.8576426,0.9486322,0.6999289,-0.28810313,0.26275742,0.40110335,-0.13675071,-0.64457196,2.2218597,-0.5731384,1.2090127,-0.6493204,0.025367618,0.6324499,0.0544272,-0.043644883,-0.032773145,0.0023229392,-0.01022352,0.27037337,0.30687147,-0.07588598,0.23946552,-0.2767102,-0.31047696,-0.24684225
-0.869105,0.35871232,1.5271411,0.8346458,-0.32775143,-0.24073441,0.6385629,-0.24682622,-0.32932264,0.7439129,-0.5677446,-0.48453876,0.19769463,-1.9240805,-0.32057917,-0.68231773,0.1414405,0.3647371,1.1562831,0.060170352,-0.006218046,-0.005497463,-0.1761292,0.13057545,-0.43157563,0.01829296,0.124032296,0.008985103,0.1100014,0.27034736,0.062160205
-0.88199365,0.15571918,0.58378416,0.033994537,-0.3610897,-0.66954285,0.09842665,0.62843037,0.41065553,-1.4492972,0.52177054,0.34857884,-0.71392775,-0.80918163,0.20223255,0.61811537,-0.12163151,-0.01500295,-0.65659493,-0.046074286,0.034559175,0.0492429,0.030322472,-0.11299298,-0.17254461,-0.057589084,-0.27004954,0.6762415,-0.075577326,-0.07653573,-0.17281319
0.06517751,1.0786364,-1.0253658,0.7207417,1.598868,-0.17702256,0.07673586,1.1223973,0.041061763,-0.6668127,0.834073,0.18026128,-1.0888447,-0.4314205,-1.0456744,-0.0014439697,0.65172344,0.20303848,0.8412244,0.043279983,-0.062194042,-0.0007030666,-0.074175306,0.15608762,-0.07383938,0.07021662,-0.2915396,0.09400932,0.25621995,-0.0370063,-0.36335415
0.12368933,-0.10668303,-0.41971996,-0.54791945,0.9774807,0.4131584,1.3351035,0.2737453,-0.22108273,-0.2196357,-0.13857594,-0.19648662,-0.18177667,0.39339957,-0.059053056,-0.79262304,-0.030067602,0.3024376,-0.6740706,0.0194228,0.025363445,-0.028233849,-0.096535385,-0.044787515,0.40040812,0.3463495,0.039354157,0.1666194,-0.3787634,0.09619608,-0.5009499
-0.2735332,0.14241739,0.099184446,-0.39841518,-0.4749394,-0.35912007,-0.25302386,-0.5108933,0.36573586,-0.61545694,0.009218803,0.3442505,0.38745862,-0.18260352,0.54038644,-0.5889144,1.8974364,0.07064516,1.2890247,-0.024663553,-0.053192757,-0.02698654,-0.054059338,-0.09549144,0.3051765,0.057827443,0.17245267,-0.85216445,-0.0850125,0.98224664,0.28619227
0.076099664,-0.104095645,-0.5438418,-0.8683365,0.39977774,1.2178402,-0.5811883,0.3767895,-0.0016532716,-2.2408462,-0.0764328,0.11718709,-0.21250148,3.4048052,-0.2957646,4.802527,-4.290526,0.1882784,-3.5855663,-0.010933951,-0.05343414,-0.048460193,-0.24893877,0.15871352,0.014058381,-0.14860035,-0.0884293,0.8655768,0.3708592,0.08600297,0.06579023
-0.30046389,-0.20337291,0.49058828,0.5715507,-0.07648919,-0.06419456,0.4173339,0.50983644,-0.37708694,-0.7488773,0.252554,-0.33770254,-0.5375367,0.39707437,-0.6915687,1.753255,-0.70007414,0.020847717,-0.8931432,0.04974068,-0.00070655346,0.033703588,-0.0853894,-0.23884821,-0.26495564,-0.12478269,0.12934959,-0.14517586,0.41784695,0.24558249,-0.53994757
-0.35022005,-0.3900221,0.164861,-0.4160836,-0.9871179,-0.4320872,-0.078008,0.016315248,1.0246325,0.6090169,1.18026,0.972385,0.031037187,-2.1031692,0.2952547,-1.2442073,0.12598802,-0.16902812,0.33659953,-0.03588327,-0.03719358,0.030043148,0.07352438,0.10054835,-0.24817675,0.31907094,0.60524356,0.12796734,0.6496366,0.021017216,1.1542765
0.100985005,-0.15342452,0.11399143,0.80659914,0.033017594,-0.7517912,0.43803754,-0.20128456,0.12730548,-0.19559686,-0.056237362,0.0049816775,0.13770714,-1.6559447,0.43871823,0.8260904,-1.0559906,0.37118495,1.7564123,-0.024161123,-0.062108003,0.012864292,-0.075875536,0.31332287,0.27206123,0.24979033,-0.17264213,0.077733286,0.41637975,0.12403805,-0.3678963
0.54184306,1.6194236,-0.66699564,2.9393544,1.3415388,-0.86142987,-0.13109554,-0.03411718,-0.20725615,0.14448497,-0.19966982,-0.30221304,-0.19925945,-1.4507601,-0.22951175,-1.027205,0.7936454,0.56340677,0.83655906,0.033662267,-0.024676941,0.018295221,-0.37524074,0.46782535,0.19986956,0.16715111,0.124848336,-0.10444659,-0.24141705,0.26573402,-0.030240195
-0.30617157,0.25597465,0.47161788,1.5849408,-0.09471161,-0.7310674,-0.64225197,-0.52041113,0.108525634,0.8128222,-0.09790541,0.042224217,0.47898385,0.48196116,0.75020397,-0.6988197,-0.4103378,0.032524478,1.4049501,-0.053297684,0.02892182,-0.031499475,0.011712699,0.0025409202,0.45570657,-0.21143916,0.16542356,-0.08677428,0.01833208,0.033668254,-0.2720985
-0.22059974,0.3492829,-0.25295523,-0.29824585,-0.09946035,0.79186606,0.22844043,-0.1667118,0.7388141,2.846537,0.28702477,0.6919671,0.0803525,1.7363372,0.4910007,1.4761463,2.1699178,0.07373555,0.87192136,-0.043560788,-0.011334166,-0.034413733,-0.064159915,-0.17483324,0.089079656,-0.0051475423,0.42252558,0.11840196,0.038537256,-0.058707852,0.111838475
-0.56937677,-0.16471255,0.053717826,-0.8182596,0.49685794,1.1243542,0.9447838,-0.17962964,0.40876874,-1.4370813,0.51802677,0.28913754,0.19922154,0.5401667,0.14355148,1.4715657,1.8544282,0.0067422367,1.8950238,-0.015391819,0.04093513,-0.023454964,-0.065753646,-0.14391434,0.19712089,-0.26807386,-0.66136736,1.1165644,-0.2703196,-0.38133496,-0.79632473
0.4159685,-0.17342564,-0.36565113,0.033858728,1.1660954,0.5705962,-0.22961135,-0.3680323,-0.3269051,-0.6658089,-0.15236974,-0.26943558,0.31758562,-0.64353406,-0.26507452,0.0807153,-1.4257019,-0.4140993,-3.1859775,-0.0073247403,0.04188264,0.030302495,0.15938516,-0.4136393,0.051508706,-0.46313155,-0.29196316,0.08058202,0.5035775,-0.2900901,-0.4617836
0.41968682,-0.18458022,0.08213762,1.3034309,0.7344512,-0.43289697,-0.2725122,-0.029206567,0.01770041,0.23988415,0.14247058,-0.11284263,-0.007795015,-1.1137787,0.48115972,-1.2964884,1.4366542,0.27019107,2.5166388,-0.060313247,0.05547978,0.012868814,-0.1072221,0.05064883,0.47035673,0.100098744,0.18846136,-0.2668741,0.25597113,0.44382158,-0.9398247
-0.25936267,0.26439306,-0.4986042,-0.5466808,0.3745043,0.19536032,0.17114116,-0.46814412,-0.27595922,0.036331844,-0.59361935,-0.20151955,0.4828316,1.8271097,-0.20630811,1.9840703,-0.1313502,-0.08873313,-0.27293587,0.05606685,0.03158115,-0.06048128,-0.014484129,0.017187348,-0.46711808,-0.04807419,-0.11332385,0.1131563,-0.08493157,-0.61411834,0.050869294
-0.20094362,-0.63224345,0.44392955,0.34533438,-0.75738907,-0.1651731,-0.14454502,-0.65545696,-0.55815744,-0.056075286,-1.1395617,-0.53124845,0.72132087,-0.89622647,0.30472612,0.50543255,3.018079,-0.11193089,1.05408,0.011154428,-0.025195286,-0.024266794,0.1604545,-0.36652458,0.39176747,-0.23361948,-0.22455172,-0.19447082,-0.21618351,-0.15513195,-0.3605265
-0.47466382,-0.033417393,0.5093733,-0.8703508,-0.21734236,1.3555672,-1.3981618,-0.18922283,0.3437996,0.28474686,0.21705273,0.42340595,0.16954666,1.4283937,0.2369133,-0.16321564,2.5291188,0.15948905,0.2872729,0.017228171,-0.010677993,-0.002113901,-0.16115808,0.007113498,0.16447349,-0.14703314,0.3442383,0.53794014,0.58027136,0.16474178,0.08615001
-0.17582782,0.31412792,-0.8620459,-0.54451495,-0.3105822,-0.39843473,0.6104369,0.20152582,-0.024500584,1.6181002,0.2521266,-0.024148956,-0.13599238,-0.31338674,-0.2082274,1.3878583,1.3996184,0.26504615,-0.5828759,0.055543676,-0.028724648,0.005423896,-0.25532275,0.005492439,0.14143063,0.23331557,0.4580558,-0.8386261,0.6359026,0.1568952,-0.20847781
0.2798888,1.3005487,-0.99377406,-0.27641472,1.5873637,0.7254333,0.007231514,-0.051482074,0.118471675,-0.8138399,0.21207367,0.061991107,-0.03568229,-0.08100632,0.25831646,-1.6475245,0.8076258,0.26047412,1.5954788,0.019925833,-0.015660927,-0.014731899,-0.1296408,0.07952448,0.0799429,0.04439164,0.44041342,0.26178142,-0.16976328,0.1504641,-1.2867432
-0.25024655,0.07983051,-0.074278325,-1.0438304,1.0645626,1.144209,0.79195696,-0.0131199015,0.20286328,0.93240416,0.38250148,0.10608328,-0.07075524,0.6382554,0.01225531,0.63336766,3.2162542,0.36065266,3.7374465,0.029357642,-0.023138173,-0.026171774,-0.16615558,0.30821902,-0.056776788,0.15932027,-0.05591369,0.2635724,0.40365592,0.26162854,-0.9811704
0.8076675,-0.2617157,-0.79374444,-0.6538822,0.775865,-0.14330396,0.86291903,0.5533063,-0.16447265,0.22905451,0.50118643,-0.1261494,-0.48591232,0.79765147,-0.6402866,0.8866601,0.576904,0.09207362,2.3016596,0.003688328,-0.015374199,-0.0024166852,-0.034377247,0.21873334,0.3668188,0.33015212,-0.24936341,0.06345561,-0.44307336,0.10883515,-0.21671237
-0.4329388,0.47126746,0.18828902,-0.071711734,0.26653293,-0.11941668,0.771957,0.64391863,0.18778692,0.90897286,0.7038185,0.06288637,-0.6605273,-1.5422391,-0.2953696,-0.6103089,-0.15288866,-0.06537674,-1.105661,-0.007987477,0.016536295,-0.021837011,0.17267828,-0.07814284,-0.31558478,-0.41563973,-0.30098987,-0.16943239,0.05303651,-0.067261375,0.42053056
0.24172401,0.7413998,-0.5104695,0.9685197,0.8998087,-0.54399693,-0.6543479,0.16281457,-0.13233624,-0.8330525,-0.0713046,-0.21515125,-0.23797482,-3.2516012,-0.45081767,-3.5448816,-1.0363469,0.3079488,0.3232919,0.02038242,0.05441571,0.0032509193,-0.08311423,-0.16508019,0.29359505,-0.15739237,0.2519512,-0.3829502,0.2694751,0.4231379,-0.93275845
-0.25740144,-0.4748281,-0.034877505,-1.2964851,0.40063134,1.3880746,0.50143766,-0.35689172,-0.26317814,-1.0111847,-0.8378809,-0.26994193,0.41416213,0.9621109,-0.11674976,0.84828913,1.8482072,0.029039195,-0.061352428,0.02103199,-0.054290004,-0.0220986,0.026133519,-0.15427205,0.30646828,0.12912361,-0.039077163,-0.31114513,-0.1540457,0.26729158,1.2229047
-0.31314135,-0.053781934,0.49075425,0.20601122,-1.0233941,-0.65776014,-0.740167,-0.57250243,0.20809041,1.5176977,-0.45464006,0.078797914,0.5339969,1.0113468,0.62650573,-0.9178632,-1.0230062,-0.5643601,-2.1280355,-0.008100539,-0.04789217,0.019114949,0.4312334,-0.3666257,-0.8496904,-0.28312483,0.13593814,-0.24524261,0.11703702,-0.42586693,0.6867876
-0.39641818,-0.473753,0.2107601,-0.12751773,0.34441948,-0.0015410593,0.68131554,0.5707133,0.24552092,-0.13170974,0.5177515,0.20926015,-0.6449533,-0.69815457,-0.011647219,0.032886785,-0.669933,0.10344333,-1.7172735,-0.017768227,-0.0019316077,-0.027855344,-0.35563302,0.0663697,0.18742794,0.13323775,0.34299996,-0.80882895,0.3738234,0.10554918,-0.19852246
-0.30020878,-0.47163063,-0.10883739,-0.9115791,0.536492,0.6804234,-0.045568027,-0.6467162,-0.17897242,-1.1324602,-0.61363137,-0.19032378,0.88951147,0.3622467,0.05313985,1.9666791,-2.6049929,0.05473233,0.75064045,0.029201217,0.027582519,0.05616623,0.04984708,0.043626152,-0.051506728,-0.15739898,-0.40674618,0.36518812,0.12697104,-0.47205466,-1.0005338
-1.8602374,0.40676385,2.0584059,0.09067121,-0.3679833,0.7559098,0.75112087,0.53783953,-0.76995754,-2.2169,0.25828388,-0.76146233,-0.6089768,1.2806982,-1.2382873,-1.3134699,1.7429225,0.25600907,-1.3185412,-0.04594995,-0.04970455,0.05413869,-0.27082524,0.048812196,0.4494933,-0.26079887,0.108389325,0.17799391,0.16376214,0.31878096,0.4857814
-0.17909543,0.48974317,-0.25450253,-0.3305518,0.030839935,-0.15597619,0.11143522,0.47751358,0.42329046,0.87933517,0.41263688,0.3461678,-0.44750983,-0.41744643,0.027932271,0.21965699,-1.2348534,0.156973,-1.5416734,0.053751044,-0.03466241,-0.026986286,-0.04608936,-0.110063955,-0.085860826,0.2925103,0.2955932,0.33419913,-0.011014358,-0.32358262,0.5975096
0.09477682,-0.05008269,-0.09671527,-0.24869786,0.3783055,0.2166117,-0.5400467,0.039447792,0.35125107,-0.6604672,0.429004,0.30140054,-0.063269064,1.7688683,0.16626836,1.6714354,3.7424767,-0.4554529,0.46148226,-0.05293466,0.038479187,0.055014484,0.3024885,-0.5131855,-0.086150564,-0.5777654,-0.8266229,-0.023237284,-0.45774117,-0.17363246,-0.2988998
0.3467504,0.14788662,-0.7541588,0.25510964,-0.6475437,-0.34520817,-0.8413323,0.13489486,-0.1438563,0.24658911,0.2828271,-0.105481856,-0.2011908,0.13715477,-0.58432066,1.0719029,-0.12911499,0.015940556,0.6635156,0.025053568,-0.05826141,0.0064056516,0.0016143651,-0.07183248,0.2773242,0.08248094,0.1589344,0.22721036,0.5761695,-0.11443504,-1.6279334
0.6091251,0.3452227,0.004347159,0.5385631,0.46262857,-1.0192819,-0.45726177,0.040477287,0.11123757,-0.4400578,0.033080664,0.10647174,-0.042065877,0.3594323,0.50751,-0.5617797,1.2922684,0.28622946,2.321868,0.05023869,0.005471289,-0.031309664,-0.19007121,0.20198384,0.5994169,0.22612819,0.33822772,-0.12485607,0.3666503,0.31758976,-0.5122422
-0.23026711,-0.18176378,0.08092371,-0.8801399,0.23518413,0.98232496,-0.43269104,0.09931083,0.8429827,-1.6746358,0.54283935,0.8623269,-0.15005237,-1.0053995,0.5868762,0.67469025,-0.66289485,0.046087585,-0.007985032,0.052412957,0.02726017,-0.031316213,0.08421929,-0.03055849,-0.35791987,-0.3368528,-0.05346242,-0.007809171,-0.04033439,-0.3098623,-0.16694248
-0.9828388,-0.016979113,1.7283732,0.20012636,-0.4163135,-0.23030995,-0.3810242,0.14163066,-0.013281835,-0.15097702,0.2846929,0.07772945,-0.25938433,-0.55427974,-0.060276173,0.30824772,-0.66710025,-0.010772955,-0.5700887,0.047776356,-0.008771762,-0.024297938,-0.08481031,0.086315274,-0.12098076,0.09313043,0.42028394,-0.3345061,1.1253359,0.2749898,-0.063676305
0.23570749,-0.7948061,-0.15395744,-0.33368188,-0.29882896,-0.49732503,0.333961,0.71772164,-0.51227736,0.26981676,0.08771086,-0.44571403,-0.68457645,1.2855422,-1.0417893,0.7566945,-1.7532394,0.022777876,0.16813639,-0.026526742,-0.04722435,0.045266345,0.028503899,-0.33758652,-0.114648335,-0.0010497529,-0.18696724,-0.34039694,-0.079000615,-0.016781067,-1.1486326
0.46536893,0.101174,-0.6620131,0.4882798,-0.43156385,-0.10044655,-0.17868975,0.30541548,-0.025439348,0.12232237,0.11551647,-0.08033072,-0.32115683,-0.82046247,-0.030080622,1.1949502,1.5955734,0.34928048,4.2052913,0.03991376,0.03715773,-0.023632176,-0.1726386,0.0038478875,0.59435,0.16726874,0.32437208,0.2921223,0.44889525,0.3838726,-1.2685866
0.10251286,0.023953414,-0.15201071,-0.22490233,0.47068247,-0.106987156,0.6507188,0.36676762,-0.10391474,0.5465871,0.31180188,-0.16379075,-0.5157913,-0.4034537,-1.0057929,2.3949206,-2.3607864,-0.07254235,-1.4319558,0.04617455,-0.0152750835,-0.044237353,0.090527534,-0.0839148,-0.15028165,-0.1779941,0.06842586,-0.3279329,0.45857942,-0.27150166,-0.51881623
0.33643442,-0.076561734,0.35309765,0.25983518,0.1251346,0.09076752,0.61782116,-0.25930625,-0.32284263,1.0899452,0.006207577,-0.3002513,0.25021064,-2.826079,0.09498764,3.4490418,-1.8108766,-0.3439127,-1.288501,-0.015351653,-0.009643301,0.038656935,0.17510492,-0.4469005,0.018327098,-0.63401866,-0.6560483,0.2549241,0.07380813,-0.72098386,0.30241922
0.2289303,0.6070773,-1.3420503,0.053481307,1.0367798,-0.5538921,0.64158076,0.3834594,-0.070147656,0.46254212,0.53660166,-0.0019438413,-0.2768236,-0.914766,-0.18055634,-0.27199462,-1.5495654,0.026009941,0.93423384,-0.022818387,0.030450195,-0.019830547,-0.019403504,-0.012803917,-0.19547947,0.14763644,0.065328896,-0.2940335,0.2266295,0.09235661,-1.1095616
0.38575536,-0.616682,-0.61083835,0.38687506,0.5654089,0.099576704,0.50989467,0.08548962,0.25151503,-1.3820266,0.4105297,0.34451708,-0.0073012332,0.5248256,-0.15027475,0.053471886,0.09418354,-0.039307676,-1.4567921,-0.0074271485,0.02399993,-0.021484628,-0.19755298,-0.12447622,0.5642448,0.004792871,0.14157149,-0.1035988,0.19184025,0.08043024,-0.58808106
0.047526076,-0.5668307,0.6987723,2.6837723,-0.25696704,-1.7356465,-0.14750427,-0.37541744,-0.18852507,0.119077355,-0.4085749,-0.15615642,0.34485364,-0.47123104,0.28418112,0.014212774,-1.4972963,0.051547308,1.1957057,0.055308953,0.04619556,0.062057003,0.020522954,0.11203703,0.43112525,0.059732728,-0.22870506,-0.36498654,0.49672705,-0.045125674,0.1601243
0.04852041,0.99266595,-0.56999546,1.0015724,0.28334284,-0.5553467,0.25137272,-0.49995166,-0.6981036,-0.38766262,-0.34749174,-0.7670011,0.41248038,0.39930838,-0.4450396,0.16692969,1.6521443,0.17554812,-1.2773206,-0.055517666,-0.021343097,-0.029197842,-0.30499494,0.24648564,0.008334703,0.04319761,0.0363162,0.43481216,0.21085371,0.087739386,0.22259085
-0.060414243,0.6205004,-0.02726779,0.1257935,0.26434177,0.05530687,1.3875986,0.45109457,-0.48032305,0.23857069,-0.0047898917,-0.3558205,-0.42774126,0.4957848,-0.5059732,-1.2164694,2.2504618,0.20179199,0.2862006,0.014854521,0.061488837,0.027660973,-0.088936165,0.20203787,-0.48818463,0.058482066,0.21779244,0.06295874,-0.20987086,0.35100192,-0.4735416
-0.006067446,1.0040483,-0.16561934,1.7713826,-0.44710985,-0.6848836,-0.46620035,-0.15974545,0.4447205,-0.011015469,0.41284737,0.48770118,0.0966864,-1.9759026,0.59685165,-1.282493,-0.1168424,0.28862596,-0.19769737,0.05043669,-0.015932739,0.03677325,-0.2386829,0.3406986,0.066562526,0.07846338,0.38296866,-0.35834613,-0.534133,0.12535186,-0.24833149
0.017298397,0.09008121,0.034887135,0.6026056,-0.2673205,-0.91994745,0.66142917,1.029745,-0.012607353,0.9928153,0.43892145,-0.082772024,-0.9520762,-0.3831316,-0.8070045,0.46912614,-0.087700635,-0.20263925,-2.6379893,0.0071902573,0.04787101,-0.026200145,-0.047589418,-0.124997415,-0.27125764,0.23935415,0.14961728,0.44000605,0.10686613,-0.0047347574,-0.2368254
-0.10881146,0.29534054,0.5365169,1.3077952,0.38390788,-0.65315354,0.39438146,0.42681932,0.14830995,-0.53782904,0.5348172,0.1951346,-0.4791536,-0.13908798,0.28939298,-0.17266725,0.58507884,-0.10374511,-1.6277937,0.0038585365,0.04379864,-0.030021138,-0.12277264,0.20812973,-0.11050425,0.15666948,0.43735915,-0.4392429,0.061153818,0.37176698,-0.47393233
-0.4178602,-0.593926,-0.011994751,-0.114331484,0.104572624,-0.26144594,0.49014732,-0.06933797,0.27663535,-0.56337565,-0.047277786,0.27577507,0.09974013,-0.095390834,0.16458182,0.39374328,-0.8741717,-0.11570016,-0.31905186,0.011788346,0.0039811283,0.0021118447,0.26461378,-0.04861175,-0.37173775,-0.06534449,-0.09800864,0.14225633,-0.41053164,-0.13787846,1.1288208
-1.1900635,0.000884545,0.6913673,-0.38843095,-0.41205952,0.500251,0.30983815,0.22091103,0.65402377,-0.7065998,0.65614706,0.63184,-0.14292851,0.9621521,0.44785547,0.63726574,-0.9559967,-0.104789644,0.6543856,0.0049138367,0.018019438,0.04252588,0.17285787,-0.16345887,-0.8165654,-0.5388408,-0.19627216,0.018588386,-0.47533783,-0.19214037,-0.64505726
-0.25467578,0.52506155,0.5291528,0.02670108,1.0765407,-1.084349,0.71622044,-0.14161688,-0.20111586,-1.1509037,-0.0624684,0.00012267008,-0.05472822,-1.0886918,-0.25062627,0.79221195,-1.8484416,-0.05234796,-3.4779885,-0.04061071,-0.043832712,-0.062090427,-0.10559793,0.09426356,-0.639235,-0.16257393,0.4121651,0.10642101,1.1866513,0.11925673,0.5132641
-0.24578431,0.43863976,-0.5048252,0.10454842,0.3650558,0.33717057,0.45004943,0.11262127,0.7627738,-0.34521538,0.49364275,0.79008526,-0.1211724,-1.819954,0.49827504,0.16652119,-0.6881041,0.23305827,0.025540136,-0.031633377,-0.007966042,0.03806685,-0.17224486,0.044685546,-0.031783037,0.1479359,0.19633736,-0.29544607,0.17107536,0.17226261,0.51679933
-0.028965449,-0.42406693,0.0675594,-0.64670527,-0.67691684,0.14178951,0.57508916,-0.183162,0.20903069,0.7470954,0.2832439,0.22171214,0.09212205,1.7037781,0.4983843,1.0339296,0.49015453,0.03996679,2.70337,-0.02132874,0.004110001,-0.0070312917,-0.05509497,-0.32294142,0.20286813,0.04633806,0.17681898,-0.12670358,0.21380706,-0.24044703,0.87271464
-0.19640316,0.07697135,-0.28376457,0.64161676,0.06771847,0.19826187,0.47629112,0.0031834976,0.18658842,0.37148267,0.11614572,0.11937618,-0.09677655,0.6599053,0.2719824,1.388591,-0.7904705,0.44915318,2.9879856,0.0015387163,-0.019565843,-0.0089969635,-0.21087965,0.50850636,0.28766772,0.29665712,-0.1829384,-0.06771812,0.04422217,0.07698293,0.262516
-1.7229781,-0.37699455,0.9077139,-0.6597553,-0.13808422,1.4818445,1.831585,-0.44498035,0.38303137,0.62249154,-0.099343255,0.2670155,0.35953775,-2.3564432,0.589852,-1.4342002,0.4566122,0.17926124,0.3598943,0.038455635,-0.036284357,0.034751147,-0.10234944,0.14491396,0.24913807,0.014441925,0.13422859,0.12881571,-0.27689615,0.362553,-0.6353522
0.9667927,-0.11140791,-1.0427382,0.19308604,0.66893363,-0.6957469,-0.43873662,-0.13222058,-0.5688937,-0.6574281,-0.8096707,-0.68017435,0.036446095,-1.5896481,-0.5711497,1.2613443,-1.9338148,0.26530617,0.8593192,-0.061922982,0.03780341,-0.055947557,-0.24112853,0.08604543,0.34762377,0.28877732,-0.018252026,0.48309022,0.5796404,-0.04511499,1.0830462
0.21010661,1.3915572,-1.1668755,2.6984787,1.5995555,-1.2905802,0.097653486,0.38507572,-0.3078942,0.801317,-0.21586254,-0.3211812,-0.3778071,-0.34493458,-0.208252,0.91368335,-0.73218066,-0.0050866446,-0.9091846,-0.05189462,-0.02907326,-0.05931036,-0.080566175,0.035922565,-0.03850565,0.007692642,-0.10674107,0.2972144,0.077895105,-0.1361518,-0.021824686
-0.13331226,0.39151362,-0.47644982,-0.045944836,1.1730901,0.6910162,0.85176957,0.80220085,-0.053743664,-0.74092215,0.89690936,-0.06596085,-0.6962257,-2.4141507,-0.7872158,-0.058192756,1.9621725,0.11787798,0.693245,0.038555875,0.04843308,-0.017405383,-0.1901514,-0.254019,-0.058132857,-0.2072123,0.31810394,0.3280695,-0.11850119,0.15191638,-0.10995933
0.17938285,0.111281544,0.09462195,-0.65090877,-0.79675704,-0.535701,0.5996271,0.3277151,-0.33418396,0.94454247,-0.0032893803,-0.20039496,-0.33574912,-1.0259253,-0.60183793,-0.23015936,-1.6086988,-0.034781232,-1.2707465,-0.013299018,0.03343612,0.045148164,0.11748995,-0.018269848,0.23120439,-0.059437227,-0.06005372,-0.49445644,-0.968904,-0.35193002,1.5908107
-0.102989465,0.68169624,-0.36496213,0.18008165,0.5236859,-0.4452308,0.81653106,-0.28525794,0.6758555,2.458491,0.63175744,0.69867074,0.31185332,-0.16142374,0.47654355,0.7764748,2.327182,0.20834583,1.1166523,-0.027608022,0.05145579,-0.0130483955,-0.0952876,-0.23408613,0.21148875,0.003958447,0.13382189,0.11796608,0.18332687,0.25757006,-0.1373297
0.47552586,-0.047631957,-0.47939792,-0.12435852,0.12615924,-0.2626096,0.9015499,0.30466542,0.055742696,-1.1389183,0.1459527,0.10183309,-0.3341,0.07260251,-0.21881975,1.175017,1.3103342,-0.010807869,-1.4073365,-0.056486055,-0.056458063,0.013341963,-0.30946174,-0.16723442,0.36500657,0.03031476,0.99470985,-0.083274014,0.9872789,0.41528106,-0.27414697
-0.1923301,-0.069870405,0.88751113,1.5905442,0.6621907,-0.931999,0.629311,0.02618228,-0.12078784,-0.3841017,-0.28468537,-0.08651268,-0.02145315,0.48646632,-0.22044481,1.1761199,-0.057459302,0.06751555,-0.83037007,0.011273615,0.029269971,-0.021227956,-0.05766326,0.0635735,0.18869063,0.066930935,-0.5021177,-0.32612976,-0.35457122,0.2520748,-0.41211155
-1.0462209,-0.014137859,1.2246926,0.10843149,-0.74777025,0.508989,0.082568176,0.20128897,0.23719472,0.38755974,0.3801752,0.26737598,-0.2593724,0.86194867,-0.0149314115,-0.20602179,-1.276545,0.36894974,0.27077818,0.0070984066,-0.008549564,0.032758906,-0.13116278,0.20450978,0.42461905,0.16510716,0.33341154,-0.53707916,0.13308898,0.15400186,1.0438148
0.07359036,1.8153181,-0.04584648,1.4817872,0.07152983,-0.91209,0.5199255,-0.29241067,0.13109262,0.51030463,-0.10731358,-0.032987073,0.3875897,-0.34984025,0.55659765,-1.1632773,-1.7705388,0.5219659,-0.5142854,0.0067699254,-0.020549044,0.06233763,-0.24734852,0.23228842,-0.13311411,0.11153484,0.7856589,0.14842193,0.7067666,0.3048101,0.013985071
0.5763885,-0.045551833,0.10876162,1.9626833,-0.079451084,-0.7994077,-0.5021554,-0.5536969,0.3490172,-0.7209345,-0.031246107,0.4885,0.51153237,0.28976682,0.37001762,0.90448767,0.7405518,-0.1362219,-2.5249574,-0.0565674,-0.020352319,0.032945417,0.000394044,-0.17706327,0.3401225,0.076472886,-0.10752167,0.097271055,-0.13391225,-0.19011804,0.80952656
-0.5411102,2.003798,0.054911714,1.4024854,2.619814,-0.06139687,0.159457,-0.0037054494,0.015992174,-0.8937047,0.16094778,0.030489039,-0.08695651,0.720033,-0.20121129,-0.5517315,0.16123797,0.3814327,0.7188215,-0.023809262,0.045924857,0.024149835,-0.2588263,0.1849261,-0.06782709,0.13051143,0.19559172,0.31646445,0.0779434,0.27547106,0.17473626
0.29242954,-0.046247322,-0.74219865,0.03197061,-0.47283456,-0.6291614,0.39984697,0.08047191,-0.39321882,0.07707023,0.09741585,-0.60695344,-0.17642155,-2.6696334,-0.2766265,-0.5054809,-0.42015818,0.35614017,2.6054063,0.05856762,0.043984838,0.008364737,-0.15101117,0.15843233,0.13042277,0.4110755,0.6123371,0.030646294,0.57415533,0.011667108,0.24185807
-0.02689975,0.14790979,-0.47727025,-0.20853898,-0.2434068,-1.0027206,1.8631567,-0.32507026,-0.38316005,0.95038193,-0.49958798,-0.33016196,0.28191596,0.07104723,-0.06310346,-0.56253713,1.2041068,0.13607603,1.3995595,0.051663823,0.038952343,-0.04699719,-0.12597667,0.060026906,0.1723895,0.18894115,0.071099065,-0.21220505,-0.006688008,0.34452552,-0.108161636
0.27568734,0.11676587,-0.94632876,0.14821449,-0.14834987,-0.6701387,0.116595715,0.23174033,-0.6297653,-0.45700252,-0.538474,-0.5646018,-0.19610307,2.416801,-0.5439582,1.779376,1.2213373,0.05320491,-0.022594105,-0.04963816,0.01766967,-0.016957112,-0.011268144,-0.2439095,-0.34733996,-0.13166058,0.09689163,-0.17722826,-0.43080428,0.09612545,-1.2541755
0.27149788,-0.19898003,-0.4368385,-1.2343732,-0.041413177,0.9659594,0.38721818,0.26019603,0.29654294,2.509706,0.33477753,0.29731604,-0.2893487,1.5704705,0.039552316,1.5931925,6.1014876,0.09939587,1.4156313,0.0037372857,0.015176117,0.051408708,-0.04885934,-0.022963222,0.38296002,0.06002881,-0.43537375,0.19819114,-0.08324415,0.07473094,0.13821737
0.00012909896,-0.36309564,0.1907626,-0.7022638,-0.4073568,-0.017569985,1.0571587,-0.18611367,-0.22482966,-0.018419456,-0.478362,-0.2604309,0.08102947,-0.81109405,0.15682822,0.43403107,-0.33239874,0.1066222,1.7165962,-0.051906362,0.005633585,-0.04694102,-0.101250164,0.31981277,0.68549186,0.39620253,0.099496916,-0.21375647,-0.63121367,0.30831093,-1.0052093
0.5538185,0.15416971,-0.7845467,0.336208,1.3050698,0.33184457,-0.49055862,0.8587106,0.08579056,-1.1877853,0.75474423,0.0043627773,-0.8598628,-0.8702428,-0.43808657,2.464827,-1.1049737,0.10707805,0.5048221,0.0142169595,0.008492388,-0.052472107,-0.07609335,-0.013471126,0.44827536,0.014950396,-0.292215,0.43247017,0.39308128,-0.011675979,-0.2871315
0.10391019,-0.12173516,-0.22517489,-0.071492225,-0.52299255,-0.38988358,0.6708193,0.32815838,1.2339334,-1.2674811,1.1685536,1.2787465,-0.38959473,-0.753093,0.53002226,0.73083466,0.084992915,-0.24224491,-0.21902391,0.058987387,0.003316611,-0.03384307,0.106030434,-0.20339014,0.02016101,-0.3024411,-0.30204675,-0.09358426,-0.69676185,-0.42830142,-0.35140702
-0.0320768,0.038137164,0.033346787,0.6112389,-0.13781899,-0.45474306,0.9030656,0.32576397,0.42511347,-0.52320725,0.5891683,0.39135975,-0.35151997,-1.8748579,0.444021,-0.009300781,-0.5379039,0.054720808,1.9811759,0.044510804,0.056176417,-0.022876382,0.05510739,0.06333155,-0.05659649,0.2545508,-0.1525458,-0.41624132,0.34885615,-0.0310839,0.13500881
-0.05397319,-0.289827,0.3379161,-0.9249318,1.08851,0.37356827,0.44181415,0.106455706,-0.105979815,0.65536946,-0.32021374,-0.045573443,-0.035603795,1.3462296,-0.59016055,1.1527331,1.1427212,-0.3679042,-3.5094485,0.04488106,-0.05709073,-0.0021259487,0.11078442,-0.2403363,-0.23900242,-0.12694152,0.22367306,0.46185818,0.28571194,0.14303009,-0.797422
-0.091250986,0.34455788,-0.3929842,0.34787825,0.2772678,-0.052179385,-0.1403771,0.9068496,-0.21813403,-2.1065965,0.48665285,-0.18849842,-0.8371345,0.88312006,-0.7882549,0.3716831,-0.84395784,0.13438009,0.4259683,0.04654807,-0.059796795,0.036067143,-0.06221377,0.10418628,0.076500766,0.13546455,0.26729694,0.023596881,-0.043819062,0.123987235,-0.02801133
0.33808684,0.07236175,0.32002777,2.6702545,1.4176731,-0.7165279,0.24239191,0.17147227,-0.07409064,-3.2205667,0.25309354,-0.04339583,-0.18213065,-1.178575,-0.20453443,-0.5961151,-0.77404207,0.1975238,0.021416172,-0.038527966,-0.007974654,-0.060876317,-0.04302327,0.014951498,0.23081085,-0.40175503,-0.6548804,-0.24830262,-0.24653597,-0.28500178,-0.7245125
-0.10525123,0.9930361,-0.22336808,1.5921553,0.12736607,-1.1795043,0.17773473,-0.7300845,-0.43895936,-1.4029156,-0.8990503,-0.5341887,0.5528201,0.72198915,0.45151517,-1.2731255,1.7874728,0.20974937,1.7062328,0.031562574,-0.048633136,-0.033033095,-0.24416958,0.0018877226,0.12377068,-0.076359674,0.48613805,0.4942202,-0.12945038,0.31303075,-0.5389524
0.44022396,0.5689695,-0.9740844,0.39796376,-0.41711274,-0.29697996,-1.0187867,-0.74493253,-0.13773298,-0.24084388,-0.766828,-0.104105935,0.8072915,0.6055944,0.65952605,-0.53449535,-0.37643686,-0.016370429,0.14927246,0.007867403,0.029113851,0.0077171326,0.07770422,0.23218273,-0.58893573,0.37739933,0.19547263,0.04815968,0.90935475,0.117182575,0.48135883
0.27673736,0.08568792,0.015860744,0.8651473,0.77183807,-0.11066257,0.32922438,0.10829556,-0.3491114,-1.2192363,-0.6217381,-0.4670105,-0.30638453,-0.05423265,-0.32245198,-1.6984786,-7.065199,0.284035,0.08873358,-0.061974928,0.04536575,-0.0024935678,-0.15157193,0.25955,-0.013347142,0.19087388,-0.26392308,-0.019478638,0.4736755,-0.26468393,-0.5319013
-0.6137384,-0.114699766,0.4275183,-0.21022111,0.5307451,-0.036975976,0.69042164,0.33518267,0.0055605443,1.1812329,-0.050144847,0.095363684,-0.31738108,-0.47904557,-0.23646636,0.44768447,0.31768084,0.0022470497,-2.2071452,0.026884481,0.026157409,0.037478775,-0.21245284,0.2326249,0.3501527,0.26035315,0.5527817,-0.11774203,0.12921797,0.2918904,-0.27406082
-0.13363922,-0.1575729,0.41695592,0.8642323,-0.24369663,-0.12667927,0.28277484,-0.44955596,0.28290686,1.0999583,-0.2369216,0.29126933,0.5099942,-1.125821,0.74465615,-0.14425844,0.019229826,0.10453578,1.5547581,-0.017068572,-0.050555013,0.035407253,-0.099681914,-0.25985232,0.18671718,-0.05609703,0.27005708,-0.37503347,-0.22750099,0.31387416,-2.0020468
0.074175335,0.08475496,-0.39287657,0.3555745,-1.0115677,0.08649431,0.35483888,-0.5224206,0.7238658,3.2316732,-0.14014716,0.5133565,0.6531092,-0.116899095,0.7411921,-0.91393125,1.0503163,0.3345393,2.978414,-0.0038265362,-0.05452977,-0.03202197,-0.0715842,0.0041190786,0.42843738,0.18620062,0.06297293,-0.10597748,-0.67844474,0.68007034,0.5855162
0.25723398,0.19778293,-0.46675247,0.6985711,0.54256576,0.25356573,-0.24407612,-0.18182905,-0.9374972,-1.2097459,-0.9555505,-0.9319567,0.2176143,-0.33734477,-0.38770393,1.518237,-2.047972,-0.054826308,-1.3750951,0.05730749,0.020246014,0.032249354,-0.063926876,0.032213207,0.549192,-0.09471599,0.052696116,0.12483028,0.2939926,-0.089848936,-0.29515448
0.721688,0.35269043,-1.6044934,0.18437858,0.2774183,-0.2919489,-0.8743622,0.32000813,-0.28293234,-0.6557846,0.27943835,-0.25426456,-0.49466577,0.7494447,-0.36152598,0.5602681,0.8714601,-0.37876916,-1.6683161,-0.009351559,0.03923803,-0.032539412,0.22730047,-0.41348466,-0.4512939,-0.29674995,-0.065757275,0.047393315,1.0035958,-0.6008064,-0.2989791
0.3604328,0.2174087,-0.96373355,0.44961798,0.7193592,-0.70127404,-0.07802869,-0.16418798,0.35259935,2.654704,0.022049941,0.3163123,0.37083519,-0.48048306,0.13315271,-0.60610574,0.8560788,0.19386694,2.7455919,0.057439968,0.0446186,-0.0148240775,-0.03840645,0.24045108,0.22224516,0.23192115,-0.08970315,-0.038001858,0.5034717,0.103643484,-0.21071684
0.52609897,-0.34865743,-1.2356975,-0.18072502,0.19458984,0.09943359,0.118051566,0.94600374,-0.3677778,-0.32347524,0.03393093,-0.42152116,-0.90838236,0.13621981,-0.6815322,0.90910774,0.8932033,-0.106073864,1.030543,-0.05686272,0.021420635,-0.0119326785,0.10993249,-0.36794728,0.00908786,-0.23218265,-0.36419272,-0.41519922,-0.098884255,-0.32601514,-0.65494174
-0.19054992,-0.57539713,0.89041126,-0.43792465,-0.8069978,0.2043957,0.4074169,0.30664322,0.92410535,-0.47116175,0.8460147,0.89565706,-0.26041183,-0.4953902,0.2743715,0.2387036,-0.5883152,-0.1624156,0.46605435,0.027391963,0.03491599,0.032496206,0.0749584,0.14898087,-0.1371809,-0.18471216,-0.33444756,0.5465824,0.53825974,-0.41240734,-0.036361896
-0.55410707,-0.2418329,0.8536415,0.43312055,-0.8147321,0.24436821,-0.66173506,0.15054567,-0.35264194,1.0040339,0.016040053,-0.43734524,-0.2525048,-1.1067013,-0.3213581,1.6552964,0.20945585,-0.037434835,1.6408082,0.0059354156,0.016084626,-0.038840555,-0.00986642,-0.08515178,0.4881077,0.020124665,0.1917474,-0.13922124,-0.031237055,-0.10230019,0.59795374
0.017352888,0.5252402,-0.3919218,1.2977927,1.5510336,0.08452413,0.98726845,0.09196503,0.14934702,1.6153224,-0.23882988,0.032492388,0.06672706,-0.041956708,0.38726634,-1.1046196,-1.3446379,0.5457643,2.3552475,0.019367017,0.048002057,0.022967651,-0.23174089,0.3110975,0.023729362,0.14658153,-0.07117358,0.58403265,-0.3908383,-0.20944862,0.5227067
0.34812614,0.11805257,0.17489733,-0.43654662,-0.22616832,0.3052317,0.528975,0.2659563,0.13799368,-0.10328433,0.5902908,-0.00062622793,-0.34403026,-0.5674433,-0.1753618,0.83324647,-0.09273137,-0.16982815,0.43048635,-0.055543028,0.046285115,-0.011387423,0.14675121,-0.14517574,-0.3505171,-0.14528103,0.6219995,-0.2899915,-0.43556127,-0.03989723,0.54893017
0.030292468,0.16801754,0.36544827,-0.21080472,-0.41176438,-0.23631217,0.74569523,0.27015144,0.09061281,3.7089362,0.2596992,-0.023156974,-0.20906939,0.280749,-0.020970464,-2.1237674,2.0384889,0.14023852,-0.0025200574,0.040115803,0.008281581,0.0552717,-0.07386088,-0.092614934,0.2997415,0.12971403,0.4618295,-0.51355433,-0.3184014,0.22224046,-0.42556155
-0.20822121,-0.29888016,0.61168545,-0.46128663,-0.11866336,0.023631014,0.471441,0.17738768,0.22336684,0.9078016,-0.04791245,0.12327582,-0.15069167,-0.38710108,0.17726997,0.5536614,1.3244212,-0.075369224,1.6134369,0.039543964,-0.04886487,0.020160832,0.10367927,0.07385307,-0.24602018,-0.028284483,-0.39601275,0.071464725,6.564652e-05,0.23300245,0.40737852
-0.34506887,0.23057507,-0.08631498,-0.3019157,-0.34928632,-0.54899,0.65659314,0.579898,-0.07146107,-1.997532,0.67780405,-0.20118083,-0.74215436,-1.3878461,-0.7257974,-0.6719447,2.2682447,0.00423535,-2.104665,0.039361462,0.05448764,-0.003523372,-0.17708522,0.13863072,0.22504841,0.1666779,0.26150167,-0.21217619,-0.53320307,0.7722406,-0.17305757
0.4427877,-0.734771,-0.12871622,-0.86531264,-0.4311194,0.21638216,-0.14134964,-0.48579755,0.18138582,1.6145576,-0.4899348,0.09519919,0.37170732,0.3477229,0.46952313,2.992185,-0.23298156,-0.33830202,0.97864646,-0.059898563,-0.05310548,-0.043808967,0.33144674,-0.2838115,0.028400108,-0.12590693,-0.45376322,0.262698,0.04045982,-0.38510787,0.08605441
-0.9234294,0.01737192,1.5614052,0.56101346,0.11158495,0.6089988,-0.31984723,0.2943426,-0.15021472,-2.541622,0.23027942,-0.17927842,-0.23285818,1.086366,-0.20861384,1.098879,-0.07052843,0.13183327,0.57573855,0.01697994,-0.00921949,0.051520035,-0.18123074,-0.16866553,0.23658647,-0.25962737,0.11472837,-0.02462103,-0.46887618,0.31306723,-0.044183
-0.94914854,0.41568807,0.7857267,-0.005909809,-0.30720174,0.04593071,0.40323636,0.43158245,-0.20058271,-2.1143534,0.47395432,-0.13325651,-0.45450717,0.8077847,-0.3585892,0.52395624,1.3494848,0.25589773,0.5373143,-0.060987525,0.02512467,-0.033570193,-0.28315848,0.18471101,0.122033246,-0.17694879,-0.16957547,0.30444783,0.4321554,0.5726415,-0.0883612
-0.68005705,0.26870084,0.7684739,1.2034742,-0.15587525,-0.87038666,0.012782695,0.5714895,0.07099132,0.65404683,0.517344,-0.073581085,-0.49634692,0.12501839,0.3329849,-1.1608487,0.18104897,0.013302347,-2.2442453,0.0081579685,-0.025331937,-0.03331259,-0.001618416,0.18744744,0.14119038,0.031097915,0.117579594,-0.14968681,-0.45976776,-0.0035799977,0.62808174
0.93114436,0.2875262,-1.317777,0.6112152,-0.46083623,-1.0011848,-1.4327072,-0.12508453,0.055229098,-0.2634809,-0.07669573,0.09232454,0.21376698,1.8193222,0.40140224,0.18983221,-0.6590995,0.0014380951,1.4825805,-0.038490877,0.047562674,0.00037322938,0.17162809,-0.024898687,0.20101386,0.1639754,-0.117296934,0.012409313,0.07216945,-0.4864787,0.095184416
-0.47305512,1.0746641,0.4620603,0.82210356,2.950608,-0.9810422,0.95550054,0.3262091,0.7416127,-0.5779605,0.88011354,0.62115526,-0.4003366,0.178624,0.34273538,-0.06973988,-0.13722262,-0.009659366,-0.11494084,0.033982456,0.02584821,0.056001194,0.034594268,0.17770198,-0.6168956,-0.04077146,0.23639159,-0.0053976746,-0.37130302,0.034923036,0.26434395
0.501709,-0.36936125,-0.28092942,2.13413,0.31748217,-0.75633556,0.5308227,-0.2727337,0.093957014,-1.9327363,-0.037641205,0.14732961,0.25477988,-2.3570404,0.43289647,-4.435302,-0.5241467,0.2583681,2.2947161,0.05651258,-0.050322868,0.015434541,-0.059501857,-0.17674343,0.68205154,-0.09141376,-0.09703694,-0.45818555,-0.076466836,-0.102955885,-1.0941951
-0.3218108,-0.033192646,0.58276576,0.14769457,0.50327975,0.96781963,0.46944916,0.020159911,-0.22922337,-0.10270578,-0.12966207,-0.35038272,0.028058704,-0.7865775,0.00084109354,0.23180781,-1.1317952,0.2358551,1.1194551,0.057148598,-0.06029845,0.06088593,-0.09862984,0.30224904,0.2772154,0.031996142,0.10941731,0.14909124,-0.05437219,-0.18305828,0.2267421
0.29288006,0.010269545,0.31421843,0.5706307,0.23197474,0.124878205,0.51132506,0.33437046,0.3347524,-5.3701906,0.29813597,0.37390915,-0.4348764,1.2972436,-0.17149884,1.9155576,-4.736078,0.35402438,0.3009177,-0.01805327,0.057295218,0.014974311,-0.29041815,0.006270841,0.57778424,-0.49069104,-0.09234453,0.19487166,-0.16099046,0.26463938,-0.1093917
-0.028232114,0.39362723,-0.36802202,0.20769368,0.088934034,0.35315382,-0.22982483,0.34894702,0.011758871,-1.0002681,0.4429044,0.113421746,-0.48879704,-0.16122042,-0.3708986,0.5431725,-0.098079175,-0.038207747,1.3762995,-0.047623135,-0.050402477,0.01280202,0.14612061,-0.16183783,-0.006431284,-0.16575447,-0.10861061,-0.12843224,-0.32868192,-0.2472266,-0.26479682
-0.33697742,0.23138307,0.8549827,1.355138,-0.30650988,-0.45113653,-1.0130969,-0.53940314,-0.5205592,-0.22005454,-0.7128829,-0.37290794,0.64380443,1.3180227,0.06276372,0.17804207,0.38328826,-0.17777915,-3.3044858,-0.03254509,0.04656548,-0.032196216,0.07628322,-0.25467408,0.22153747,-0.13224047,-0.17872956,-0.18031433,-0.25608888,-0.113111004,-0.16053382
0.37090594,-0.04031874,-0.14585851,0.8014807,0.104790755,-0.3542173,0.6564348,-0.7159127,0.015110953,-4.873332,-0.26685804,0.15560947,0.5764592,1.084773,0.7145547,0.6341464,-0.8764962,0.17277011,0.22839344,-0.053019024,0.029815279,-0.044346996,-0.1297287,0.11987232,0.13432902,0.109506525,0.31989747,0.059592567,0.45657867,-0.10627794,-0.38817757
0.0050631324,-0.17941324,-0.4275978,-0.35250884,0.22218904,0.1891464,0.05722787,-0.06627905,-0.5102648,-1.139976,-0.23410343,-0.52943003,0.028549097,0.24164905,-0.28167155,-0.20290011,-0.026625825,-0.31349516,-1.8880206,-0.019797802,0.020850472,0.018497929,0.031029025,-0.28082022,0.18429229,0.006533706,0.09211442,-0.1008706,0.34421623,0.18007562,0.009793413
0.17684501,0.24705437,-0.20549256,0.021465892,-0.23504809,0.31877756,0.7518813,0.54818267,-0.47271755,0.52226907,0.033436254,-0.49034482,-0.49538034,-1.1859556,-0.8249259,-2.3979564,2.5863984,-0.066806205,-0.06424476,-0.05164054,0.014001884,-0.057412498,0.051981397,-0.59540445,0.011440004,-0.45931825,0.28498635,-0.32588536,0.015804335,0.10494717,-0.072359465
-0.44913855,0.13575476,0.13525711,0.27024156,-0.90356296,-0.090366274,0.5411093,-0.4631426,0.6409901,-1.5077997,0.60861456,0.87486076,0.29022503,-1.349226,0.7831084,-1.5663605,-2.6639054,0.32657456,0.18654317,0.019132838,0.05068539,-0.019610368,-0.22020927,0.38895229,0.18621802,0.27130163,0.2531624,0.3754652,0.33759797,0.049767274,-0.48952127
0.6651338,-0.019165674,-0.610691,-0.121614486,-0.171409,-0.3359448,-0.5674924,-0.0015300827,-0.07280861,-2.903725,0.075769,0.018484022,-0.14110214,0.6614969,-0.23152286,-0.77050555,1.84467,0.11516146,1.4015727,-0.040754102,0.00042448938,-0.0012514144,-0.07400984,-0.008512853,-0.022523742,0.26432028,0.036319394,0.31703004,0.79897815,0.22073269,-0.13247448
-1.1019889,0.20030285,0.9476417,0.67287797,-0.010020702,-0.32117143,-0.5224211,0.11347285,0.7748093,1.646187,0.3209763,0.61062795,-0.14630747,-1.1064354,0.3070328,-1.9230579,-2.2399116,0.08275064,-0.6004518,-0.043268517,-0.051257774,-0.025216252,-0.058233067,0.14439316,-0.6867978,-0.060147762,0.34462905,0.10254536,0.22488952,0.16037749,-0.11030488
0.111857556,0.021584012,-0.63263637,-0.19260263,-0.8662825,-0.7589286,0.19134876,-0.23055476,-0.7354963,1.0794952,-0.7203586,-0.58370423,0.28440514,0.4495267,-0.31432086,0.6394771,1.127112,0.14101562,0.3293352,0.02603931,0.0581586,-0.03210061,-0.07267887,0.2760679,0.044042226,0.21185921,0.017587932,0.044315822,0.09191778,0.11189839,-0.6971639
0.5043659,-0.43172598,-0.6269024,-1.4739281,-1.01291,0.24732235,-0.09312958,0.64227253,-0.011308534,-1.7193593,0.17640576,-0.036236543,-0.6492637,0.7704259,-0.7850189,0.731836,2.3437228,0.0047784545,-0.44045305,0.057953157,0.0501422,-0.041626133,-0.07461584,-0.23588033,0.3958643,-0.044278417,0.22060719,-0.52297395,0.18165937,0.18017879,-0.33170515
-0.34828374,0.015984958,-0.08454994,-0.124950826,0.43986169,0.39530537,-0.25139183,-0.046291415,0.28432295,-0.2748281,0.33909467,0.24349546,0.13333707,-1.0312859,-0.13838527,-1.6290147,0.5033591,-0.020429073,0.39945453,0.015647009,-0.02398441,-0.05537436,0.040936653,-0.109107584,-0.11227058,-0.2892641,-0.10720023,-0.14910486,0.07756092,0.42867783,-0.023065224
0.26819703,0.56681055,-0.22417417,0.5087762,-0.03247557,-0.43822086,0.06599066,0.09927264,-0.047913883,1.7408612,-0.23642999,-0.24578884,-0.07443194,-1.1423154,0.13198124,-1.2750314,-0.56486243,0.25423503,1.0255258,0.055696286,0.045854546,0.041425608,-0.015772829,-0.022592576,0.028065685,-0.008102226,-0.007618068,0.03214469,0.39620033,-0.12217065,0.6726552
-1.0015774,-0.5667453,0.9035785,-0.3824782,-0.9014148,0.4201182,-0.6344003,-0.53199285,0.117513746,0.04340096,-0.42730144,0.21141608,0.54760563,0.9259462,0.044478357,0.85731304,0.34014705,-0.41607156,-1.8351061,-0.05944179,0.046259552,-0.016394034,0.21108465,-0.28484792,-0.21168901,-0.08983838,0.08355606,-0.14857179,0.1871821,-0.22039203,1.9946941
-0.5501712,0.18844631,1.2878723,0.49629986,-0.99664617,-0.14702661,0.48529035,-0.7184375,-0.38212594,0.9988705,-0.82944703,-0.5384068,0.72502476,-0.75752085,0.14781608,0.005863718,0.17873873,-0.13294998,2.9669056,-0.052664556,0.008992486,0.04095959,0.053034667,0.1623873,-0.08535258,0.20725352,0.13667077,-0.70240796,-0.40233728,0.34341273,-0.305447
-0.39764866,-0.576706,0.3442572,-0.6615812,-0.2606067,0.3305827,0.20070326,-0.78421974,1.0690944,-2.3865964,0.32459012,1.0667962,0.758989,0.2882357,1.2991122,0.7673088,-2.1887069,-0.18011613,0.072478466,-0.030952454,0.0018448234,0.021947265,0.21326311,-0.03862445,-0.34919655,0.17260426,0.61014485,0.32052335,0.7598721,-0.18865675,1.1383357
0.2767063,0.9919488,-0.39584422,2.0785112,-0.11188179,-0.8043022,0.05402257,-0.25303033,-0.31005388,0.54157835,-0.26307622,-0.38180652,0.43460107,-1.7348464,0.40586007,-1.5060918,1.7194965,0.08853065,-0.50138855,0.030865945,0.017392136,0.060672194,-0.2733398,0.068039365,0.40209168,-0.07544562,0.05502406,-0.58426,-0.492607,0.116791286,-0.348317
-0.8294197,0.24310103,1.0367122,-1.3328683,0.9569018,1.1578063,0.8726753,-0.35501292,0.22175056,-0.87835306,0.06757487,0.3085798,0.2925706,0.95128924,0.0012878085,0.108063035,1.0051196,-0.3338206,-2.1026375,-0.027014233,0.058622733,0.025031783,0.018631298,-0.21645078,-0.2377304,-0.3859154,0.13104844,-0.34947938,-0.07309334,0.1468848,0.21670133
-0.22531532,-0.46411574,-0.7947666,-1.2970587,0.02116328,0.55874103,0.93959296,-0.033200044,0.00027009434,2.078137,-0.52001584,-0.061575953,0.29508165,-0.7403359,0.4748358,-1.8859187,1.5364242,0.6060365,2.8939717,0.00351163,0.059025288,-0.026899211,-0.22236572,0.33510855,0.2369752,0.23957796,0.1470014,0.63957477,0.076628685,0.50314176,0.6697887
0.58843756,0.44884795,-0.905933,0.28894982,-0.8606457,-0.7928033,-0.2373872,-0.1843819,-0.18753043,-1.4257535,-0.36985084,-0.25782797,0.07379631,-1.4656082,-0.04828109,0.35609663,0.25957552,0.02007228,-0.8008474,0.04674822,0.055988967,-0.059477195,-0.012511613,-0.18320143,-0.19689365,-0.09044241,-0.019475106,-0.0105969785,0.4505532,-0.24551302,-0.615566
-0.3576256,-0.19164512,-0.2066217,0.47902402,-1.3203624,0.1361863,-0.4515016,-0.15657091,-0.08728545,0.32798856,-0.07720298,-0.08774063,0.01816984,-0.52196056,0.19108088,-1.0652915,-0.4750393,-0.16213074,-0.9495301,0.027589805,-0.044427447,0.03367909,-0.03996392,0.10761839,0.28801522,0.29780456,-0.10346059,0.117348775,-0.021934064,-0.22105013,0.73575956
0.00439349,0.7647643,-0.49698493,-0.17209432,1.1954508,0.6017882,-0.18548484,-0.3233933,0.37982786,0.3686906,0.13187897,0.52326685,0.33005035,2.0398011,0.51152205,0.45865265,-0.45687693,-0.124212764,0.21598586,-0.061839886,0.047482118,-0.005472012,0.11648812,-0.3441877,-0.46590468,-0.5312992,-0.23641583,-0.044100657,0.6992145,-0.09175009,-0.33341774
0.3533905,-0.05253225,-0.5847442,0.19369303,0.88839114,-0.047373813,0.22869045,0.39406225,0.035156436,0.14617665,0.66801983,-0.09352472,-0.46446335,-0.5660198,-0.117491655,-1.3330939,-0.6640487,0.41890424,2.2390535,-0.041418433,-0.039631583,-0.0082151,-0.18023401,0.21465136,0.15253867,0.37119338,0.04957891,0.10065284,0.48266125,0.24493925,-0.8987806
-1.165029,0.49538943,0.48835975,-0.4218067,-0.268147,0.8472479,1.2109294,-0.75165635,-0.11411426,-1.6321372,-0.4230671,0.078905985,0.6898922,0.7016441,0.5829275,0.29298824,-1.259107,0.18708777,0.13168581,0.023796119,0.054968685,0.053807855,-0.14368096,0.28395107,0.17500365,0.1669748,-0.06656035,0.1250209,-0.5538392,0.118566565,0.33751592
0.41354373,-0.19956307,-0.6429754,-0.33674905,0.070772015,0.49301335,0.91506445,1.2742597,-0.3029617,-0.3257994,0.83494735,-0.4228148,-1.2461212,0.6627232,-0.6481837,-0.47214937,0.7487222,0.24984561,1.2496338,-0.060385294,0.010654576,-0.0010088161,-0.0036344125,0.24072361,0.5441556,-0.19867519,-0.28128678,-0.42083228,-0.26103282,0.17144689,-0.2671103
0.15336777,-0.62967557,0.056165267,-0.07488937,-0.4299894,-0.27713332,-0.007529332,-0.42127958,0.09315381,-0.9049411,-0.2203382,0.065217316,0.34224284,-1.6347415,0.1772896,0.79827774,-1.0125598,-0.18407868,0.78540605,-0.032468468,0.024386473,0.025668152,0.14539774,-0.056041177,0.07194768,0.21973443,0.42083997,0.066533305,0.49238786,-0.48290616,1.5626307
-0.07533635,1.8958604,-0.1300444,1.0367041,0.26361534,-0.8432694,-0.6892592,-0.8112599,0.36439902,2.0134537,-0.20989238,0.2243611,0.8115992,-0.3978002,0.8267433,-2.1223698,-0.31710282,0.20439856,-0.18988813,0.049936973,0.0039303377,-0.030556008,-0.06763728,0.119378164,-0.8882307,-0.01844376,0.47078395,-0.04656059,-0.12673685,0.4468538,0.8209558
-0.66657853,0.4353063,0.03521224,-1.2805581,0.32988575,1.1189601,-0.62748986,-0.71167034,-0.18078865,-0.39156902,-0.7199885,-0.13090865,0.70832,0.6423871,-0.15280485,0.9188253,0.0102429725,-0.28243318,-0.7209479,-0.037243336,-0.03937996,0.042267643,0.036371816,-0.52920777,-0.3288744,-0.34064296,-0.16000581,0.36785597,-0.17725812,-0.17588545,-0.2214799
-0.36535192,-0.29901847,-0.0087253265,-0.681302,0.30616117,1.3095247,-0.59942436,-0.009194997,-0.4063052,-2.5552616,0.06480591,-0.17858396,-0.14590077,0.5284313,-0.60323775,1.2468339,0.21006076,0.31050315,1.5629288,0.021751381,0.0154949725,0.0043328106,-0.16715048,-0.114679806,0.33069003,-0.27601033,0.23164243,0.17041542,0.53339094,-0.26625568,-1.0368224
0.6460235,-1.0373108,-0.43156278,-0.9044903,-0.33487198,0.75979733,-1.188895,0.33753142,-1.2029228,-0.17731099,-0.46689385,-1.1300288,-0.30228934,-0.8863597,-1.0009793,0.5374256,0.76985806,0.043752193,0.823549,-0.043771446,-0.036468193,0.03686265,-0.06675204,-0.14184254,0.48672384,-0.14235194,-0.37303573,0.105746455,-0.031354472,-0.116484575,-0.45246318
0.32138696,-0.04031522,-0.43117005,0.060226936,-0.38874853,0.30942148,0.58694834,0.27293205,-0.18795715,-0.63199943,-0.09123123,-0.15593731,-0.17233467,0.08690473,-0.46819162,2.7024746,-0.5326956,0.44518575,2.142607,-0.050237924,-0.020166114,-0.0046812966,-0.37706608,0.18804626,0.81806266,0.43095383,0.08778243,-0.3438337,-0.37130418,0.37488255,-0.12654147
0.65364003,-0.5358018,-0.14947782,0.33577535,0.3481802,-0.7066046,-0.10489704,-0.9200263,-0.07661532,-0.60868245,-0.62019104,-0.093561284,0.77172214,-0.8006641,0.70246017,2.4923475,-1.6456866,0.18573605,1.4448895,-0.004398547,0.0063306913,0.017337129,-0.1041055,0.15589112,0.44838732,0.27200326,-0.023143942,0.4187424,0.5119695,-0.15365703,-0.038013097
-0.6872593,-0.045941304,0.5149875,0.24737933,-0.45613837,0.7955202,-0.3049894,0.30858177,-0.3417407,-1.2478763,-0.20216161,-0.3227083,-0.14361197,1.2811891,-0.3068157,0.0037120963,-0.5386383,0.061057437,-0.55922556,0.043106243,-0.033895425,0.025148168,-0.13917507,-0.055698182,0.42143962,0.011025498,-0.0014237883,0.176941,-0.20361204,0.004004036,0.80594033
-0.458489,-0.04902304,1.5454835,1.2387928,-0.52099377,0.115026444,0.7895525,0.122946225,-0.32428572,-1.3867894,0.05878298,-0.35953248,-0.083485134,-0.87576354,0.29938236,-0.38175645,-0.6644145,0.2501471,0.9799552,0.022079773,0.0028600842,-0.05749543,-0.20101558,0.20513417,0.39311993,0.0012393618,-0.08273316,0.40108785,-0.17950742,0.2276766,-0.51314116
